Id,Prob
008f63e3,0.0070596323
01c6e176,0.00095324294
03f7c6e9,0.00093916326
04827a9a,0.000810514
04b11e85,0.0014792939
05072d8e,0.0007969224
05615b6c,0.0014237528
05665390,0.0012056637
06830415,0.0013974281
06f90bea,0.00087288226
07433107,0.0006389396
079e747c,0.0006833389
07a44007,0.0015648521
07e8e63b,0.0015340872
08157ec0,0.020145357
08cda63e,0.00096591463
0901b3db,0.0006183526
0a4bc619,0.0016338581
0a9630a4,0.0009850946
0af1d837,0.00088314386
0b004ec7,0.009665806
0b10ee59,0.00074788823
0b198045,0.00092861394
0b3f580c,0.0008279265
0bbff1f5,0.0010653107
0cfc3580,0.00086898817
0d1dd9cf,0.0007522481
0d208d83,0.0014757927
0d9b0568,0.00107551
0f8bd702,0.000992415
10235460,0.0021733628
10674384,0.0016617229
11619ff1,0.004872247
119d35c6,0.002016576
121160b9,0.0012674648
1261e212,0.0006223646
12c5160e,0.0014546848
1341e8d1,0.0010807501
134e57ff,0.05550578
134f0445,0.0006176762
135b769a,0.0047472
147c66a0,0.0012852032
15f7ea58,0.0039762016
163853c5,0.001290986
1648c117,0.0009845345
16652a46,0.00088835234
1669258f,0.0012064661
16d9d064,0.0011550214
17177aef,0.0025645115
175003c6,0.00094271346
1776be2c,0.0012852858
17c38d19,0.0011281666
17fd4b1d,0.001924995
187aa67c,0.0008198579
18eaa2f8,0.0022723684
198f74bf,0.0010551336
1992c36b,0.0007146826
1a2a2034,0.0012919528
1a4eba9e,0.00081286294
1b57098f,0.0010601408
1c090353,0.0007745779
1c63fc04,0.0010915331
1c6745d2,0.0016200012
1d5fcb28,0.0018814604
1db28341,0.00095856894
1dc898aa,0.0014903545
1ddd8e26,0.00078688795
1ded8f5b,0.0006841293
1ebe7ffe,0.0141830295
2041ea95,0.001328608
20c62af5,0.0007304954
20e5df00,0.0014684119
212ae7f0,0.0018905553
213e0109,0.00067466096
2153c231,0.0010095249
228035b8,0.013809514
228a014b,0.0006139673
22f65ab6,0.001047948
2309fe60,0.00085663336
230bf706,0.0026673423
23745610,0.0006116454
239b0ed2,0.0007845407
2480f5c3,0.0009029338
24fbec45,0.0015735668
251d5ce2,0.0006125762
2533a9a5,0.0008844745
25c0ca47,0.0032326058
27fb60f2,0.0068273037
284d8bfa,0.0013289757
2882df77,0.00085673045
291cea6c,0.0010779394
2a48dfbb,0.0008387356
2ac6b992,0.001068263
2afacb9b,0.45645562
2bf52db3,0.00087692414
2c543883,0.0006771268
2c760000,0.0024533325
2cac6d81,0.0007954206
2ce71c53,0.0010571178
2dbbf604,0.0012034487
2e3ff22e,0.0007446262
2f77a63b,0.0013074384
30309001,0.000641237
3066fd3d,0.0015409808
30873a5a,0.0006458942
31691725,0.00076476665
318c7ac8,0.0010609587
319e1983,0.0008520855
31ecbd73,0.0014593273
31ff572a,0.007708526
328a6c65,0.00087783876
336fd4b0,0.0019117693
34340945,0.0009921285
349156f8,0.00084630435
3551684d,0.00132555
356faec5,0.001680209
35cb12f4,0.0011340788
35cdfc71,0.00074069615
366527f4,0.0010772188
37eae9ef,0.00085386913
38370586,0.001676177
3856bd25,0.0008811745
38806fc0,0.0006078905
38d14015,0.00073710113
391aa82f,0.00089991064
393cf7f9,0.0016603818
3999dd50,0.00144138
39a9ae49,0.0018365033
3a9a50b3,0.0036606446
3b164103,0.008249659
3b614a3d,0.0023183334
3b654100,0.002229062
3cd66fb5,0.001352903
3d41c0ca,0.00069584657
3d602500,0.0008965322
3d75a33b,0.0006169948
3dc28933,0.0033559182
3ea50e49,0.0036963073
3ede07a8,0.0009024789
3f9152ce,0.022715053
3fdf1455,0.0016058956
40241e52,0.0011089636
40d1cb6b,0.0007801225
4154f75f,0.00133297
419f8cd2,0.0013299241
42537329,0.00064956944
4264a40f,0.00066240446
4267fbae,0.0019615951
437bfa2c,0.0007991197
43d45f34,0.0011462932
43edf702,0.00069864874
44558f42,0.000934788
44a87b40,0.00088316796
44b96e35,0.0009293641
44e00070,0.00091429043
457dd6e7,0.0008030625
462e4e66,0.0027584694
46794ef1,0.00085797015
46874b87,0.00074587757
469b495e,0.0010913258
469cc85a,0.0024702966
47228504,0.0009562821
47d62873,0.0010690561
481a88c1,0.0014490458
489d3798,0.0012033152
48c5ad4b,0.00105789
4923baba,0.0016947776
497b9797,0.0010586567
4a250487,0.001033946
4a8ce886,0.00090787315
4afa3393,0.0010562681
4affb95d,0.0018116782
4b155739,0.003368416
4b48fe30,0.0011369431
4c4ca9b5,0.0023773739
4c8c23e1,0.0010014094
4d03bfef,0.0014557545
4d2bb193,0.0013537226
4d7f6111,0.0010355435
4d9aba3b,0.0007338074
4e18b362,0.0009013566
4e36677a,0.009241824
4e3b5fd4,0.0012925311
4e796854,0.0012906719
4e878823,0.0008805295
4e911d9d,0.0008108021
4fc165d6,0.00090774125
50015fcd,0.00080334453
508c11d5,0.0008212285
527d106b,0.000835134
52fe7d33,0.0019157424
53393dbd,0.00070096797
5350394f,0.0010693383
53d22c47,0.0007112646
53e28f47,0.039774813
5499a934,0.0010988995
553fd04a,0.0006470531
559df96f,0.0007007796
55ba6cf0,0.000940472
55bbac4b,0.00075896503
55c182da,0.0038593963
55da60a8,0.000805436
55de0e42,0.0007468307
55ef0196,0.0005065558
5670fb1d,0.008259985
575e5af1,0.0008339909
57b45998,0.00076289667
57d84ac0,0.00063808577
58121ae0,0.00069120055
585624b3,0.0019139433
587055e2,0.0053846724
59905bc5,0.0012451373
59f4a7cf,0.0060175406
5a29f673,0.0007168326
5aa35c97,0.00213917
5c2f5c42,0.007972623
5c3e4f99,0.00072261185
5c45240e,0.0013683985
5c641d02,0.0006552525
5c9ad5e6,0.0009776615
5ce3dc15,0.0019227547
5d461eb1,0.0014749538
5d8168fa,0.0007881363
5da54e2a,0.0009899706
5db48c5e,0.0064277397
5e2ea0b8,0.0008824432
5e4387ce,0.0010392537
5ea9e48f,0.0008915272
5ed12378,0.0007526962
5f484130,0.0009842099
5f59a150,0.000922211
5f7e2ffd,0.00067266077
5fbec113,0.004054565
5fff10f6,0.0010772393
600cb108,0.0016967828
6049a24f,0.0007694707
606ec542,0.0015331301
61789b03,0.0007113774
621756d9,0.0007800965
62426a78,0.0015679304
624e199a,0.00077645277
6256a3e5,0.0009838932
62b3aee1,0.0006396512
62b480e1,0.0006464873
62f04245,0.0007783901
62f4c5fb,0.0014058213
633b4981,0.0050411006
6353b2f7,0.0024498482
63899ad9,0.0010078115
63a4f67c,0.0007602239
63e19543,0.00069742405
654fd2b7,0.0015058216
65a07574,0.00089946826
65a78e87,0.0018009705
65d7951c,0.0009308472
66b2c283,0.00080475124
66fad041,0.0008924638
6749bc36,0.0009769101
6753ce21,0.0012382977
67c593c8,0.00082362193
68147c20,0.0013751894
6842dc76,0.0010865161
684b8b22,0.0039863023
68b02f46,0.0012234622
690cc108,0.0007062619
691128da,0.00064767076
694e6c72,0.0011481871
695d8e0f,0.0009612898
69af39ca,0.0010538478
69d0846b,0.0009798678
69f4121b,0.0014007398
6a285480,0.0008711499
6a359a1b,0.0014435002
6ad38694,0.0010137917
6aeed61c,0.0009319795
6b0120b3,0.0052044927
6b2e1c08,0.0010153479
6b3d3d11,0.0014725233
6bf6c6bb,0.0010389695
6c809c78,0.0006855449
6c98ff7e,0.001044379
6cc3ab1c,0.0010500612
6ce5f8fb,0.0010147367
6d193869,0.00055832905
6e0a24d2,0.002234779
6e163f76,0.00075755967
6e1bbc87,0.00079905614
6e5e4f34,0.0011632484
6e5ea84e,0.0015447682
6ffc4437,0.0020164177
7014633b,0.0019415221
70cd1937,0.0028522103
70d7c567,0.0009989005
70fd5847,0.001756453
71756359,0.0007002288
720191c2,0.0017123284
7263598b,0.0012943101
72d6bfbb,0.0008479059
72de1467,0.0010059682
73347b59,0.0011966377
7367863e,0.00062861625
73783cf8,0.00086510635
739d1898,0.0011686272
73d94ea3,0.0008105171
73e0bd01,0.0008456063
73fceca4,0.0018654312
7405b110,0.0009974616
74371080,0.0010628757
7475d6a7,0.0009734111
749032d9,0.0006729208
74a42ef1,0.00091619015
74fad39b,0.0013118577
7524fd23,0.0012100736
75383a8e,0.0017906826
75874327,0.0009680386
75c255e3,0.0006086369
76034fd0,0.0014576024
766d1c26,0.0009299009
76ac4c02,0.00091870286
77bdc4a7,0.0005765801
78030be4,0.0014004763
780c39e1,0.00091612514
78d38b70,0.00061408966
79255ae0,0.0039930823
79924dfe,0.001844022
7997b6e7,0.0006675686
7a7b297d,0.00068921177
7ae2e889,0.0011429247
7b726748,0.00072045415
7b9e799c,0.0011303513
7c104f04,0.0008381599
7c48cf57,0.00073636574
7cf9ac79,0.0010966858
7d062c2b,0.0010265831
7e063298,0.00086218666
7ef24744,0.0018033235
7ef9689e,0.00058173697
7efd2b92,0.0008382641
7f0d4b9b,0.0011298443
7f775f50,0.0008190528
7f84f1a7,0.0061222618
7fd66b21,0.0008697361
8048c61c,0.00097663
8059b7f4,0.00076495763
81bb8f1e,0.00077118265
829e720d,0.0012687686
82a43473,0.0010390363
82bb53f6,0.00081828673
82ed3eab,0.0013813969
83585d45,0.0006436574
837b6339,0.001900683
8390d932,0.0011279624
83db5f29,0.0019922613
8414217a,0.0015869446
84ea705b,0.002782385
84fbf660,0.00058620726
8519059c,0.0011462774
8545f014,0.001718069
85a5c9c2,0.00072730536
85b29439,0.00287675
85f8f19f,0.00088323234
8605b836,0.00065440405
8606e0bc,0.0011790099
86209d86,0.027707083
8656ffec,0.001360534
867c38f2,0.0011600527
86c74c7e,0.0040221037
86fe4f18,0.38594112
8780d07e,0.004685891
87901eed,0.0009882301
88220e4d,0.001474374
8841c96f,0.0019408967
884590fd,0.00076643005
887ae67a,0.0008473534
89226977,0.0022267555
8957bae6,0.0010285323
89b19618,0.0007390717
89cfe848,0.0024732207
8a0ce899,0.0066723307
8a471a4a,0.001440283
8ae493f2,0.00068123185
8b0cee45,0.0028702044
8baf0811,0.0009643224
8bc6abda,0.00079718523
8c5ba94a,0.0019323564
8c92619c,0.0009776186
8c964bb2,0.00067579135
8d81b828,0.00076029554
8dc6d841,0.00079551653
8e65cea9,0.0006251247
8f0416e8,0.0008107453
8f357344,0.0007710019
8f89a4be,0.0010050357
8fae2697,0.0005764172
8fc3393d,0.001033267
8fd9033c,0.00097650057
8fef4536,0.0010304463
909637a6,0.0010201077
90dda81b,0.0008840704
9124e664,0.0010581979
91763ded,0.00081552094
91e523a5,0.0028127413
920c2732,0.0012197318
921654a9,0.0028179488
921d3574,0.00087232975
927e9977,0.00083319534
92d20f64,0.0023795313
92d2d691,0.0006581113
9332774c,0.001253603
934b4465,0.0017986352
9354fb19,0.0014062745
937522be,0.0010885254
93911d43,0.0012358044
93a3dcf8,0.0013878484
9441e668,0.0019104687
945de5f3,0.0026422988
947b8cca,0.0018342756
948d0f4b,0.0009480714
94d6b27c,0.00066573406
95a7a675,0.0014359184
95fafda4,0.0027259118
9667a11d,0.001613241
96827105,0.005129527
9736e586,0.00062275736
97525641,0.0020953105
97837c4e,0.0016326305
979662d0,0.0022308042
97d24cb5,0.0010467147
97e70fa4,0.0013295524
9822572d,0.0010402189
982966d0,0.00067219586
99306fd7,0.00065927935
997fadd7,0.0025488154
9a85011d,0.0028554695
9aeb2766,0.0011352915
9b753df1,0.00081703113
9b7c31e7,0.0012721089
9bd765d3,0.0024624553
9ca473ca,0.0013955814
9ca8602a,0.0042446274
9cf17956,0.0009096053
9d878bc1,0.0014499768
9dc5efb4,0.0008593771
9e7b420d,0.0005129757
9ec053c0,0.0008045212
9ec29a28,0.0011315375
9eef0839,0.0009109661
9f45f83a,0.00069883885
9f9af133,0.0006611349
a01b9d00,0.00093127304
a01ee7e7,0.00070658774
a09bc43c,0.0013323621
a0a6bf23,0.00058485975
a0b6c998,0.0009736801
a0d26ca2,0.00084473455
a0e37d2c,0.000662693
a12db4d7,0.0009798617
a130e934,0.0011560544
a1939e1f,0.0007449087
a1b43308,0.0009822072
a1bfbd12,0.0013593897
a1ff36b0,0.0030358573
a23c6a2c,0.0013793802
a2586b3a,0.00066416746
a30c3204,0.0014873163
a31b6995,0.002729287
a408aa83,0.0007238821
a47cee9d,0.0011531645
a58a4579,0.00057231577
a5a50bf5,0.0007150887
a5fd6487,0.000886727
a6bb33d4,0.0009294912
a6caadbf,0.0008222622
a6d8aa63,0.0008089284
a79df0df,0.0011175228
a7b60ae0,0.0015875319
a7c36e53,0.00077513873
a875b631,0.00091693026
a884176f,0.0020662025
a8f57f7a,0.0008712382
a94d28b0,0.00100119
a9d627af,0.0007827869
aa0b24ef,0.0007395846
aa3115a0,0.00095864566
aa458fc2,0.0010432344
ab70ea22,0.0008297307
ab8408b2,0.0028051347
abaf4275,0.0008304268
abc50402,0.001063446
ac0036c3,0.00068676384
ac1cafcd,0.0016184102
ac83dc0a,0.0012696824
acd6b682,0.0016880367
ad11c165,0.001931372
ad19eca7,0.003438697
add2a7df,0.0008974274
ae0dcc3b,0.0006110872
aee5bc2a,0.0006859158
aefc92f2,0.0025584823
af02afd3,0.001295583
af202eef,0.0021223612
af473dfd,0.0035694623
b0022775,0.0006486783
b0063d4f,0.0017446023
b01755f7,0.0045902194
b07f65ef,0.0009919215
b0a2f554,0.0012636742
b0ad7b7c,0.0032381988
b0b00a3a,0.0028754482
b0e2843d,0.0009706865
b13c2e75,0.0006538729
b19967ba,0.00082561694
b1c850fc,0.0012366334
b1fdbd7d,0.0006643131
b3029b5b,0.002920481
b4ad8680,0.001918264
b58e41eb,0.0014488768
b695cfaa,0.0020964006
b76c7cde,0.001123572
b7a92ebc,0.0006713223
b825ae1c,0.026374172
b89252de,0.00059097057
b9229a95,0.0009819069
b9246a43,0.0013860759
b946d207,0.0008634803
b9b58079,0.0007044063
ba58f9e5,0.00064725295
bab943b4,0.0006800969
bb5166e7,0.0014062948
bb69c8f1,0.00064853794
bba147cf,0.0006206166
bc749273,0.0009157931
bc77d834,0.0013225361
bd86183a,0.0015447764
bedc5a2a,0.0007200626
bf0d9e83,0.0028504748
bf33bb7f,0.0009795242
bf9968d8,0.0006428681
bfe1f62c,0.0006223441
bff0a2e2,0.0013545327
c0968fc0,0.0006309012
c0f1a3b8,0.003090021
c1400407,0.002275863
c14e2581,0.0008031558
c168b452,0.0013682526
c174a794,0.0009854912
c193f1aa,0.001480752
c24a8b22,0.0016328589
c2c66921,0.0030333817
c3014be8,0.0019847816
c30881b5,0.0012087045
c3b1bbab,0.00095071684
c3e2e9e5,0.0013322491
c5e341ba,0.0008173103
c61b2b81,0.0019391793
c72e0e15,0.0008670065
c74af9cf,0.0007444435
c7c1cf69,0.0012930372
c7cee2f0,0.0070526307
c8505f9b,0.0007576066
c88db4ed,0.0010370768
c8a6cc20,0.0010880932
c9148c88,0.003172568
c9d4dbc6,0.0007096839
c9fdddd7,0.029792907
ca99f3b0,0.00063994696
cad31d61,0.0032384496
cba3c89f,0.0009751432
cc1dca35,0.0008243592
cd3b5043,0.0007812481
cd53e658,0.0006147901
cdaca6e3,0.00080944155
ce9859aa,0.0008061754
cf8af518,0.0007031005
d0304441,0.0023958725
d043ff9f,0.00080531894
d0760e0d,0.0011133548
d099a399,0.0016664856
d1256f6a,0.0008452994
d168e4bc,0.0023589593
d30cce81,0.0012315965
d33eca96,0.00079374464
d3c0d00b,0.0026530444
d3c1862d,0.06835973
d3e4cb70,0.0021438398
d40306da,0.0019151188
d4b3d8d2,0.0009101021
d55ac878,0.00088651583
d5b141f7,0.00097654434
d6164eb0,0.0012015096
d664b503,0.0007564422
d6a0c52d,0.0010594537
d75614ca,0.0005983014
d7f8824d,0.0007038487
d839e553,0.0038106327
d851fa71,0.0011788252
d892cac6,0.0015763614
d91f9026,0.0019691675
d92d0eec,0.0010967724
d981ee62,0.0017522626
da2f84c5,0.0019274931
da7e0507,0.0031941026
daf3cd80,0.010587549
db3a2405,0.0013937153
dbf85434,0.0013643937
dc29cc30,0.0008713794
dc4a3c05,0.0010013941
dc6f7cfd,0.0008980844
dc8abe3c,0.0006472264
dd307e45,0.0016468061
dda8b46c,0.0023280294
dea147b0,0.0029982792
deb50259,0.011134932
df295c36,0.001302204
dfa5046f,0.00087886734
dfb68b55,0.00077656674
e05c55e4,0.0007168353
e086da7a,0.0009424041
e0b8e387,0.0006189272
e10c11f8,0.0006432278
e2aa5882,0.000989165
e31a8dd3,0.0006662132
e41a5641,0.0006423062
e4ede3f4,0.0013224907
e4eef26b,0.0007955601
e579884d,0.00068318
e5db6f6f,0.0011097736
e5dcf622,0.0013264655
e5fc3379,0.0021755302
e6ab67c2,0.0010157712
e6b801c0,0.0007612965
e72da7e1,0.0018126027
e755887f,0.00097824
e7c565f3,0.0020581
e84031bb,0.0020522752
e86094fd,0.00950098
e88f87d4,0.00082568225
e91e410f,0.00076710887
e96c53a6,0.00074873224
ea2a47a6,0.0028238585
ea641ffa,0.0036078328
ea75780c,0.001529259
eab0f598,0.00073698524
eacdc030,0.0031632413
eaea47df,0.0012755067
eafb8a56,0.368179
eba2167f,0.0015929759
ec05cd67,0.0010393165
ec84cc10,0.0024253596
ecddd8fc,0.00080145936
ecf3d6e9,0.0009667391
ed32d7df,0.0024534247
ed465f1f,0.00083492795
ed6ef02f,0.0015535688
ed8b9c7d,0.0006229455
edfefc3f,0.0014541965
ee6fb060,0.0011048655
ee7058bb,0.00093507936
ee82f80b,0.00071497756
eea41775,0.0009536635
ef4be617,0.00078693335
efad7d63,0.0007080518
efbb5fe0,0.0011049296
eff68a37,0.0007294158
f01dd0a6,0.0009254793
f02edaa2,0.0012965668
f11e79aa,0.0005434145
f163880a,0.0015975487
f1b6e26f,0.0022696846
f1c0d653,0.0006061777
f2a9ab37,0.001197271
f2bb2a2c,0.0009798912
f3914f7c,0.00073163584
f3fd1c22,0.00067029684
f404cd3c,0.0016555262
f4b73d81,0.0010450707
f4e2f1f1,0.0012703756
f50c4179,0.0016619429
f5bcc147,0.001520504
f5ca1a82,0.0013894148
f6410879,0.0010321563
f71c4319,0.002855388
f73a8f61,0.0022097025
f7aa848d,0.00088215945
f7e59043,0.00083408185
f81d371d,0.0008089423
f837fc25,0.0013536904
f851beaf,0.00093605666
f8b08dd6,0.0010674283
f8d57f7a,0.0020931081
f8f33a50,0.0006317189
f92a4a6e,0.0007604347
f980c599,0.001252567
fb2d565c,0.0008650038
fb2f4bcf,0.0014203057
fc157f72,0.00078789005
fc66a299,0.0015939538
fc66f374,0.0010559582
fcc3f3b4,0.0010694436
fcd93e2d,0.00089335284
fcebd471,0.0010329369
fd15fd9c,0.0015534866
fdc74a07,0.0011534957
fe5b0a93,0.00082925457
ff669174,0.0011991321
95876e6f,0.003097121
ac1fdd66,0.0019767429
d4fd8188,0.016440248
7fcf7674,0.0047734617
4dda83ed,0.0026477077
21ada9af,0.0013517187
7e061562,0.0027062022
46da1bb1,0.0010046785
08ecf0a3,0.19196643
3c5655a9,0.0008771059
6e6e9ac1,0.0005633222
9e189f6c,0.0070380894
2624e3fb,0.001047938
ae995650,0.0010387131
8b86c880,0.00067862205
9cf81013,0.0011522521
7e3151d1,0.0020866184
f181af1e,0.00069407065
dbb59e17,0.098552175
5878be5e,0.0009328866
ccf345dc,0.0009088853
1de2f271,0.007364947
1de221bc,0.002044169
7bd685df,0.00095917826
58f33496,0.0019107142
87152487,0.0006769207
a6d8ad54,0.0007294133
20d6c2b3,0.004353616
eabe08c1,0.0008148157
61db4b7e,0.0011625361
90eb627b,0.0006387405
ac1330e2,0.00071669905
c43fbc7a,0.0010252851
aaa87023,0.00074169354
7809de33,0.0010821966
0658eefa,0.0035714372
4be30b25,0.0050583063
12d8899d,0.0009368066
df592eb9,0.0011100301
a72b1356,0.00334055
5e0273f8,0.002425071
913f66d8,0.0011299815
d628e2df,0.0009525175
338d95e6,0.0010919872
e5386efb,0.016181793
3f847927,0.0015099777
b138006a,0.00065685157
d328dd81,0.0028948437
1f6c0e7d,0.003126612
9fbc0567,0.0018892202
ac7cf179,0.0009847615
983f2f05,0.0014719989
bbe56e75,0.00076664303
bc6044d3,0.0012197864
e1de2604,0.0012492083
510c67e5,0.0008348118
e27d6afe,0.0010912847
f56247d6,0.00091342407
8f786c98,0.005531436
fd648211,0.0006554058
b91224b4,0.006371858
0f6b1583,0.00093739503
acf703b6,0.0010348911
9c90b1bf,0.0009335561
a87e8fcb,0.0027542962
5c31b1b6,0.0008394135
3798b891,0.00067699386
77d06ea7,0.002454069
21002991,0.0014175276
77704d90,0.0007751701
94d39a90,0.00081244874
ae502d81,0.0026425326
c93ec7f5,0.017015528
9c0c547c,0.0014219093
538e8a38,0.0010418707
7dfde699,0.0021986628
ad710306,0.0015374604
d5d05921,0.001611233
fffa322c,0.0022361076
7b4a3ae2,0.0021445733
3301f6bb,0.0008247701
675ffa65,0.0021778191
36939f20,0.0012969638
d8f73bfd,0.003605593
5417f08c,0.0012431121
26656b3f,0.00083270995
4b1a8664,0.00080006034
91122090,0.0011369078
b11db787,0.00082126184
ae567386,0.0029736809
1ba0af09,0.00096335274
8dec29e1,0.0009688076
10566fd2,0.0031259626
e35caaf4,0.0018854656
78a271ed,0.0011593302
888ca83a,0.0015370519
1637800d,0.0011010168
1285fc95,0.0013491701
55eec23c,0.0011157761
8e9fc979,0.0013213917
7568e875,0.00071348285
b8baa188,0.0042665307
57c1b831,0.00062029134
90711359,0.06657482
6956ceeb,0.00057999825
29adad20,0.0008607489
25d4599e,0.0017935348
e68f8016,0.0019939742
b0c1d027,0.031790655
3520e45c,0.0013641533
8021953f,0.0016863325
c9b3e2da,0.0016354838
1b6e203f,0.0005797147
249a718d,0.00097603555
94b2a310,0.0014272083
8265e3a7,0.0007547724
ae633fa6,0.0012580898
37129da7,0.0029649537
f78e5f97,0.0035344802
a9e86784,0.0006993928
0bcf8a6f,0.00091434666
7d438298,0.0008966945
872c49e0,0.0030211706
24677267,0.0010364229
38892138,0.0006295362
4b4e4afc,0.004208148
ccf59181,0.0010941619
e669cae7,0.0026023423
6f02a819,0.003749207
43fb672c,0.0009810154
adf645a6,0.9528059
a3d82a38,0.00076346146
67ce1d8f,0.0016769695
143e22dc,0.0007598624
17e51c9e,0.0028968733
7a847bcb,0.001954809
02442325,0.0007056503
f81a7d90,0.00084748823
08e16e8c,0.0081011485
7e7a82b8,0.00081672915
f0216612,0.0007088863
a10167ca,0.0011136741
bffb8a5b,0.00076809525
142b9693,0.000572126
2667b1a0,0.00076655677
03a5287a,0.0014223908
f752d89d,0.011653889
ed041858,0.0017328531
b68b431f,0.00087380095
864663e6,0.0010416871
131e9fc3,0.01559561
511b1dd8,0.0040471624
d2b1ba9a,0.00066740735
75c295bd,0.0021712717
afa07a60,0.0010257257
81f22d93,0.00092616293
c91b68d8,0.0015468282
d175cfa4,0.001908463
cfdc1817,0.0016641833
b241bcb7,0.0007679047
81e8a106,0.00079841947
8f64e3e2,0.000840933
98563811,0.00070100866
65210e13,0.1880341
368e6191,0.004312378
2c5b533f,0.004743061
089cad0e,0.0017622598
de5e0e64,0.0014140853
31cdc712,0.00085360144
241a6809,0.0009938206
f396d2e8,0.0011303212
1595235c,0.00083214365
517612f2,0.00084444485
3594d98a,0.0009423273
2224940c,0.0013477402
9b0600f1,0.0017281355
d5d1a87f,0.0009032084
3e04835d,0.0014915414
f79c8281,0.001788484
b710bb11,0.0013233734
fb2e7377,0.0007231327
1f75d5a1,0.0012356967
e9c0c9a8,0.0011433194
e0f6c4f5,0.0013918955
00e26b75,0.0016058359
956536cd,0.00161072
cdcb57e3,0.003661356
6acc262f,0.9902278
ad28060b,0.0021426212
f252e50d,0.0014758053
deabfc27,0.0020360684
6985f654,0.0008035023
f9260e1c,0.0007723251
0cdaaea7,0.0018341447
587317a6,0.0018598808
9a0e7582,0.0031494459
dd207484,0.9488363
615cc386,0.0013409901
42e6e726,0.0019520443
269547b5,0.00086238794
64cc2828,0.00549198
4e317029,0.0007407385
c10859e1,0.00070358213
de4e4e84,0.00084782427
773fca1e,0.0009666276
d2bf04b7,0.0010394972
857fd027,0.0013278092
98b61daa,0.000921769
0f1aa8c4,0.0008367622
8acd2d2b,0.0009833177
eda3ac5d,0.0007838192
1fb7ef58,0.0031001007
aa54a0a2,0.0009044666
77e7da54,0.0010546212
846461e1,0.0014545878
b1569131,0.0009234722
619ffb49,0.00082215556
5beb46f4,0.0016583896
bc98d121,0.0014103706
130bfeb9,0.0006503332
e1581590,0.0006832028
39fafbb7,0.0008194185
87b3a829,0.0012695881
244d0a93,0.0026356946
1910fd69,0.00070765516
f9bfdac0,0.001159576
ad14da4f,0.0011684885
09711495,0.158048
33480aa5,0.0051669464
1a06adac,0.001077922
1ecb7954,0.0016380161
38082351,0.0013675062
0aceae52,0.00073977985
f2726e45,0.0042909756
3b9427ce,0.0013760267
008d1fb1,0.0020820939
3400e267,0.0023487592
0159b89f,0.0009013566
e528eaea,0.0008659439
23448c07,0.0016122852
ccfe736e,0.0009502088
18386c79,0.0014846814
42992f98,0.0014532378
7a8bf5be,0.0005360973
2a50a14b,0.0026262752
5dcb3278,0.0013235632
6f85f0ec,0.00060333346
73a94a1d,0.0008151613
50f8a02d,0.0007687847
f6f5c39c,0.0009072933
a547b1d0,0.0018203502
b8d567e9,0.0012425215
c7ae58e0,0.014042248
a26e7638,0.0020728172
3ec260d4,0.0013313618
62b4bc56,0.0011564564
42d178db,0.0009411653
9616f4f1,0.0024169316
cae43ce6,0.003950582
65f6b094,0.000678527
63ae7b39,0.0023545318
f6c5128d,0.0009160108
5ac1ff82,0.0008919546
4fe0c396,0.00076053035
4db42dcb,0.00076918554
cc2ae601,0.00057503383
01c43c85,0.0019369879
e73e64d3,0.0016856518
aa7a3e87,0.0006725069
47347137,0.003132442
710d0d70,0.00117825
d85ca79a,0.002419065
6f3894f8,0.0031678458
f6487db0,0.0015113975
20cee70b,0.00076335995
2801ab12,0.0015586785
190f4991,0.0067372383
b47f399e,0.0007568914
4a574cb5,0.0010742239
254ce03d,0.00087744655
92f7274a,0.0013826117
3dbb32ec,0.0015277345
3af6d570,0.0025542025
4baf211b,0.0010763843
c672fbf2,0.010729021
56f7f94b,0.001143851
b56106de,0.00089493825
d028fb59,0.0016747087
666a71fb,0.00087960373
34e6cea6,0.0020433734
a21da8fc,0.0009497798
9a25c321,0.00094170345
1544bd04,0.0010887417
34270146,0.0020573891
ceb6943d,0.00080532127
cc35ab88,0.0012819519
dcc80837,0.0009982255
a3fefb88,0.0009315418
8248be77,0.0017125126
685d2166,0.0011594064
b7adc0aa,0.00076207414
229c19b9,0.0011206153
a4617acb,0.0008595031
f9a9717c,0.0008973544
835d7eed,0.0017481344
e7cf2fd7,0.00061874493
daa42c4f,0.0007467581
bd6a5d7c,0.0055065155
c73bb3b1,0.0020309137
ab78647f,0.00063076924
ca8e3539,0.0014802064
b0f4d829,0.00090249866
c303119d,0.0012517686
ffbf6301,0.40755463
effa3a4d,0.0007982464
f11585ce,0.0011905907
4bf5927a,0.003928503
7b0a6fd4,0.0010488959
1a08b21d,0.012675614
222fa329,0.0037634575
b33b4cf8,0.0016590569
21cdba4e,0.0019687328
7343faaa,0.048390783
235b2ecd,0.00197107
88311bb2,0.0024350989
ca80a492,0.000819351
00ce40a9,0.0074295364
204dee88,0.0012749721
54048a7c,0.0007836654
d1f88385,0.001969683
ea75a911,0.0011532716
7de9dcd5,0.0022784998
2061fd92,0.0022072995
0404c7dc,0.0010713169
46f4fe0a,0.0010152067
75e91081,0.0011180649
f6528b3a,0.0019702849
91375e4c,0.0027314147
79dc34d0,0.0042082663
c414d2c9,0.001358718
0e7e4485,0.0007628004
b867dcb6,0.0012243505
36d33e7a,0.0008952531
9c2169dc,0.001480938
dcc89c79,0.0009843755
f1523ec6,0.0022429652
25e25321,0.00066251116
0e1f5107,0.0020288418
f1fe31fa,0.0011464101
c36ce481,0.0008916809
36707625,0.0010907956
25da4fd2,0.0035171376
ea9ed97a,0.002464887
59706831,0.0035052835
06905a3a,0.00086596864
ec080848,0.0014121252
64c7daa7,0.0012642648
44a5081e,0.0023231823
7f502806,0.0018366091
add4987e,0.00075857533
0b65e2fd,0.002055123
c426a9a9,0.00086507876
1ba94b3c,0.00065480644
cedb20ae,0.0007409659
59198f09,0.0010270409
cc1d45f4,0.0016751058
5d979c2c,0.0018808302
004372ec,0.0012766564
0111fa0d,0.0011580681
e2458d5f,0.0012863067
24a5c47d,0.009405248
446a1d20,0.054454263
7df080cf,0.0014161397
0f20a1f8,0.0012667871
6860e8f9,0.0020194827
3d8c4e3c,0.0012991423
11b0fe56,0.0007171907
796e149c,0.01669695
bfb8aec2,0.000926282
e878f374,0.0008253637
d1bb708c,0.0024269118
cea654b7,0.0006633887
ade5f049,0.00086061447
f14408b3,0.0009724387
05e6a506,0.9711293
857f35c0,0.000653843
a852f4c0,0.0018558749
22e4f861,0.00082206674
efaa8db2,0.0026501492
d05b51d3,0.0017041919
df019aa0,0.0010185364
a152d206,0.00069701637
b127fea0,0.0016828945
2175ad11,0.0012220313
e6928396,0.00062152813
3270bf5b,0.0013135349
a488d4de,0.0012804412
feecd762,0.0007928035
a41a0df2,0.0019499442
5d7cd466,0.00076367427
53a2d7b5,0.0013142795
892bfafc,0.001528598
123231ee,0.0012753716
a250b05d,0.006712248
4357d0b8,0.0016064277
ac2afc64,0.0023490374
63f3415e,0.00070872693
2297c239,0.0008515323
a4d46468,0.002585659
2671b958,0.00088379753
ad31b57a,0.00095299364
142f8db3,0.00078626623
94018b82,0.001397422
6e01dbd3,0.0010439084
9b31f456,0.00085193006
137475bd,0.0011228321
09dc56ea,0.0023103259
9aab6851,0.00085591903
f08c7805,0.0018633665
3d5d633b,0.0029857627
e63b1c07,0.0009970351
a8711cc8,0.0066478513
e8d7914e,0.0016169955
eb136d5a,0.0010594811
9cc89f32,0.0016087834
b644798f,0.00072395254
82c564da,0.0013505368
86d3bb2e,0.0014101046
9e54040a,0.00062302337
d43138fb,0.0019077548
48aba115,0.008403309
660a391f,0.0014028323
12cf196f,0.006509661
6b0c210c,0.0018175461
5bfbc8cd,0.0006210512
bf901389,0.0017570073
cb4fb3dc,0.000694561
70348abe,0.00065838237
08f5e792,0.0007517138
6c0ad249,0.0018577043
8e6f4b95,0.0012860745
9916207e,0.0024251773
29538a12,0.0020707597
f3954fba,0.0007046238
ca6f0e59,0.001796109
396635ff,0.0016112354
332b686b,0.0013793887
95275e1e,0.00086078665
33687008,0.0013709395
f2998678,0.0008639745
3dd2e16b,0.0018054096
4bc44f58,0.00092872814
06887780,0.0016963222
487b220c,0.0019640557
85496645,0.002155058
ffb8635b,0.006562461
9cd5cdaa,0.0015694757
22695aea,0.0008657913
89c8f073,0.0010459761
ddb7a5f0,0.006091075
e79f5043,0.0062445896
d582475a,0.0006535769
6af206c9,0.0014038833
6adf0178,0.003449889
b1565506,0.0012662653
d38773ba,0.004921378
ee071f98,0.0025519584
4ec4fa66,0.00078933063
f0f007eb,0.0017453674
a5a85cc5,0.0041395486
a31920f6,0.0012988755
1bd11440,0.0021445674
66ff0f02,0.0007758759
ffdcc1d1,0.00067922706
7db00380,0.009228961
8b143ff9,0.0007669605
985c0797,0.0012114161
27f39bc7,0.0009242578
e6f77047,0.0008863739
71dcc072,0.0010469012
9604aeb4,0.0018179613
49be52ae,0.00096447545
a196103c,0.0025025224
629f973b,0.00086056686
484595ca,0.0031802382
4d0f99a4,0.0011793245
fc17c2f2,0.0006755055
30e8e23b,0.0034437007
de6a4815,0.0013829449
dde5dcbb,0.0012993804
64b816b4,0.0013248521
60fed07d,0.00077060814
778f7a1b,0.0023323337
0eceab7b,0.0019887327
162d01ff,0.0009043674
d0042051,0.002393642
0dc0e5ce,0.00068717106
4bc1b6b0,0.00064525555
f1518158,0.0013833538
acdf4f6e,0.0010198249
a4d6bf44,0.000586511
918c29a6,0.0015249527
3836fb9f,0.0009634886
e1efe2c1,0.0033937742
0ec52626,0.0011548431
7216c469,0.0017220523
7b1dfbe5,0.000659891
89c694f1,0.010598178
d65eb37e,0.002655597
d080c694,0.00081028003
774d89bb,0.0014123115
6f6ec0f0,0.00061820913
54c8d26c,0.0014612171
99d6ebbb,0.0031373936
0537e969,0.0013759126
4bb46630,0.5008905
1fe133c6,0.0013912912
1499bc09,0.000814738
65aae0a6,0.0010232067
3e746213,0.0009026354
9d679a94,0.001062611
c170343d,0.0015928843
e07c5889,0.6029372
73305968,0.0035281344
8f7f1904,0.0014576494
577390c2,0.0009903475
829826d1,0.0012727426
ad867aff,0.0007945025
9f5944b4,0.00097198866
a6b447ae,0.0017154549
5ff5d543,0.0018264158
1c08f8ba,0.0006883158
8f7cb549,0.00086720556
de4d0879,0.00090966735
275296d1,0.00071662804
7862469a,0.000988088
de784121,0.001373023
90d15df5,0.0007089667
0df3da0e,0.002992944
d9bc7342,0.0017981242
0e17530c,0.0012384146
1cacb6fb,0.0015954806
f6362edd,0.001975838
c6c7f12c,0.0010373604
48ae0d59,0.0006538156
d6b90c39,0.0012850778
5c83f15d,0.0005328531
1f75dfdd,0.0011000569
166836e4,0.0020734367
eb73c161,0.00093554717
df531cd0,0.0012970745
7224e40e,0.00076664303
8b992d61,0.0007887501
89593e28,0.0011742014
9baed57c,0.0074101025
abe88b44,0.0008867659
55a4f610,0.07328542
d1dda6b0,0.00071850687
a8dd95a7,0.0033916477
b3c9d949,0.0007710467
3b891fd9,0.98479307
ba8683b4,0.08303843
04228c61,0.0010423413
1bab2b8d,0.00085103913
db7be32e,0.001262657
629bdab0,0.0008334471
46ef2a32,0.0057418915
4bff6d16,0.0014317845
acc52ba1,0.0010524964
e89cdad7,0.0015307567
029df9df,0.01156518
401159f3,0.0013187546
2738736b,0.001194061
1b349578,0.0024269128
42b2fefd,0.0034768723
b528c27f,0.0009006947
4455afe6,0.0006506819
22e279c5,0.0011404445
439c612c,0.0009864433
7d666718,0.0006471716
7f7ee349,0.00065477897
5b7a2834,0.0008355591
016e3022,0.002096997
d0ac250f,0.0010641676
8b5f3c58,0.0012798669
39648aae,0.0011348677
9ce9f9e7,0.0007994355
3425d62f,0.00088335347
95ea3d8b,0.001510635
271f693b,0.0012473013
9cb469f0,0.0021035923
18a2a076,0.06097668
3e2375ed,0.0012652845
0a86f7ba,0.002062452
094c2d65,0.0022396008
7e60aa81,0.00082403247
04c7c260,0.0017536491
272d634b,0.001369463
7d11df52,0.0017601588
3175d00e,0.0021029266
1003e2af,0.0011311894
7dc84bb9,0.0009335606
5b8bf8a3,0.0026869976
51268958,0.0014814
2d9e8477,0.0046644476
bc02608b,0.0010720622
15f9776f,0.001224389
2241afe2,0.059964262
c88a31d7,0.06451722
b68a7ea4,0.0017548307
c7307fbd,0.00093747367
25a43d2f,0.0011498202
a687773d,0.05199141
193b0b31,0.0054161446
9fb06765,0.0006560839
cee8be12,0.004310691
9cfd831e,0.000788999
91bf26a6,0.0009604522
491627c1,0.0012389313
0af0b2b9,0.0011417185
b69fdc90,0.0005834884
29f1ad7a,0.00062176544
1d4c4294,0.0011932311
1d197a36,0.0011044681
37ffe083,0.0014856191
3c640aa6,0.0064325505
838aa5e3,0.0014614251
ce1520bf,0.00088399544
5b9a0f91,0.00090589735
c7961eec,0.00069654756
3c7d64b3,0.0013188575
c87ca12b,0.0011582308
6fc3e4df,0.0015533838
7d1007f8,0.00086622493
4f0c85d3,0.0005298205
2e9d1870,0.0005121566
27755211,0.003709709
9cb58238,0.00080776366
90a73205,0.0009300369
92bf395e,0.0008659764
276dcdb2,0.0012554073
c5c1e7e7,0.0016099119
991cf14f,0.0009336188
af5ba637,0.00077213265
bb0fd54c,0.0010453146
8be44e31,0.00091044244
99109f73,0.0009559851
ced9d0e4,0.0017487896
d29e0ae0,0.00064172427
28a13bc0,0.0007469595
4012869a,0.0009930932
c168bb9b,0.00070676557
c26329c4,0.06010394
5f8f9224,0.0022390573
3623ca87,0.0007501685
bc880425,0.0007322141
b1ccbc69,0.0043824078
51a93678,0.00079301617
bdb17fee,0.00075691345
2b8322de,0.0009099885
60555cca,0.00090833864
87543ace,0.00081995
8f67310b,0.0012452299
f5155a09,0.0009376416
619cbe83,0.00075838086
f7ae1436,0.0008299798
3f5748e6,0.001743206
23a3e91c,0.0013141173
1b16b471,0.00065436785
a5ac431d,0.0011837527
9a0f2183,0.000604364
963af8c7,0.00071926735
2b36949a,0.0009220642
94230f40,0.0013578688
5c07c250,0.0009276253
d9088258,0.0007477842
e65a1311,0.0009856226
801da92e,0.00072244724
43085d93,0.0010331578
fe57a9e5,0.0031382425
7ecadb9d,0.0012630863
f673604d,0.0009792472
a495f9c8,0.0016353001
291f68e1,0.0011361483
f1782c0e,0.0010332109
f9e5d8d6,0.0009501744
d2b993e1,0.0074946773
2d155d68,0.0010437713
86ccd9e5,0.0017743348
3dcf57db,0.0010533299
a3c8ece8,0.00068993034
6ab694fa,0.0008319102
457168cb,0.00064744975
5026471e,0.0025173547
f45faba0,0.0013654889
1c1545b0,0.00077355484
70cb02f7,0.00068962894
7c7a5583,0.0019405531
36df391c,0.0040414464
95e76ddb,0.0011016012
99392db7,0.0007018034
edc0ef8e,0.0006760387
98920f9d,0.0005680123
191d4c66,0.00087383465
a104341a,0.00070534844
d4a58f87,0.0014377396
6f145778,0.0009915569
1992bcb1,0.001763866
be3caf16,0.00087326404
d4cc7c9a,0.002029278
63ca78c3,0.000884276
7466c59a,0.0008642927
0f5f6fa2,0.0012962896
09db7d19,0.09077633
01f63ca0,0.0007589564
024871d5,0.0020496685
79d4a468,0.00079393224
3d3bca8f,0.0008201489
227148c5,0.0012691064
8ddea85a,0.0007792721
e340a4d8,0.0006640415
58024de4,0.0009569073
3d8febfd,0.003149639
dc8fb651,0.0009376402
5d9dc57f,0.0012238083
a5a7c240,0.0019982203
d7b61c11,0.0013023738
88b806c3,0.0013979186
83e158fc,0.0020501562
e4dae91d,0.0013678571
f032cfd0,0.001154445
a50435c7,0.0006476362
ae8d5b24,0.0040238537
5b8b9a8c,0.0007718053
6a30322b,0.0015104839
605fc6fb,0.0013354009
e43b280c,0.0022133454
3120bbc8,0.00096995337
3dfe5b31,0.0010097962
955f30f8,0.0018715505
64db847c,0.021201646
28e2bdff,0.0011884136
b4f5885f,0.00054235297
5d0ba585,0.00070902146
5bf9444e,0.0013376226
56ba1f88,0.0007449257
38db912b,0.0009462292
df5fa183,0.0020204287
e11af73c,0.00077299034
76b3efdb,0.00069937285
959b47f7,0.0005788973
76f9c2d0,0.0007100682
d76798cb,0.0014375438
e23170c8,0.0013388972
313dbf51,0.0011870199
4cae81a4,0.23252146
9385cf1d,0.0008760385
923760bf,0.0015825047
d0451896,0.001344076
513e2982,0.00089943403
d17ca197,0.0008168307
a1ddae20,0.0006384076
c10d9b51,0.0015683336
084e6eb5,0.00093564513
8d06409e,0.0009330662
537288ef,0.00091049314
b4f737c2,0.0006277167
90eba36e,0.00084589206
51aa55d7,0.00790154
7d83cc94,0.0008940639
80783dbd,0.0017231823
4d719f4b,0.001824467
91e91071,0.00079123967
a668ab5b,0.0034818256
9255f3e5,0.0013349582
2b42fe49,0.0006890252
52518cb6,0.00061157835
e4f6b88d,0.0023173124
0b94fa7f,0.0042096893
c125abe5,0.0010595457
d616493e,0.0008807195
080d788a,0.0009810635
41954b42,0.003284781
37fcd40e,0.0014177096
f16e33db,0.0008710847
59ae9083,0.0008132821
287383a8,0.0009961568
ea1feb59,0.0030449168
40e2d55b,0.0012551371
7a6d577f,0.002101828
7544b9cd,0.0011059548
f3656e35,0.0010897913
f87ab833,0.00090156955
c55b67a3,0.0023842053
47f8a9d6,0.0013201112
1b6130ef,0.0009946347
14e98f51,0.00064058707
6e90007e,0.0007734287
6fd7e7d1,0.000714042
44fb87e5,0.0012392257
9802f95c,0.0010450861
3e48a32a,0.0005847104
0fbad3ca,0.0007775671
dd84564d,0.000731663
705375bc,0.0009028995
38b5f23d,0.0010896252
e023ecf0,0.0008446198
8225bcde,0.00080401386
5f9c168f,0.0025075197
2b05dbe0,0.0009817068
b008dc85,0.00090430886
63c1681a,0.0006695926
f417670f,0.0012646099
69078cb7,0.000879034
a831f872,0.0012452299
d3ea3ec9,0.0009989005
bf95fad4,0.0017386301
d1d25377,0.000679588
99549428,0.00097215164
54f434ae,0.0008258365
c54c48d2,0.002181672
fa6f5aee,0.0007387858
2cd8d26d,0.0016545509
4c9f25c8,0.0011640465
e9229c70,0.0006842776
12419caa,0.00078024255
6186bf62,0.0011106138
d62c0736,0.0009903952
90736e8d,0.0010700556
b6ede81e,0.0028113748
d543cd64,0.0008181768
8d54da8f,0.0013180025
b90beada,0.0013578545
69c53529,0.0014983147
2cf2a6a0,0.00076027453
2eb19920,0.019105421
dac55591,0.00072393456
ec54068d,0.0006052615
38de09c5,0.003753605
b1a481e1,0.0007350308
5033ac4b,0.00067704776
7663bd8d,0.00080882583
cc9fbc1c,0.0007109573
4753265f,0.0019757384
f061bb4e,0.0012163938
1d304d42,0.0011674478
78dfe12e,0.0007524234
addaf8e5,0.0011879044
a8bc7228,0.001865219
0a423917,0.0013908354
b9b537d6,0.0005560899
b27c99be,0.00067969254
9b435a66,0.0013210054
6c92b5c4,0.0009704572
86670d35,0.0034654124
5be617d1,0.0006109867
b40f8ef8,0.00078001025
90d92a0e,0.0005519699
d15a7327,0.00087533507
c243f592,0.002068982
75c9efe9,0.0018637016
e7ca6412,0.0010565268
f1832f78,0.0011912902
f80d2502,0.0007291957
6032bae7,0.001287124
4a4d8bad,0.0032056067
bacdcf16,0.0013714333
897cb257,0.004930959
9dbe864b,0.00066406303
c1007d63,0.003071799
57459a3c,0.00071216456
0f0fc735,0.0015755165
a41c09b7,0.0010177715
8ed5a910,0.0020745066
4048202c,0.0012540604
30945c83,0.0009957431
d5bad7b1,0.00100119
cc69a1f3,0.0015298359
4e622776,0.0008463681
7298c9e0,0.0029219505
f9e96307,0.0009948622
0bcb7a50,0.0047884476
595dbf49,0.00094330724
c003e6fb,0.0007292097
0c8b6da1,0.0010641397
4d6fc38b,0.000874351
436f6d6a,0.0009800004
feb4b9d5,0.0010208718
d66d834a,0.0014165936
644bb4b8,0.003994645
cf1b8fb4,0.004358598
cdccdc08,0.0006533272
b59aff54,0.0010667812
272dcd8f,0.0018355971
9e089344,0.011459703
a010a02c,0.0031446365
4fda1ffc,0.0009579599
810947df,0.0031978728
52a8311f,0.0005470763
82e6cd94,0.0005696983
55e49a4d,0.0011094195
aa7e0905,0.0010000112
47aa0e4c,0.00068611425
249c7c11,0.0009041723
df7b896f,0.0009810532
d58649c9,0.0027978974
bd5f1de7,0.0016787539
82c6f8dd,0.00055585545
d32b7dd7,0.0008018081
42092064,0.0010740162
395ba0bb,0.0008226713
99cd3ac9,0.00075172674
aa3e6d70,0.0011959972
06dba779,0.0016253903
582ba844,0.00063825544
9b84b97d,0.0007943265
3c4de6a9,0.0039736456
a2c3398e,0.0033756196
060a0bf5,0.0008873153
24099b30,0.0009593729
dbaf3cb3,0.0055229496
784df7d4,0.0010384668
0b100d66,0.0007608986
1ebbee8d,0.00096578023
f4da17c2,0.0011377231
23c4049c,0.00065923657
75546809,0.0011283384
82d3eaa0,0.0015538926
048ea49a,0.0017351775
acae8563,0.00065159105
3e1af83b,0.00059463916
c955eb18,0.00063809584
bf261485,0.0011077711
3b2a7251,0.0009570541
3e487717,0.0010187654
e4a9da69,0.00081551785
41234528,0.0006956029
790a9118,0.00274606
a4f53114,0.00078496104
1181efae,0.00091107166
9a311365,0.0023025977
e1621822,0.0009430283
dfb1194a,0.0009832962
a8042347,0.0007213143
855e9ec0,0.0014548191
9ca276aa,0.0011063773
768ad836,0.0020436281
e82b8bf0,0.0012809695
22cd392d,0.0018140596
69c0fc7c,0.00072094897
64717133,0.001108922
f3bd75a5,0.00084383396
65fc0150,0.0009677887
5704a85a,0.0010813768
be2981e9,0.0008351675
73921a0b,0.0008209676
8640d82a,0.00071420363
edf31222,0.0012030619
cb52a8f2,0.0017945904
a4320121,0.0010030455
034bf498,0.0008623637
37d65633,0.0023299183
2422c66b,0.00071160326
a731ed05,0.0006483464
93c7435e,0.0006853492
0bf1fb6d,0.0008548778
8d5f4e4e,0.0007158636
647528dd,0.002116924
a0a931cc,0.0009283946
9b7ded82,0.0006587734
21582fa6,0.0033578211
b9b15347,0.0017720736
77d641d1,0.0008382641
d98bf570,0.0013119489
01db09f2,0.0008153143
f808a174,0.0024133723
1a976e58,0.0006535081
f9fdaeb6,0.0008080978
3dd48c2c,0.0014893855
39cfbd80,0.0019132174
57159bf4,0.0022898929
922580e4,0.0016625323
2881c404,0.00060980575
3f30ac95,0.0019532542
4f768e5e,0.0008437636
de7de34c,0.00064030086
2a80b931,0.0010694494
aaf9a703,0.00096806075
24796c98,0.0059686713
e3536c81,0.0006647406
52166665,0.0012461423
ae9c767c,0.0011942055
85e82fd5,0.0012602967
bb82fc10,0.0015905284
63f38106,0.0006616041
3bfdf539,0.0011234671
ae7bb1b0,0.0009347916
6b9ea40b,0.0007889035
5dcafc92,0.00081718224
8158be40,0.00064894726
7691d06c,0.0009089845
cf22ab44,0.0010585549
be15c135,0.0021106356
1d1da3e3,0.0018017713
e1b1a184,0.0010505504
4eee31f9,0.00073307427
e7fae5e2,0.0010108097
fedf118e,0.002003606
ead7b5da,0.0005897367
57fd25ca,0.0013249044
3d1fb3cd,0.000883343
f06c2901,0.00062311895
ae7ce525,0.0016899985
2c9fa42c,0.0006576916
bfa57cc8,0.000941447
923113b4,0.0007634305
d544dadb,0.000848571
b5fae447,0.0008149178
6ef45318,0.0009556299
e907e771,0.0034590175
70dae18e,0.0007697802
ce5c107c,0.0051891366
9ae66264,0.0019578496
6cec107c,0.0011774837
cd6408b3,0.0010167563
01a25881,0.00084255
cd1ebde3,0.00060165586
782b97ba,0.00082417304
27606da9,0.001460634
b8f818cd,0.0009016804
a5193cc5,0.002579979
4bb52eb1,0.000794518
ef78034e,0.00056877994
c7dd5abb,0.0019169734
f3b70fc1,0.00073988066
74f933e3,0.001107416
0a0e88ee,0.0006895734
3582a2ed,0.0008185761
02f633ef,0.0010850262
94be3e94,0.0006851713
3d432f6c,0.0009857683
eb96e986,0.0007707832
a7fb48e8,0.0032848357
7bbb8180,0.0054515754
96192ba2,0.00078451674
0d01ca83,0.0007729012
b1c50c72,0.0007907814
82a88da1,0.0008938148
d6ff62da,0.000837139
93b83ed4,0.0006928932
abb4b977,0.0015009865
68eb2465,0.00089248846
53361ce9,0.0026430576
500db64f,0.0028998125
e373eb06,0.001171086
10e64934,0.00070479006
0bee6ea5,0.0007128814
ef51b7ec,0.0035261367
d7f443a1,0.0015962686
d2768faa,0.0010690102
3478bf35,0.0007864876
fb9253cd,0.0031177385
d817e4f5,0.0010160403
5e518e49,0.0009267525
43041047,0.00079775514
4a56d2c4,0.00095989596
137b4886,0.0018419113
7b6e5a90,0.0019217362
93820eb9,0.0007762778
8cad0d9a,0.0032109532
3b82b161,0.0008509305
6a0b54e5,0.0005861352
a5bcc730,0.0016940226
98d12c1b,0.0013705557
61b5212b,0.002367065
13a7dd00,0.0008284722
f4f1193d,0.0023292622
72150217,0.0006182914
03b8527c,0.000761127
88efda9b,0.0010694462
71bf2761,0.0005379041
86a6b819,0.00073452597
aceb1529,0.005022489
41992ba6,0.0014818811
05017375,0.0014028182
50576f5d,0.0012353243
def91a2f,0.0011126762
4ce09be0,0.0018199023
33d737f9,0.0006999906
f9ebb30c,0.00072747655
5dca52db,0.0007945642
53558504,0.00062316586
c973c9d2,0.0024704507
de877aa7,0.008355348
d5748a04,0.0010103919
eb526e72,0.0007851768
ad01e0e8,0.00058402255
af9aaf82,0.0007232429
48d57fc1,0.0007137845
5cf5a9eb,0.0013855749
df28b83e,0.00080574496
4d59f8cc,0.0005620356
acd4e391,0.0012159095
2b40aa9c,0.0005879796
439ba6b9,0.0015642995
3e520f74,0.0015183425
de3fa78e,0.0021664288
d9680da9,0.0006771145
06cad080,0.0022316023
94053006,0.0010808212
e2980e9a,0.0006121102
af97223f,0.0011050417
f1a186a3,0.0011126322
90a7cddd,0.0008293319
5bfef2d5,0.0010191906
7b2b8dda,0.98146856
a0c11bd4,0.00083425915
5729dc1d,0.0007075169
bae66304,0.001253738
4f7d810a,0.0007423777
b393dbb6,0.0010899076
41a47b08,0.0012032241
7c2663aa,0.0007837445
ce56dc0c,0.0019217804
6ee1c656,0.00072157755
81a8ce1a,0.0054902663
5437a8e6,0.00064302585
f9013cfd,0.0009039139
b735c469,0.0010023849
e308638a,0.00089518394
c46bd170,0.0012354414
b53e1136,0.001023057
6c1315e3,0.0012896181
78f02eb9,0.00078569097
f2b2c19d,0.000795438
f5cb437e,0.0006749063
24b7e263,0.001322814
cb818243,0.00060911477
09030b75,0.0010025912
6e1363ac,0.00067744695
c3199108,0.00090329105
83947a12,0.00071142794
ac293c36,0.0012295259
a2d1c2f2,0.0018629353
155669ab,0.0007640047
cb4fd452,0.0015684428
0822ceba,0.0021214534
da0236f2,0.00059994485
7589ff4e,0.0023755594
5d876247,0.0008365334
c9ee1a7d,0.00058085076
860175b1,0.0007598002
b97bf57a,0.0012766491
74db01a9,0.0004983451
c183f500,0.0006619838
850489af,0.008506974
fef6449c,0.0018082536
8ec1df16,0.00068150845
60404b5b,0.0018434812
0179b93e,0.0011294623
9d4feb9b,0.0038205383
5b064ea1,0.003449974
131b2305,0.0010438598
57d39956,0.0039265202
ef8aca7f,0.00088843954
6d7351ae,0.0006353284
60885545,0.0009181205
ad16a7e7,0.0031491572
e6f81645,0.004087777
aba1f79c,0.00066286826
b248805f,0.0010662382
5fea00f2,0.000748709
4edb2728,0.0017163606
fdd4e310,0.0007814361
8d3f1155,0.0012994504
bbe65a16,0.0011890659
098af458,0.0012436439
223cd742,0.0020584292
ff54f323,0.0038754353
7fc588d1,0.0022652938
38dc439f,0.00075153046
fdf1f30d,0.0011189481
1d3594a5,0.0009814379
3e256966,0.000826534
4788c83a,0.00079858187
d64cd758,0.001182562
5893a1a4,0.0010781997
f441365e,0.0008080224
00dbc27e,0.0019307882
64155132,0.0009146216
ddf923fc,0.0024318057
aaf248f9,0.0007055774
5afa1a94,0.0011128772
b78e346c,0.0017021763
090ad676,0.0005971643
2a77d656,0.00078672194
7de20d89,0.0011492365
214a16be,0.0009795495
9645dde2,0.0014149878
b852b036,0.00093402417
623e0d6d,0.0010676902
a7f1f30e,0.0006231789
8a66dcbc,0.0009343588
85f57b03,0.00062958937
658336fc,0.0006598812
7ce9b42c,0.0017648628
805ece7a,0.0007936315
00472952,0.00090734777
ea474351,0.00081449
b4090eff,0.0007083292
1f012219,0.0012804882
d55aef3d,0.0009036565
8f48a8ee,0.00092626346
86e19e20,0.00063797267
459b89e9,0.0009568672
8c4ae447,0.0037735896
d32e96e3,0.002017436
2722f7bc,0.0012577454
2c4747b4,0.0010378407
28b89242,0.0016033845
b5838426,0.0012548484
403d502a,0.00093286484
73c1ce14,0.001396697
755dee85,0.0005248384
b93c656e,0.00096599833
82bb1cd1,0.0013123738
08bb55a0,0.0029714718
95a32557,0.0012747974
68f60920,0.0012025543
0f845a84,0.00096488773
5177ea48,0.0008615268
7001a124,0.0009061991
225cdf30,0.0011791841
a5d29852,0.0010418935
d5ebe1b4,0.002356616
930ea2c7,0.00082721515
523bad0f,0.0014440034
bc00307a,0.000957677
bdd7a49b,0.0009580097
b6ab6639,0.00054878334
5942ac33,0.0052651134
fd2238b5,0.0009623197
2fc2378b,0.001369902
eba89c52,0.002086277
92a1f7d3,0.0008979641
1de5638e,0.0017108456
d34b19f3,0.00095079665
69442330,0.00087160897
05e9af87,0.0012022954
d8bafd1b,0.00062018906
530261bc,0.0012158423
e5f15eb1,0.0018527138
43261be8,0.00083484285
c8fb88e7,0.0005704608
2cfd340d,0.0011229845
b9d41b6f,0.0021986691
6a527b68,0.0018203615
9df52771,0.0008509078
3bfd8df2,0.0022677062
66c914af,0.0012390002
79c92e4a,0.0008490227
6e5f2df0,0.0021427893
c900be40,0.0011270462
512a6b38,0.0011794284
9aa2cda2,0.00078633067
4d5767ed,0.001351933
040903d4,0.0030710236
cd8b8c6e,0.005835718
29544dfb,0.0006213724
724edff8,0.0010544283
74f170c3,0.0006326797
0718e62d,0.0008007613
52bec0d9,0.0021041809
897976d1,0.00068953726
f6f0c1a1,0.0007979122
e1c67038,0.0008741882
2488d684,0.001050627
38829e75,0.0006398799
204457cb,0.0011162248
590bdc18,0.0012994398
cf93f9ea,0.00082199735
2948ce07,0.0005805063
9cb4ce2f,0.00088042294
0ebd11c3,0.00086394773
18cdbd8b,0.0009456398
f2121137,0.0012819335
0862ce39,0.00135656
0be95453,0.0022372855
6ac98299,0.0011650842
8a768cf3,0.00064444676
4d061209,0.002170748
c3ec4ef4,0.0053390507
0337e81b,0.0022389074
95477aec,0.000697777
c39c060a,0.0011820856
4afd9d30,0.0007349353
93515cdf,0.0007958054
454e74ce,0.0017005209
7f6caf70,0.01602763
c45bf8aa,0.0016490167
e259cc65,0.001338785
be58e52f,0.0010914131
5db50144,0.0008452277
f4c43ed0,0.0011502781
5d6f0126,0.0016684621
43779376,0.0012202099
918796b6,0.0007942262
a155163d,0.0006404714
ca5becbe,0.004221493
1a507d77,0.0007693563
91e121f1,0.0016111978
6bbdaba9,0.0012250096
bf801fa2,0.0021068708
ea732075,0.0010583148
1353c499,0.0010255949
06263415,0.0007758134
e9a060fc,0.0011524771
b4843035,0.0012812323
de42a015,0.0008140792
597af6d3,0.0006432557
d23e015b,0.0009267489
7dda7007,0.0007796684
573f18bb,0.00078985316
c8578716,0.0015126977
c91fb547,0.0008812547
43b321d5,0.0007879358
aa4fc619,0.0010405361
b16ce23e,0.0008551898
dba5d0fd,0.0027244736
53a61fac,0.0006408023
ff8c85f0,0.0016911493
41b6fb56,0.0011276712
5cce1c53,0.0026485766
1d5ede48,0.0010563043
cb94f2da,0.00070473365
9103452f,0.001348727
7df69b16,0.00064725295
678d357a,0.0008118551
d6613e6f,0.00063629885
888ae91a,0.0010591076
7bcb41a9,0.001810859
7b45526a,0.00087540137
e7e3ac35,0.00090155675
fd6cba4d,0.00065145013
4628e6c0,0.0011800504
f07dbc32,0.0044536325
23b16408,0.001653613
79628d6c,0.000706681
d8b1018a,0.0068662907
f5f62f53,0.0040973774
8e4f6ea7,0.0007256088
85eb9626,0.0012158516
f7e00256,0.00067136774
590558ff,0.00074922154
d7671d56,0.0012434822
d7bbbd82,0.013213046
77b44a51,0.0063652988
c6ea31a2,0.00072115444
226cf373,0.0012661796
54b7e707,0.0007172597
a56a0399,0.0006561108
97a2a0ca,0.0005801304
c15ac7e7,0.0009989461
1288097b,0.0012109904
fb764b7a,0.010126262
b8f5b50f,0.0007897279
b296ad7b,0.0010380117
7005025d,0.0010016899
75db0619,0.0006927668
c97b40e9,0.000571864
b82d449d,0.0011593854
6823c06d,0.0071510547
bb5c87d1,0.0007559166
6f797fd4,0.055897944
6d437a34,0.002600228
94362561,0.0009088036
5a5fc0fd,0.0021520026
b6db5c9b,0.0010225245
ef1fc2ea,0.00061034126
3099c2c1,0.0007539974
78f50316,0.0019892382
5f6c080a,0.0016913522
63e75f76,0.0008557661
53638721,0.00067815103
4f9bb0c3,0.0005573512
f10a60ca,0.0007990082
b17d0785,0.0011241104
1d797e14,0.00086057215
81618f4b,0.0006253005
190444b6,0.005485946
e61789a2,0.00064982765
8609dd26,0.00095781207
4a781cbc,0.00077224744
f6638de0,0.0029297823
d46cef4b,0.0009251874
fe21ba6d,0.00084360683
51f2c51d,0.0009855198
83fc6dd8,0.000785542
233c994e,0.0018137073
5f252f36,0.0010339357
b9a5b0b3,0.00182854
f2d16bc1,0.0015658269
5eb1d3fd,0.00062123145
0b01a193,0.00091544585
d7b97add,0.0012835818
abc1c49b,0.002256285
66aa8f3d,0.0010365868
a55f4344,0.0007604782
5ec2c8c9,0.0009898023
9498a2fa,0.0008168848
445a9419,0.0013416237
ea4a3daa,0.002471519
6b5e5cdc,0.0014766973
9b68d19f,0.0052690133
331e9738,0.0048785717
bd992b67,0.0007560573
0975285d,0.0013348616
67c0a599,0.0008162518
c4506298,0.0054554185
da2c2eea,0.0006493534
ef6abf99,0.0014499092
dae9c322,0.0020985263
931329cf,0.00069107773
07589a5d,0.0012768607
d9660ca9,0.01044407
0bfafba9,0.00091720204
69a10e96,0.0060004718
11b7bfb8,0.0038594785
c6da8a1d,0.0073589534
a9ddc992,0.0013917338
c964cbfc,0.0011548756
810394f9,0.0015250345
40af6ac4,0.0013231661
ab7e778a,0.0008535026
25b5ee9e,0.00088520756
74b727d2,0.00087949145
74546cf6,0.0006961925
6d6532de,0.0022007988
f120b25b,0.0013737299
dd55cb31,0.0008174957
1b7a9062,0.0015533838
3b4817ab,0.0009151785
457e293e,0.0015942636
ecc3ca94,0.0038556182
02985fa7,0.0014532718
daa1f121,0.00096183765
d53284b8,0.0009825872
47c0bddb,0.0030914694
3cb32875,0.0006180068
aa4bd390,0.0005891928
96316a32,0.0009706629
27bffe6f,0.0007355504
83e59ff3,0.0007267164
71c9ff91,0.0017221236
0b8b7cfa,0.005013447
a2bcaf8e,0.00089803047
ba4fca66,0.00054104225
d4b14545,0.0011912379
eb46edba,0.0021918225
c9ca6e0c,0.0008476941
b6d847d7,0.0012653527
159cf2aa,0.001131392
47360f1b,0.0011036111
33d1f45d,0.0010440099
9861452e,0.0015321128
24fc7925,0.0020964006
84dc5660,0.0014349355
9061b94e,0.0034344967
5b7eec9a,0.001478913
f76b020f,0.00196105
f5f0ec1f,0.0005195484
27a4599a,0.00488526
557b57ed,0.0011352915
db42162b,0.001643505
342ff231,0.0010006903
8970233f,0.0019488197
8d1caa26,0.0007856641
f59fc2ec,0.0010797956
28892219,0.00081650616
110a966b,0.0006261211
8ddacfba,0.0010076953
02cb28c8,0.00076487893
8b7b14f5,0.0010837596
51e202f8,0.00074289925
7e085f77,0.0011030582
0c2899e0,0.00056267664
3970774f,0.00083330733
4db193ee,0.0013777247
695db015,0.001373849
13190fc4,0.0040139956
cd5dbb3f,0.004978716
0fb68754,0.000649927
169ace80,0.0018988946
60d02bf3,0.0012102287
c086bc90,0.00068445504
d038e5a1,0.0012015571
efca0e5b,0.0010734634
2f63b47e,0.0022483638
2d47ac6f,0.00072526344
79ef3eca,0.0019439323
494adb6f,0.0010552568
30a232de,0.0010371024
d850a9fa,0.0015374809
e4931cc3,0.0009267579
3ce308d9,0.00064349116
65719d07,0.0008187524
3ef62cee,0.0006786621
cd78148c,0.005652761
f6ee43df,0.0013641377
f45691a2,0.0070185983
ee27c88f,0.00489635
027c0d2d,0.0012247658
0db21bab,0.00094910944
33494bc1,0.0006258398
8b2ddab3,0.0015316614
9c56d961,0.0008079827
1cb8c49d,0.0016535517
8a054f65,0.00079242093
e502b174,0.0031724656
b487841d,0.0012250462
2ee858ac,0.0014326184
aa6101f0,0.0009832002
87d9b389,0.00062116334
764ea5bf,0.0008712258
7adc65b8,0.0008406242
8eae0265,0.000998538
f70cfe86,0.0031398525
6f0e52fa,0.0008098377
2b7b6c78,0.0013217233
546f1e09,0.0025765968
137c7608,0.00067037035
12e2c0bb,0.00086260325
e00b2e0c,0.0010687934
f2d0eaf5,0.0007037752
719307dd,0.0011080449
f555728e,0.0070053707
418d9127,0.0022950189
1c9c87c9,0.0018861234
33e5699e,0.0014628321
8569baa5,0.0006590362
a98ec990,0.0012643171
180ae142,0.0027545753
17fccecc,0.0011341274
710cf6e7,0.00083997124
ee9e49b4,0.0010163835
ddb2cf5d,0.007174191
f5b4bd25,0.0026567818
dcde718b,0.0007696365
8f0cd711,0.00073269714
4b30cccb,0.00149073
a3cc0385,0.0008833926
4c4a8674,0.0016105305
93668719,0.0010158661
4bfe111d,0.0006376596
21472cb1,0.001234228
507a11a4,0.0007760101
3cf2a38c,0.002617096
f001565d,0.0009078649
f59ba0aa,0.0010709178
11b692f2,0.0009476488
87e26257,0.004697917
2125f410,0.0011076248
ce9ba5cd,0.0010151201
402fa098,0.0023343808
c2d36753,0.0007726737
5ed48bda,0.0010126324
b0bcff82,0.00090952514
32f5a72b,0.0013082474
9c011d7a,0.0010732148
aa772f62,0.0012372873
3f809069,0.0012932749
a05a09f9,0.0006708225
7497e37a,0.0019383839
c16c86e3,0.0013064774
7a153454,0.0011110087
8480261a,0.0010332316
8ab4ba3b,0.0008810078
37fbeb14,0.00077670516
adbcc155,0.0007994408
cd352c5b,0.00077907497
fbec8dfb,0.00073007634
6ed38720,0.006244726
e5497116,0.00093591894
b061943f,0.0014891841
84acc830,0.000908878
a4fbb2c7,0.013765969
12416365,0.002169796
15771285,0.0010037734
8526945b,0.0018230737
1739f325,0.0013835634
64e37655,0.002338956
c28b4904,0.0036042454
28cb8819,0.0010043713
de5e604e,0.0014073224
7dc810ba,0.019781137
125b4d28,0.0029521147
9567780e,0.0006667779
7bbae1f3,0.0010757303
05a3ca61,0.0038284534
1cc1a404,0.0010984015
1b4245f3,0.0027741666
142d6b49,0.00093524274
4f3ef8d7,0.0013259907
aec0bad1,0.0008580221
71b353c4,0.0011957546
35ac6c14,0.0008048671
6591c33a,0.0030971987
e0042889,0.006654738
ed41d693,0.0017293856
fb54fef7,0.0058620144
40e23ae0,0.0008893518
3ca9e6c9,0.037894964
7052b712,0.0010470309
e410f01e,0.0015799971
11c21c1c,0.13173106
a7020745,0.009167452
32e4874b,0.0013678533
1a458f55,0.0015812335
6c072d09,0.0017867065
b62a4ed1,0.0012530283
78d186d6,0.0006024448
bd44af16,0.0006181384
04b68897,0.00094225776
0e7d7329,0.0010538097
a5fa5709,0.012598051
4744f14c,0.0008404148
781e0a8a,0.0014873091
aab51667,0.0007515588
c062eb96,0.0018706699
2598e764,0.0012445451
45f77952,0.005562616
ad7e53e4,0.0012083149
a90fb448,0.004972226
625ccfba,0.0066634817
0b87b585,0.0007207714
2ec71641,0.00060851045
ce7cc95a,0.0012975476
b5d81c30,0.0008687455
c11a98b3,0.006763992
ff1e49df,0.0020296855
5ea9395d,0.0016999771
fea89a50,0.0010572164
dd0d3206,0.0033143295
7f8feb43,0.0010049791
182416ea,0.0024521004
785b458f,0.007791263
3badab96,0.0015412098
60cc1e22,0.0008003775
c6e57d8e,0.0007135648
c32beaca,0.00069431606
36f9c6e7,0.00067714613
f28eca89,0.0012940525
9314df46,0.00051883684
22cdbf7a,0.0020443352
4629f2a6,0.0007190378
15617234,0.00054330286
92feb471,0.00080425135
c9624846,0.0009250472
8e19d9a5,0.00056042493
fee9de03,0.0009498024
681af974,0.0010325212
7e430c40,0.0039775576
2c470c45,0.00087468437
5e847cd0,0.0005739341
9aff2b26,0.00087330275
2e22ac0b,0.00065038685
eee88000,0.00085375516
79496bf9,0.0024373783
b3174172,0.0008246805
4717b6dd,0.0037586119
7f7f36f3,0.0007493372
20d65651,0.0017312766
82e10b88,0.0013663865
31986134,0.0049118623
955a2738,0.0010256085
697c0b38,0.0026960596
a1964bf4,0.024055993
448ce29e,0.0009697371
5c84fe4b,0.0021976512
100f4a8a,0.0010147657
055e0e13,0.00068627903
f8d4f55c,0.0012950925
0e5ee975,0.000713301
d38fef0b,0.0018682755
857ebca5,0.0008242072
05d3d73a,0.0038407373
5880e11d,0.010027175
e660e532,0.00062439765
529fa0ec,0.0005367284
471a3f10,0.0008954275
3dec4e13,0.00096962537
50724d8d,0.0018844465
0db3b6c5,0.0007080059
571fb215,0.00059880177
94d80a3e,0.0006837568
46ccaa9e,0.00095150707
84dc587d,0.0026553986
b67d17c1,0.0008395199
059b1d9a,0.0024465106
2f5d9bf2,0.00095674413
4bbff791,0.0007691126
bf6af775,0.0013091206
6408a0ab,0.0006866316
f1c0c80d,0.0010005978
c8b9625b,0.0027603724
18cf1c71,0.0023377435
cf1148c3,0.0009368316
d3419a53,0.0006144081
e54f9554,0.0007751782
87198b85,0.001058082
fe40636b,0.0008716302
322daa34,0.0009691922
0c585789,0.006616759
b2ea7bf4,0.000640266
0d558ebf,0.002035216
863e60dd,0.0009815141
76b4a168,0.0015658902
e995352f,0.0009795896
1dc54549,0.0007323418
6dcdfbf8,0.0009945731
a6f33667,0.0013607416
fd1a8589,0.00081892754
08f5e704,0.0006970974
729afb71,0.00066026277
e897cd86,0.0007089674
4cfc5054,0.00079165073
ecca8c1d,0.0010272092
03ba07b7,0.0015445608
7085025d,0.00087005773
0494cef7,0.00082705554
80d0e3b3,0.0017319616
89033414,0.1392312
e5456b5e,0.000911964
17940109,0.00076915877
a90e62ea,0.0011592077
b4635f9a,0.0021520886
63614c1b,0.000826991
6877f1ba,0.0035515404
ab9b0b63,0.0018520154
bc6f3753,0.00058417866
eaa742d1,0.0030429966
2751b2a7,0.0009571034
a1164e9f,0.0006079551
8d728293,0.0010690072
fbedfc35,0.0006936861
579e08f9,0.0009306396
973208ad,0.0006201675
b8bafff8,0.002266329
7a456823,0.0011049206
f975e06c,0.00064214703
0092fc44,0.0006203788
48287c48,0.02446267
8c0750d9,0.0007803303
4222af62,0.00072283123
99dce3e9,0.00073910126
b0bb6494,0.0012669632
631d344c,0.0010239274
30671d75,0.00073782116
9acef63b,0.00099579
55a60d5b,0.0022254845
348521e5,0.30368614
062b0fd2,0.0009148503
869a84f5,0.0015862944
6f62f32b,0.0008178093
31030144,0.0015884028
197ee66f,0.00079279323
5d8f1824,0.00066532876
2856d796,0.0007842455
f3bff893,0.005035256
453b005c,0.00073669176
4c753037,0.0010839858
1b6eaac8,0.0006132322
8f897603,0.0008626246
cf0126cc,0.0014374377
d41005d4,0.000848922
f0991f34,0.00083987764
5112abb5,0.00067449035
1b1c8e72,0.0008908826
3b20ed13,0.00047539256
0a0b0e2a,0.00074895273
5d2add7c,0.00061942765
5777ca83,0.000510763
9982543e,0.00088117534
1b8e5758,0.0046480736
f642c58e,0.0007040563
c6008a6c,0.0006030196
c8c44ac3,0.0028008204
e2b6e19f,0.002311877
bc04b448,0.00074719975
136cebe8,0.00075697113
26926a9a,0.0009905127
1e41c1d7,0.0006353163
6ff2781e,0.00056072033
1749fafa,0.00084900775
1df39fda,0.00078510796
89ac5692,0.0036157127
372d5a32,0.00051013974
08bfb12b,0.000864455
7ce6517e,0.0019992152
d4980e70,0.0030513376
60720622,0.0014799936
7579e2a0,0.0007915617
b065de95,0.0010301415
3cb4187e,0.0011914707
3b8cc0ee,0.0022614626
84b0e988,0.0009878136
8117235c,0.0019205183
4d1f515e,0.0056100176
1cf2210a,0.0012017693
614f698e,0.0008615752
990c8d5b,0.00066667434
07f19fbd,0.00059972185
3d960228,0.0012265156
f7b83eaf,0.0008967022
8bc349db,0.001215898
397735ca,0.00068191614
3398ff39,0.0011223311
82101296,0.0009884273
cb75cdad,0.0006388847
1e1d2269,0.0012291506
987b0193,0.018158313
0443bfd9,0.00058248185
09685bd9,0.0010579762
4c9203a6,0.0006007018
4894b314,0.0009075298
2fac7c53,0.0015465138
a380e4e4,0.00061992847
85efc0d2,0.0010489238
fee9b083,0.0010724396
cfd39745,0.001721001
6d514dc1,0.0006199503
82c1af26,0.008231791
fb366eaf,0.00079993915
7f85c203,0.0044774082
c8f8f727,0.0007737568
f3528ece,0.0027646967
c254a240,0.00094205205
b4c29c67,0.0038308909
cfef1530,0.0005395702
82f82a85,0.1937423
00f85267,0.00089687394
e2141277,0.0005184151
e588ced8,0.0022829443
e455a779,0.0008751675
b3e2e5ed,0.00067354797
fc936eef,0.0007158062
162f8946,0.002427795
c50cbffc,0.0009536675
10eed237,0.001997033
33292f4d,0.0006483689
dde9eef9,0.0032014288
0355f636,0.0031451313
b2af581e,0.0009913935
6d8d945b,0.0006700826
f4489532,0.0028724885
57d45324,0.00093714223
e97177d1,0.0010469132
be433704,0.0017380774
6494010d,0.0012396089
2c1211cd,0.00067040545
8d786dfe,0.0010485636
caf57026,0.0013394698
f4617f44,0.0007935056
b6b91cc9,0.00064607797
5319a26a,0.0012108617
fd51f859,0.0007936758
bc2224bc,0.0006816559
f0763088,0.0015731272
12e5a524,0.00068534305
6696b40a,0.0013304955
168545dd,0.00088304334
486db49f,0.0010065909
d507e453,0.0005827031
0e9ebcb3,0.0006928024
bb41dd03,0.001027588
16e2b907,0.0013989479
da38668a,0.00083349674
4dda29a0,0.0008505227
fd6bb461,0.0009089715
9e0aee4c,0.000755985
6aea40d1,0.00073621946
2f2aff41,0.0008046244
8a719356,0.0012656763
7bd82998,0.0012747409
16e3420d,0.0010971063
427e3c99,0.0008518691
642db36e,0.0011756847
0635ff01,0.0006406182
cfb18256,0.0024426084
b267a839,0.002099796
a262a9e2,0.005258447
9812a841,0.00080438715
a0200394,0.006047147
a220b8a6,0.0006080084
6638dc7f,0.00067976385
6ddbf1d7,0.001039021
3731b5bb,0.001338105
07f04fa6,0.0008150595
55e781be,0.0012235717
450dfd83,0.004639128
7379efa1,0.0008507165
097af38c,0.0024477234
41abc13e,0.0008502472
8dd97253,0.0027580736
ae09caf0,0.0018798994
d3bc1c01,0.0009269486
e1ede3fe,0.0073578325
62f19181,0.0032555333
33079bfa,0.00077537366
7be1a958,0.0036840898
62bfaf60,0.0010161817
9b4e9f08,0.0008623452
d4650ad9,0.000678322
03c08c35,0.00093747093
38989381,0.0012242374
24d548bd,0.00058115425
13d166ed,0.002009421
31bfc333,0.0012559037
26f8cb82,0.0028145153
cb356757,0.0009817007
66a065ba,0.031241031
a775e17b,0.0009920615
98b1195c,0.0009392085
4dca6ee1,0.013696897
3490081d,0.0014416896
21fadffa,0.0012598453
fc368c1a,0.00068687706
60585f05,0.076179445
6adcbc32,0.0009069632
81a58dce,0.0016599424
77fd2a11,0.0007977951
19d5011c,0.001097089
fe2cc8c1,0.0033831692
3c95d4c5,0.0005816868
bac1e0b2,0.0008830816
dd8fde5c,0.0015724755
2316a1c1,0.0016492585
7eb2ab61,0.00070747815
7bfa43b8,0.0015064039
6c6dce8e,0.00092526677
48eaead0,0.004348369
8a3322e7,0.0017420141
3e234fb5,0.000839912
48c3e693,0.00082137564
27819d1d,0.0012821815
d55b2ca2,0.0013235052
595051f4,0.0008965078
281ea4d7,0.00047414756
9b8d5dcd,0.0011914365
93aa2c32,0.0008629284
e7bd6849,0.002255438
a3226925,0.0012120117
6237516f,0.00060917897
12fd4daa,0.0014371043
ffb090be,0.0029204462
da92d014,0.0008146779
0b170929,0.0009909789
f38ed4e8,0.0005267509
37faff5a,0.001263977
73c13386,0.00063551374
5c8dd211,0.003671337
b3a18a5b,0.0020074025
e7c81e7b,0.0015438639
abb7bda7,0.0008036236
486f12cb,0.0005192182
b6cf1e26,0.000590308
afebd588,0.00083791517
8deb8e1f,0.00085433706
e72c2f3c,0.0097800465
3a39d977,0.0004963597
90bc25de,0.0010014733
8b073564,0.0007502911
18e123ec,0.0010148644
a821f6d3,0.0031015435
07d5ca6f,0.0041731107
004c1831,0.0005586535
0cc962d0,0.00069288036
3fccab18,0.0028451774
e9769ee7,0.0018206293
b12e40e6,0.0005482613
3d19e913,0.0007570783
5425dba3,0.00076310104
ffa755f9,0.0014961774
960b4e23,0.00078999164
a338b5ec,0.0032823747
dee56c2f,0.0006507914
14becaa9,0.009072177
9af4a8ab,0.0008594172
f8470c6d,0.0017979925
841c0be1,0.0008487194
9dcbd48e,0.0018953499
183db078,0.0010255069
f6264242,0.0016183764
62ba4a2f,0.0042115566
79044e75,0.0015727557
b0454f78,0.0022962815
5c2fd434,0.0015454773
ff696c58,0.00071466964
8bc1fa47,0.0008120291
e8a86efe,0.0024058449
99a981be,0.00061087
29226482,0.0015865421
9141c33e,0.0010344756
70f1e02b,0.00085893745
73e6a132,0.00090618315
dbb0fdf1,0.00083988113
56fbf34b,0.00075555826
9c5a0e74,0.00063232635
bcf9cea0,0.001016092
0282b452,0.001490979
4a864400,0.0013982954
10ef7f6a,0.0017501543
7c768e63,0.0014984815
3d6fcfb0,0.0014563855
f92ff179,0.0005775517
64a1a77a,0.0019898016
4c7fe435,0.0023337167
1232af7a,0.0005978417
11a2c878,0.0026443466
1a9cbc0f,0.00094944914
36cab674,0.0006112322
88108330,0.00069365266
04fa3e74,0.0030416125
e3cb976b,0.00056907086
7fc081d1,0.00079558475
20e8be9b,0.0027584238
f0763587,0.0044585527
89c53b53,0.0007706878
091cf466,0.0023334846
1ba68b89,0.0010757949
5827a311,0.0013626979
23c02edc,0.0013030898
fcd69857,0.001887226
7d369e95,0.0014221896
4d12b22f,0.0021155523
8adbc2c8,0.00065319176
a6951ef3,0.00070637936
9f1b9894,0.0007660898
cf1b6266,0.0013666768
9ebb233e,0.00059218396
dccd8c5a,0.0007361945
4e9a60de,0.00074279134
ade151a7,0.0006320532
024bcf52,0.00058296666
c09ef3bd,0.0048462464
317f927e,0.0027034625
b4807481,0.0016924202
69f25c3e,0.00076382374
74ae4356,0.0021762932
94879cc6,0.004245849
3b3c0b99,0.00077133405
e0dc897b,0.00070712797
bb8eaee1,0.00079986174
f32e77a3,0.0006366018
4bfaffeb,0.017656684
34cc1773,0.0006729689
363a5f74,0.00093980593
a1a3ef70,0.0007079654
96c946f7,0.0005173804
3a24625a,0.0007779366
d61f0a43,0.0008668759
17ccf477,0.00087636866
60d7ea1e,0.0021083702
7dd3a828,0.0007383807
ed8f8c84,0.0007301115
d2883099,0.0011102045
a22e575c,0.0017573871
b104cc04,0.025192719
a425dc3f,0.0018174268
e6e753cf,0.00087618415
57d6edf3,0.0007948459
6ae47b54,0.0022675043
82342545,0.0008625222
f6cab0fe,0.0022187373
582e04d0,0.0006450782
67990d4b,0.0016267853
8a914073,0.0008555476
8f391529,0.0017538762
ccd1208c,0.0038040585
2b94ea73,0.0039606127
900945a4,0.0010757416
64bd0935,0.0012431726
8d8e7b9b,0.00057334796
60e40108,0.0009921367
16159b17,0.0009427102
af286523,0.0012362519
463c1060,0.003963802
2100a859,0.0008502744
3c37f5b0,0.0018820605
d7f2cc15,0.0008271186
102e3f57,0.0005409948
d36a2b08,0.0011715061
c41b4bae,0.00094751024
4672ac52,0.0011437187
84219608,0.0006888201
ace27a05,0.0007272665
033e9c40,0.00067238195
b2a18ee6,0.0010381028
4eccf6e4,0.0007922771
76e53930,0.0008891238
3eccd78a,0.0008928605
bb03357e,0.0008931525
2160145c,0.00062706164
ee028528,0.0005017675
fe475d7c,0.0039323037
58ef0d29,0.0013654468
f35f13b0,0.0016488761
a40d22d4,0.0006363185
b78eb878,0.0021343853
40d3366c,0.0021797991
31f2bfcc,0.0014193038
cf683edb,0.6147631
e97a9ea2,0.0037215566
7d5af95b,0.004664923
f48cd04b,0.0010022961
80e5616a,0.0016080575
6fa20aee,0.0006362015
943d469f,0.00058301724
5d87906f,0.00085015973
b0379aca,0.0013050933
d6cb5e41,0.00091205817
aef169e4,0.0007991003
94f4e106,0.011412554
45abf966,0.27309957
7c08b184,0.0011237196
9834b35f,0.00066380866
60925bb6,0.0027975768
d9aca829,0.0009860497
43968e39,0.00081726204
2626c3d9,0.0031783022
589f3e9b,0.014583832
e33b6e20,0.0007324004
885f1c04,0.0009884674
f4e0bc09,0.0006965081
604083cc,0.00065125705
eec7734d,0.0009616484
48a12dd2,0.002254729
e803c547,0.0010985322
0ec0e4ad,0.0013319117
2f8256c5,0.0006563715
f10d5849,0.00058982294
2b27a36d,0.0011267026
b5a31989,0.0020916695
daeb96ce,0.0007476894
7fe79fe7,0.002510687
0a4461dc,0.00078963605
454a6d7a,0.0017717774
f5dc52f1,0.0010392735
75ccdd6c,0.0006375515
2f9582e2,0.00090633216
0b13c125,0.00089508365
604745ce,0.0011391498
52844760,0.0005871435
c09c8b1a,0.00062187243
01f811fd,0.00074601365
225cf662,0.0006987156
9ee9d930,0.00061802415
1c33b264,0.0014416869
ef9ca431,0.0011825034
f95a2131,0.00062622194
34091faa,0.0012756962
f3ad01af,0.0020180226
b56db9fc,0.0086423475
2989bd2b,0.0010779575
496bb9fb,0.00067991385
9dbc1bb2,0.00068084174
f10973c4,0.0025315112
a3470965,0.0013768931
584849c5,0.0008704943
79cd8cc7,0.00068466546
05daa6b7,0.00072170136
711f1282,0.0016472059
79a019a3,0.0012233084
71dc4187,0.0021903068
4478ec82,0.0005733865
4d1634d2,0.0010551508
d9c1faae,0.00051476056
eb013479,0.0005772452
80e1cc59,0.0010085396
23eda31c,0.0022889692
6d9efa25,0.0007704091
805694b3,0.0023534175
8396107c,0.00094196055
09060a12,0.2990551
3216d3c0,0.00072736037
58ae8a0e,0.0007805593
cc24245e,0.0013727569
e8b81b73,0.0013503786
cf8f50f1,0.0025232383
a386c0ba,0.0010313601
cbf319d3,0.00064377947
8737cfb1,0.0038368043
3f0a05bb,0.0014827303
4d0cc43b,0.0006549718
d532dbf9,0.0007230572
5014a065,0.0015093266
c0372fdc,0.0009816693
d7339622,0.0007045681
f8b66248,0.0007341334
7693b2d5,0.0013787708
0a9997c1,0.0006318974
8e9aecf7,0.00076785043
c8e15332,0.00075616624
058f6758,0.025450809
03a0764e,0.0012481202
8f6922df,0.0011927548
cd067fd5,0.0009481117
b0367e75,0.0011508415
407b4993,0.0005462877
30f4fa5d,0.00051618984
31ad03f5,0.055457886
ec8926c0,0.00085653784
9a4ccbb7,0.0100390585
a65cbaae,0.0009563139
d327bacd,0.0035398987
53bfffce,0.0020846564
4dba24df,0.0014353059
3315448f,0.00058415416
404d0d7d,0.0009543115
0aea2102,0.00065655366
d7c0d37f,0.0006732348
0762d141,0.0006535321
18519b5f,0.00080523756
72afc9de,0.000737033
9b777ab0,0.0017987569
e927c614,0.0009667248
cbe71c36,0.00065673015
1e094fbc,0.00080314826
b9c5f2f4,0.0011934214
c304b047,0.0014841286
3b9ef292,0.0011946725
b143d30e,0.0014919768
d97af50a,0.0024972206
5f46d494,0.0011430815
d7fd756d,0.002960483
0f1c2d4c,0.0014456792
a9a11fac,0.00048080157
c751f8bf,0.00086209626
ec0dc101,0.001555202
23b351d5,0.0008598587
0d726eb8,0.0017633137
b9da34cb,0.00069203036
68e9cfb7,0.001061714
cf2aaf32,0.0006599388
1c4b9f74,0.0011859823
65430035,0.0008216681
26edf04f,0.0020850096
ad83528a,0.00073193223
027d9932,0.0023844913
fd009455,0.00073232956
9b18ffce,0.0005599358
86887e3f,0.0014712141
e4045c79,0.0015661258
4f57bdc5,0.00078939344
c7a11c59,0.0016091511
f858e736,0.00068706495
f9cee604,0.00076760247
7021e412,0.0024659894
69416580,0.00083501666
bca0c8ab,0.0012233339
bc489c6b,0.003899704
bd6e19a6,0.0008579649
7a40fad2,0.0013738098
b92099f2,0.004407353
ffbb1796,0.0027080278
f17dca43,0.0011194448
5788ea7c,0.0021724538
d090ef57,0.00057930604
e51c9a2a,0.0010811656
f5f4b888,0.0020838531
893835bc,0.002722936
e06b22a5,0.0008953222
54472068,0.0009036775
b08e16a0,0.0007346898
8c47af9f,0.0013902712
6a84519c,0.00070986926
93b4e7ee,0.026491884
97a44134,0.00051753264
87523514,0.0006325569
78dc84dd,0.0013401257
2062d70d,0.0006887157
34109839,0.0009926051
58bba89a,0.0006799333
5e5da67b,0.0026137747
53f44968,0.0006389207
7030e398,0.0006960204
5e106176,0.0009239515
e5dcbfd3,0.0019726201
9568be00,0.0014513598
17e5e2a5,0.0007232019
8ab8dfc8,0.0013940877
a3262240,0.001068317
74bd6430,0.011178553
a2decaff,0.008782035
2740c28c,0.0006897098
74e5559a,0.0008012074
9c83481c,0.0027129026
e894e5e2,0.00205186
57751009,0.0013961066
b6ce0686,0.00050179573
fb46008e,0.0017736752
c8de87ce,0.0020101613
b887752d,0.001987689
2729a496,0.0026771266
db8d9f69,0.0010358089
5a989770,0.00092966395
e9283302,0.00073434185
aca2233a,0.0012392575
35867e64,0.0060163746
ea66d668,0.0010052746
1554c699,0.014750329
4682178e,0.0010515588
597dff3e,0.0016853422
ee569df1,0.002719826
89d9e8fa,0.0006363113
2247e4bd,0.0016093089
0d09732b,0.0014381127
80d8714f,0.00087541476
0d9be634,0.00070374506
936ad9bf,0.0010206884
d10a81a4,0.0006024859
df7d34f9,0.00059742073
ff6e1d9a,0.0016806673
7b6748e5,0.0010101555
f5c69744,0.0005692195
393d51ec,0.02411224
c21cae7c,0.0007425011
8f0df492,0.00091285206
7205c1e5,0.0035724537
4133d8ed,0.0013778015
29867c27,0.0033871073
c51ea877,0.00058091054
f2616af3,0.0010092325
4afc7d07,0.000877541
8e03dfd9,0.0008947806
ed9ba3c0,0.0004646633
09c27e2c,0.00077028875
641132fb,0.002320083
4bf2cbf1,0.0006587216
bbda4d7a,0.001003197
ea712bf1,0.015398902
6addc3ab,0.0016235574
a0601cc5,0.0006896881
f2034502,0.0015797496
07d8b90f,0.0005534819
bf9a1406,0.0007886701
65f20776,0.0027398278
46b32fa2,0.0013412487
0dd6681f,0.0011261973
5e762cf1,0.00066228706
41ed87ef,0.0007780304
1a3dfea8,0.0013521881
0a87cb1e,0.0015858457
fd5995ba,0.0010378037
156455a9,0.0005786703
9bfe0bf3,0.021230591
082e4d65,0.0007120245
9276ad0b,0.004629547
dc3250d5,0.0009211948
0463c52e,0.00078075536
17982add,0.0007513751
50770620,0.00045558705
90c42de8,0.008870643
ecda62f1,0.0012824368
4481063d,0.0009566174
fcacf525,0.0013177432
ef05cb6f,0.0009448729
75e49573,0.00064083806
7f39f3b1,0.0011456655
7e68e15b,0.00087369274
1d79e596,0.0010133369
d9052f19,0.0036347844
ad2086fc,0.00080528745
110353b1,0.0022542216
39a86f47,0.0010457804
c64195d4,0.0006708931
f0b72132,0.001206068
dc3fe97f,0.021027233
0ea94aaa,0.0008260915
1a4b1c1b,0.0008523961
afb88524,0.0012882776
a214b32b,0.00072338624
5b2ef874,0.0015228956
7eaf8e14,0.0013578746
f68f7f41,0.0008678842
13f67451,0.0017846243
ffa6dab5,0.001562275
424157c0,0.0011472863
f83957af,0.0007057112
cbb2ec0f,0.0025199063
8afe4258,0.0012897471
94f963a1,0.00075357646
39a10f59,0.0014908725
8227073d,0.0007888126
1730e682,0.00077479123
fe7f8460,0.00083779776
8fb4895a,0.00090925174
930cd214,0.00072402286
78fe21fd,0.00062548823
a928cc67,0.00051920733
eb17ad2b,0.0009254501
5445f768,0.0008726835
c722ac7c,0.0009307239
31de2149,0.0025354887
db2f73e5,0.0013216812
4572309c,0.00072314957
f60e6a16,0.0010742152
6a070276,0.0007283759
67dfd97a,0.0007055505
126c939c,0.0011839815
38dbb9d2,0.11713077
a0a3601c,0.001478288
df006f41,0.00058164494
b764153a,0.0008804238
47610103,0.0005862896
847e074c,0.0056638382
d1511303,0.0010907941
1ad98898,0.0008922818
121a672f,0.006115256
0027891e,0.00093001523
cd08a6ee,0.0037566556
dc7ae851,0.001482911
236be363,0.0010625892
2c9c3757,0.0011043083
7dff14e7,0.00074818265
6c62c9e5,0.00080022577
186162c6,0.008194891
f4cb26d9,0.00088619365
9d054fa7,0.0006165965
0d181dc9,0.00067667814
5f7ca8db,0.00089510716
58aaa729,0.00392
29515df3,0.00055802765
e63b5618,0.00075532426
cb7ae9ce,0.002784863
3078bd8a,0.0013922919
4c4dc2a2,0.00080466113
c5271566,0.0007250731
7ec67b44,0.0011107959
6243dbe5,0.0010365976
eca55758,0.0013043514
31a2c4e5,0.0007144708
1d018027,0.0014198363
3d8664b9,0.00057498016
36c45d7a,0.0012365268
0f913670,0.0011638148
3b78ef9a,0.00062065804
aace2504,0.00078698545
cf12d7a4,0.0013818088
18bd1bbf,0.0028754468
d4246871,0.019603753
001a7394,0.0010048581
37bfc018,0.0026601017
2f8e044f,0.002208702
187f6981,0.0012545598
4547131b,0.0011738099
09d6a64c,0.00084340747
476391f1,0.000772553
d8f86193,0.00080636214
937a9d46,0.0007427333
e3a3df86,0.01830041
bd1cce71,0.0010013102
e8c545c1,0.0005982099
d006fc5e,0.0007156463
8d8ccc0a,0.00060204015
bc8931fc,0.00096210715
9591034e,0.0012247949
85f5ee62,0.00078528194
94f829d1,0.00090958277
0b5d954e,0.00046784861
1fbe61b8,0.00068672164
a1ca3574,0.0009267261
bde7a59f,0.0016112269
8b913285,0.0009916617
c8f95759,0.0012373958
d8dd48fb,0.0008882424
8b4296b2,0.000749805
6228db94,0.00061449653
b2a056c8,0.0010427525
f37ad489,0.0006333713
1fe1011d,0.0008984473
0f69fe02,0.0083799455
287621ef,0.0007308198
bceac7bb,0.00094932975
d1e65047,0.00097042293
c0ab65ac,0.00079564005
f119b7fc,0.0005663481
5bdc33c9,0.00082872645
b6e642b6,0.0025631483
7b8bfec6,0.0011211637
59248411,0.0006238712
7bc58226,0.0012302364
163184c6,0.00088795554
00a3eb83,0.0010712531
54249ff2,0.0010655893
39b65a6b,0.005236109
012d6409,0.0011180413
9eeb99ec,0.0015538217
cf5703e2,0.0008176635
a96a9678,0.001090991
8055c683,0.0009832582
1a89d5ab,0.00068047066
a1de87e3,0.0005822703
2a497058,0.00066623517
962f2cc4,0.0009519042
19a53634,0.0005791037
06a1032e,0.0011771417
82241c12,0.0006107652
482365f4,0.00081232406
bc96aaf3,0.0006483593
3e7b76e8,0.0013097852
b1443846,0.0005474394
4341515d,0.00073488726
6bcf3653,0.0010922982
07f9166b,0.00089587
ec27412e,0.00080432696
6701b64e,0.0010869866
f54e9180,0.0007953626
9cc50085,0.00090613693
94d6e12d,0.0006641469
5012a7a9,0.0016574282
a09068ec,0.00084398594
266d90f4,0.0008292138
3740fc41,0.00078507507
a2790d53,0.0015243364
e8b479db,0.0013895511
94bd10e1,0.001602265
aab29ce4,0.0040637525
a4394931,0.0009827315
44b3854a,0.0014777599
b6455ea6,0.00095393514
f85ba633,0.007425325
12143d8b,0.009291362
84a3f317,0.0008453123
e4daa0b6,0.002228622
20c5ae96,0.0007939201
08fad993,0.0008956374
ba7df72f,0.00067217374
9a7a7b10,0.0007284283
5a1860aa,0.000666614
0e3bb9b2,0.0016901707
ffbacf09,0.0008255163
b9f0a755,0.0011392143
745ac95d,0.0015528396
8b38c269,0.00058446213
bb621379,0.0009760253
37f28520,0.00071597885
a0406375,0.0014868617
f7a78863,0.0011328873
e4e3c7b3,0.005935018
70ea9a13,0.00089850504
a7b011c7,0.0006336926
8a972322,0.0006565217
1308423e,0.0010344835
0e5e3d8e,0.0006594798
cd8bbbf7,0.0007598165
88d965fe,0.0006803572
59f4c90b,0.0008053896
89a65c02,0.00085103465
9e857177,0.0005160516
9dd28695,0.0016522668
66479e3e,0.0013560815
213ea95b,0.0014734153
2e4fbaf3,0.00056621555
165e41bd,0.000703619
09c28867,0.0006959242
d0386eb0,0.0008300106
7ee3f3cc,0.0013053064
629c47bd,0.00088734616
f33e2b2d,0.0029228537
74a0f653,0.00067709805
23ed3ed9,0.00058314175
dc68595d,0.00068591547
27bc0159,0.00076374016
4caf637a,0.00096797035
8a246f06,0.002765028
b3bf1cae,0.00078972563
4718c129,0.0006515473
de3ae315,0.0009773015
36e51663,0.0009760174
3ee68caf,0.001836797
8a42ca48,0.0010384519
0d79bf43,0.0010445446
bb0860d7,0.0007765638
3e386f47,0.0008731572
836eecc0,0.0012842029
e5a7486c,0.00064838096
9d53038c,0.0016631451
135ee74e,0.0006668078
57a7dafa,0.0009887646
4cb1b8ec,0.0006988685
1fc06c0c,0.000849219
efbc8fd4,0.0009573408
2287da6d,0.0013536067
9df7d09c,0.00071026786
fab40dc5,0.001100267
79843169,0.0024181125
aa9b2435,0.0012211656
03428cad,0.001092954
7c0fcdeb,0.00065539114
e46c0149,0.0009163709
097cb42e,0.00093550433
a61d8eba,0.0006475174
b9fc764f,0.00059515284
16f798a2,0.0012812623
686b11ee,0.0006870552
89e25317,0.000657948
39df4ef2,0.0005385215
218a3b44,0.00087318546
cde56e41,0.0012858933
f13837fa,0.0006250205
be581523,0.00097611867
f5af44f9,0.0014171293
018aeaef,0.00064734364
b7020dd7,0.00066289987
30335cc4,0.00058364635
bfdd6695,0.0005292496
4da6b230,0.0008422723
ae06f81e,0.00061011966
147e6e15,0.00060091
a5503af5,0.0006874727
6700efa1,0.0010540617
7ee2691c,0.0012861358
64e4409a,0.00070939923
ca861a42,0.0007057028
02c9e3e4,0.0015153246
8697314a,0.00062742876
3941117d,0.0014834604
bae4a6b0,0.0007918137
2d6a9b6d,0.0006043847
53916b7d,0.00095468754
11f56181,0.0013385472
3df28765,0.00081581715
cd6818fc,0.0071221436
9418b9fc,0.0010628494
383f0653,0.0012123851
839c1b15,0.0010574078
52483c75,0.00052459334
b5e2b4ec,0.0015615923
b3479617,0.00051186304
50cf5915,0.001957032
fe3de5a3,0.010461966
a6547ea4,0.00082122383
1d52afc4,0.0022146704
e247a2bb,0.000992224
88415032,0.0009243626
7b6cf202,0.0007586787
ef9fbfe2,0.00071556546
2ef6ec8a,0.002362453
6835c96b,0.000695302
c083d496,0.0007021928
612ad3c1,0.0011183146
381c30de,0.0006812386
36f51397,0.0008159252
ecc800e4,0.00088544376
41fda18b,0.00077649864
7be50528,0.0017058939
b9ff21c7,0.0011389175
159e041d,0.0007184925
c6690649,0.0012366946
16292bb4,0.00086071034
0c724be2,0.000752688
613d2db5,0.0005096338
256fad29,0.0011428593
7cde69e5,0.0011896413
9338b0c0,0.0012877806
e76ed6bd,0.0010786282
e169c3f3,0.0013635824
7d350a15,0.0039569596
75f4c6d5,0.00085449993
f143579e,0.00062700664
31f1f7e2,0.00072259054
fdcfc38d,0.0006511177
98f2fc14,0.0008966151
3ab83955,0.0014321451
fe5d3e6b,0.0007223237
14b176e5,0.03482321
1f3910d1,0.00096071756
6ef512be,0.0007964039
d901ab94,0.0005926922
25d01b44,0.0008975634
a2d08206,0.0006441152
c81e6e24,0.00068882597
ab2fddd2,0.00048651037
5eb9723d,0.0012819666
4b7c92a4,0.00057205075
6fd70e70,0.0026281243
b33e22c9,0.0008134015
5e044a7f,0.0006304288
774cb8fd,0.0015426229
6db8d1f1,0.0010074294
90754f52,0.00074446196
12bb305f,0.00081003254
85b42c4f,0.0006254436
3daa0c94,0.000871415
09483c18,0.0006708931
bce2b195,0.0006010231
e8003c4c,0.00070855673
211f3493,0.0018310411
3f76b661,0.0006178672
052cc406,0.0016442391
c800aaa6,0.00089395227
1e5ce76d,0.0006617583
94bc8513,0.0005671527
ff708bc0,0.00045055753
edc5ca19,0.0012482223
c76cecc7,0.0006343657
b7c309d0,0.00072195934
ca0db96b,0.0010493781
2e439738,0.00088887144
19d169e8,0.0007305928
b6c58f6f,0.0007412085
9ce8b581,0.00063772406
162b226c,0.00058150163
ea316391,0.00071895175
76c1b7c2,0.00090654066
106ab704,0.0015417403
7350b297,0.0016877546
a3d2d101,0.001247495
b7133ef4,0.00070915057
ab65dd3c,0.0015453632
5f5122d5,0.0005704598
6639bf72,0.0009634794
9b6ad74a,0.0006286133
a1d3bf25,0.00064650824
fb11b9e5,0.0007819094
37d3cc03,0.0007163696
a3be6655,0.0007625551
04544076,0.0007225626
4a9489a9,0.0014736637
7dd0464c,0.0014942994
cefa63e2,0.0007099001
09bec4ff,0.00053827383
f12c323b,0.0006901362
5d5dbe82,0.0031315486
7263a811,0.009989552
88c13718,0.0005715834
6b3a0e92,0.0011452656
d90c2c60,0.0011812077
c27cf476,0.0009454717
9e6315c9,0.001032115
ca405e25,0.00081683265
d345c87b,0.0010531744
988c0a11,0.001038588
de2fa229,0.0010206831
77bbff18,0.0015888845
57b3d9b6,0.0006791963
73361118,0.0010806523
c0584815,0.00069051643
9491d65c,0.0006418622
2942e030,0.00047282016
c7c5d0fb,0.00072033954
be16d47a,0.0011278925
7ee99b69,0.00075548515
0600507a,0.0006266918
ebe90d5c,0.002335778
415287fb,0.0018184494
ff1bb1b8,0.0013341893
30a4f6dd,0.0011501812
efd2c7a5,0.0011066957
6085ab2b,0.0006999162
0a489e4d,0.00092134625
4c7d0a1e,0.0021999455
c684bd2f,0.00077076093
7b8dd4f3,0.00076323736
b28e3e00,0.00088647957
8b45f088,0.0012031639
bf7c9181,0.00076576794
6d92ca5f,0.0006156089
d37c0092,0.00061486155
a5b67d49,0.000625243
736fcbe0,0.0007133081
3c38b7ae,0.0010232009
506c9d87,0.0013285183
24be2fb1,0.00088679336
b6afda63,0.0011625007
2159ecce,0.0010063809
1df90c17,0.0007476559
16697215,0.0028850178
baad86a2,0.00080073153
9811c966,0.0012643997
8da23f28,0.00089700974
8c62dcfc,0.0009186924
c6baaaec,0.00056781986
9a96868e,0.0005501914
4a528d67,0.00073018076
84059c73,0.0010879206
09dcc0ac,0.00059362216
bcd503a0,0.0019604007
437ed9b4,0.0006293979
79ce278c,0.0011372176
1ea5bbd3,0.012333747
5d18a740,0.00065194635
426865f1,0.0009033448
c965f05f,0.00067749404
108a5a5b,0.000713642
ad5d66fe,0.001779821
c9e43a33,0.000796174
992c32d0,0.0008947703
a59c3a70,0.0007700873
e94ed868,0.0009618294
c2c6e747,0.0012564684
0d1c3905,0.00062324776
a2781df6,0.0010026371
adcbeffb,0.007600714
1ed38d85,0.00071487983
e3129dd3,0.00075189833
ef53e602,0.0006446636
05c9f212,0.0008518391
9147415a,0.0009204798
d30fbeed,0.00088402076
858e94da,0.00092411257
fc0ab983,0.001255509
ecf8373b,0.0010067328
86e09d6b,0.0007962795
2927373e,0.0005651733
aeb4c2c9,0.0008776656
7f18a67a,0.0008384091
1f87880c,0.0017218449
46823bab,0.0006686953
30c3991c,0.0008947277
abe3a420,0.0008710996
ed8dac6b,0.0019901197
72b44b1f,0.0012518753
920b042e,0.0016623861
11fe92ca,0.0009284109
4f389113,0.00058519345
c9e35fb7,0.0010360053
b8481477,0.0010926219
e8c635a1,0.0022989288
6b0c154d,0.00079428975
8e06f3a0,0.00095457985
fccd0994,0.0005793088
e9c48c2d,0.0027517488
aba3ba97,0.00060182443
544ff70a,0.0004926684
57a19eae,0.0008519868
768ff71a,0.0013028334
53f83673,0.0007316811
44dbfb82,0.00063611515
2b56fb3c,0.00070938707
54b99e75,0.00076736
874e6d47,0.00075074926
098bf0f7,0.00081857917
246c9344,0.00076657615
e5cd07aa,0.000777122
ed268fb6,0.0011209815
1b9e5dae,0.0024401322
9f4e2bda,0.004801208
7c8cae88,0.001647194
4274893e,0.0007653787
33a58e6d,0.00076834235
a9979ec2,0.0015781095
aea1ad8f,0.00067465234
43c4b616,0.0006033717
01640203,0.00088317844
f1624dfa,0.0011530207
032d1666,0.00075852254
e6f800c0,0.00067570247
125e001e,0.0006430206
7a1eb239,0.0008560989
4192c90f,0.0013128489
f1f94325,0.0016320258
b6e36429,0.0016708394
a5bb4992,0.0006256009
13ae5ecb,0.00072032097
db6a45c0,0.0009052753
a2ef31e5,0.0010200712
1f74278c,0.0024846334
177efc0b,0.001095029
81e569fc,0.00092517334
43b8a01d,0.0008193034
a42958df,0.0012143985
008a0412,0.0007539561
3f3ce12e,0.0006906537
246620e8,0.00088183215
7f9fad46,0.00085730414
583a4de1,0.0006112116
bdb24d9a,0.0010494206
27589dee,0.00076254347
cee3411f,0.00070837105
59b50670,0.00092059467
04e800f0,0.0015671306
fe2cacb2,0.000899362
0aa186e6,0.0008712224
492ca0f1,0.0006197359
ce93d977,0.00069329253
1a087dcf,0.0007598798
5b8b9acf,0.0013634358
5556326c,0.00057386985
19f418bf,0.00068389915
002dd9bd,0.0051051583
55c06cf5,0.0005590975
52082119,0.001448954
34885426,0.0005610008
b06fce9d,0.0007407491
812ac6cf,0.0005449898
00e7896e,0.0010997537
cfe1f2dd,0.0011821154
81164e45,0.00326336
af027d2e,0.0008316879
defc65cb,0.0011525952
992ccbde,0.0007296167
2361494d,0.0013889916
f8636854,0.0014747959
9fcdb4ce,0.0020511788
4d5c4045,0.0013687101
39eeae8f,0.0006668329
a6603c5d,0.00074071455
8a64b4ff,0.0018079998
98986241,0.000893003
256a95f3,0.00068636076
55d7396c,0.0008144407
d88ac462,0.0016883437
f74ae4fe,0.0010375031
37342519,0.00067523704
75dea047,0.0005765678
9dcd43fa,0.0006904247
85b2a88e,0.0017404236
a022aed4,0.001017946
115ff82f,0.0006428405
58f5b0fe,0.037130713
5b02db6e,0.00081667653
095a4480,0.00071437616
eb295109,0.0017000053
9bf00d29,0.0033898382
bfb589e5,0.0005158997
bccc2cf5,0.033651583
5c3044c5,0.00062958815
4e3505bf,0.0012059152
5e6b2704,0.000566536
1eb498f8,0.0007775709
a41236f6,0.00077775464
11d2b729,0.0007504855
d58ab6d4,0.0010106879
8ebd6d29,0.0011394232
c0f5c1a4,0.00066258945
3a501c8e,0.0017989367
c36fcc8b,0.0009542415
81edd915,0.00083415734
76dd952b,0.0006123906
547db421,0.0012885093
76f44d8c,0.0018533865
e7aa5438,0.0015397392
956a3e24,0.0005652005
48f7141a,0.00078033545
83cadbef,0.0009249692
9987f295,0.00073315424
6bfa8d17,0.0009612202
ab987484,0.0010973854
08ac69d2,0.00074970035
f18c4fed,0.0006972895
e0e8d363,0.000902915
e0e606f4,0.001027405
e99f12e4,0.00093738694
2ed10668,0.0010223396
1bbb2c4f,0.00074967364
18e3cf6c,0.00060314144
bb0defa2,0.0013122439
a91c207c,0.0007441406
d8ad1466,0.0015325287
daa109f2,0.0007709945
fc3ffe66,0.0009922307
798e4abc,0.00068767846
0c08c967,0.0006235829
853157ff,0.0010720106
6425050a,0.0016921213
9dcce766,0.0010519656
7bdd1ed8,0.00271859
82b74dec,0.00086506724
2c33c61e,0.0013195241
aa3098a3,0.0011810631
265478c5,0.00078222237
a74d73b1,0.00083271833
202d0d88,0.0010749671
717f8458,0.0022621686
eecc28f6,0.0006906406
7ff4cdc0,0.00057935045
68997e03,0.000766859
dfe69a6b,0.003548258
b1b63463,0.0013952904
d900fb81,0.0009530177
9b6a844d,0.00094315544
af0d834a,0.0011899009
7624b70a,0.00069317827
bb4ea9c7,0.0008058632
dfcb8b63,0.00076386717
40f11e4b,0.00081525836
17d50da5,0.0009765201
09f69fc7,0.0017470423
a71062f6,0.0005710503
04df233f,0.0007981642
43f4aae8,0.0005359892
382e2b7d,0.0010959378
71bb1510,0.00077918934
09b40b87,0.0008346464
b3d6dcc3,0.0016021285
9de853bd,0.0009988291
4f4a68c5,0.0008609319
3137c2e3,0.0010808088
7149c7aa,0.00068228086
183e10a5,0.002154481
5bb5abba,0.0006306103
24c1eabc,0.0006525459
a8114c1c,0.0011958873
e67db978,0.0011649893
f586c559,0.002117762
7982bc3e,0.0011438826
331ddcd0,0.00065185875
3fd884fb,0.00103106
3a734581,0.0012064357
4f536c61,0.00090215175
7bc9d783,0.0011118132
4794d4e2,0.0006755328
2689b906,0.000618043
62c68f38,0.000608322
62d64216,0.0019023193
0af3bd0d,0.0007871857
b22605a0,0.0026726488
64907f8d,0.0010868758
99b53eaf,0.0077471416
e540870c,0.00093689276
baf635ad,0.00078980916
276a4371,0.0012316563
e995fc7e,0.00085008284
4f6f2e72,0.000760016
96cb60b4,0.00072486233
9c2404dd,0.0007488981
cefb5b21,0.00064329617
83522d24,0.0007959991
c58a06f2,0.000593092
2a18a8d3,0.0009470468
8615517b,0.0018941667
b6500aaa,0.0015960033
737934b1,0.012176924
f08df47e,0.0008643331
1833c6ee,0.0007230665
0389d204,0.00061403256
82894a81,0.00085199455
9262a1ec,0.0010667366
36d945f4,0.002980925
ba431826,0.0006009102
eb261bba,0.00082075136
3dde938b,0.0006280742
2188581f,0.00058596034
5b320650,0.010298513
430123fe,0.0012856611
f91915d8,0.00087573135
14a4d6bc,0.0011691927
1326dfaf,0.0007340428
2fc4fd32,0.0010081058
fee9efc8,0.0009965255
2a5d4af8,0.0009499427
1ed58117,0.0010169665
ac35fda1,0.00057550287
f579e601,0.0008360656
ff25e8c0,0.0011556338
081de6a2,0.00064752076
4be500b7,0.0007071684
9dd31edd,0.000660869
13b9d770,0.00061885524
8b68d88c,0.0006510287
74874c5f,0.00068997114
2b81e538,0.0005297624
6b3048fe,0.00059086614
07302256,0.0007946891
02ea2577,0.00084561604
85cff6da,0.000723132
15998871,0.000593647
e4dd2958,0.0009218657
e4e67d4d,0.0018022911
f7ec33c7,0.0023579428
9e53b133,0.00073477766
bb9a9927,0.0009069982
899332de,0.00069487613
4a439ed5,0.0011669386
c43683f1,0.0010237859
3fc6913e,0.0008613454
238ba2da,0.00091649534
333ffe45,0.007795349
274b83f1,0.0029013916
52047ada,0.00090037374
3e68b773,0.000807908
dbb2c2ae,0.0006965954
49b686f3,0.0050614052
20f445dd,0.0006864814
95b235a7,0.00080250605
622c150a,0.0007611699
9d461835,0.0005892607
62f69be6,0.00086297566
68d0113b,0.00055936776
ecd5a6a8,0.00087920105
06ae31fd,0.0024714754
b4871ac1,0.0008913357
90cad174,0.00075298175
675f6629,0.0006781504
69b9efaa,0.0015337777
216750e3,0.0006547977
b3f34532,0.0013568166
575c11ac,0.0015448123
8e9b3a7a,0.0005977585
f01427b7,0.0011092278
462b5393,0.0007861119
49f7d17f,0.0020433394
f6b5a087,0.00074994727
3319a922,0.0005638497
f60eca7d,0.00069987157
e47ac56f,0.0008346468
5369c9bb,0.0012092516
1f184168,0.00057234307
f774b40a,0.0007210153
d9f5a070,0.00076138385
78fac980,0.0008550595
643f543f,0.0010296479
2fe4db17,0.0008609983
a4750055,0.0010585674
776f64df,0.000960956
fb93d279,0.0006603896
0df1230a,0.0009073154
e7edb235,0.001173588
39b2b8cc,0.0006200862
e80ee117,0.000761419
9ccbbce2,0.0019767033
2f5eefaa,0.0021544779
0e4232f7,0.00093490334
75ff70d3,0.00062165316
1f156805,0.0015697186
4599fece,0.0064399047
e6a6ff4c,0.0013561901
35d38814,0.00083189114
6ea90cc6,0.00093693606
430cb989,0.0011354667
40148f9f,0.00079987664
d13afee6,0.00067480153
ae715252,0.00082305114
bc53c315,0.00087880116
ba0ce831,0.000605849
96556c19,0.00056977454
855c216e,0.0007675275
6e2040dd,0.0022153512
0f3e1036,0.0010326747
f139bec9,0.0033874514
0639edfe,0.00090442784
f31220cd,0.0011948938
9ce45fed,0.00049997115
296aae36,0.0014477996
0c4bc5f9,0.0009949219
01911816,0.0011700807
fc0e2788,0.0015776302
09bd3a36,0.000542725
bf214950,0.0013917815
e2f7fec7,0.0008714773
2ab233f2,0.0006284365
75879853,0.0014890465
463de51e,0.0008371749
ff24f48d,0.000732813
ca31455e,0.00067551766
02c6376c,0.0019850365
cea3129c,0.0058100745
755abe93,0.0007016693
bfac93f7,0.004514475
93608818,0.0005021823
552a136e,0.00084239343
97ca3a74,0.00078830234
4568e50a,0.001060117
4add5bba,0.001546167
488db47c,0.0011356339
f944535e,0.0014112425
9fdffb75,0.0006503459
cdee85f2,0.0028420126
032cc3e8,0.00055348064
c18dd848,0.0008618802
be9cc51d,0.0026611772
1dd8b4a7,0.00077543827
5f07c790,0.0006256737
6ef14258,0.0017008511
e71d574b,0.00080313935
21babec8,0.00092462165
ef6cc480,0.00069357007
d28879f1,0.0006929173
65229d07,0.0011610708
c3b9e714,0.0018693659
52f504f6,0.0007545473
9fd81cb5,0.0038716448
dad9a544,0.0012040547
5b19c444,0.00062552164
5ca13bd8,0.0016370915
78252179,0.004381286
8f6a03e9,0.00457528
503d7f90,0.0016938469
977fdd5a,0.0017469781
82fcbcac,0.0013563747
3434d17d,0.0007550163
81e1354c,0.0006330322
7f744971,0.001322996
1f899c63,0.004311254
d198aee1,0.0008463834
a42887fc,0.0007057532
3d8b4256,0.011460286
6d38462b,0.0010720335
71fbe4e5,0.0009958398
e73e3839,0.00090067834
237fbd79,0.0007545358
e1b81daa,0.00071733654
819ef1d6,0.002146658
36fe0dfe,0.0007477422
f5b6cf90,0.0011708958
20eedfbc,0.0009283946
347242d6,0.010622987
5a896032,0.0013274698
07f7afe8,0.0008389358
0bc91e44,0.0005470747
39eae18f,0.0011746539
744d07ac,0.0005960316
c377b225,0.0005191972
e7f49c9c,0.0006068639
b617537c,0.00060160825
56d355fa,0.0007347542
1bfc79a5,0.000943434
7309d3ce,0.00056779874
4ea140b7,0.0043905373
c9c6e086,0.0009306095
b15f40eb,0.0045140935
466a6289,0.0014587833
9266a5e6,0.0029960934
be4a5ebf,0.0014259991
f9c2962d,0.0007016052
54d9b785,0.00051939423
8f1d7db8,0.0018355646
61b9dc5c,0.00056113314
08764fb0,0.0012166064
5236d46e,0.0010401055
f8500cd5,0.0010270048
3603da5d,0.004662121
b21a85c1,0.0007212015
2f9a2752,0.0010082676
9d59baec,0.025805892
f47c86ce,0.002162643
6b813d0f,0.00070884643
bd173504,0.0013862414
5a76b1d6,0.0011453459
059457cb,0.0017436543
9f2642e7,0.0010393397
58f8794d,0.0007686503
f6b53c5b,0.0006799103
6b1b1a77,0.008427637
46fe8480,0.0009020121
3575fe11,0.0013690764
ad9a80c0,0.0011588831
6ad2d1aa,0.0017344756
3033f439,0.0007251249
99d29809,0.008573253
9cc3609b,0.0009841725
a5ad5dea,0.00070016144
a6263a0c,0.0006975227
82f0b92e,0.0007294498
d6c8e5c8,0.0009926046
ac3f0807,0.0036613664
04893cbb,0.0007138753
7696fd81,0.0018526166
b2b2b227,0.0008695965
c4e0a832,0.0067303553
dbfbe25d,0.0010930195
fe581863,0.0008628076
158b50f0,0.0030723682
5c0633ff,0.00053876
c7ada622,0.0043049357
72567de6,0.0022975053
f04c2cb3,0.0012346703
60d1c04a,0.0009009448
7dcd8d05,0.0006988348
74407ad2,0.0005338831
8e4d5047,0.0013895935
7a614b54,0.0005515408
bb8c6d81,0.0015369992
54e1b1e3,0.012686946
53999c38,0.033658344
e5d36828,0.0010347663
d4641d05,0.0010596748
46e34496,0.00072416326
80e0ea43,0.0010189605
4102de6f,0.0008008639
f9b97fe3,0.0007457027
99636e85,0.0014689337
a7d1b84f,0.0013394782
24d21a7a,0.00068371836
6ee22a05,0.0028163292
acd3ab0a,0.0005403975
911014b8,0.0010671152
c1b747ac,0.004799695
53be3840,0.00074766815
ff918115,0.00085251307
f0237067,0.0012743748
6bfc489c,0.007758594
ad6643b3,0.25578704
bc186eed,0.00079118385
14b67867,0.00095565134
a7d474b5,0.00088972977
7b2d6c69,0.00072595605
a805e0ae,0.00079070835
d6bc0d02,0.0012338356
4a416c17,0.0007336207
ddacde1c,0.0007009138
a30f17ce,0.002332194
fe213121,0.001235389
472216ed,0.0010026905
f6d55520,0.004924071
05b31423,0.011855813
cac4cf17,0.001750571
e3806b77,0.007767237
5ee2ee8d,0.0008079373
bee6bff3,0.0011077927
93664e16,0.0014036268
c0975b8a,0.0015086936
71ac3183,0.0021135472
44274b9e,0.0006376809
f4830014,0.000940286
acf23b5e,0.001684824
eb27ce7e,0.0011755527
a87c2334,0.0006994548
e18ab437,0.0014137493
722a881a,0.0009153212
906b2565,0.012926896
428c6740,0.0008373325
2d73403e,0.0016107253
8b06c385,0.0010992624
cd4ba8e9,0.0005838792
067e5fa2,0.0013696405
1c660b61,0.0015857295
04a7ff12,0.0027155692
9cc12b99,0.0012274167
06133368,0.0018109194
79578bd8,0.00090137287
ed9e8c5d,0.0006357645
91ce59aa,0.0039918893
72fd7c36,0.0006587499
b164b216,0.9068675
64a26085,0.0036606134
f266f5ad,0.0007641554
af2db1d7,0.0018162057
382d97b8,0.0006606656
8078f3be,0.0006161016
657979c8,0.0027524005
59c65135,0.0010039428
ae8a87da,0.000979123
cff0c499,0.00097282423
25e5f1b4,0.00087040017
813d49ea,0.00084537757
d64d3ddb,0.000620234
716c63ec,0.005001957
ddd54e3f,0.0043233987
c49140c1,0.00059079827
bf28271f,0.0004966808
07c97e4c,0.00053298875
1cf4c8dd,0.0004889584
cdb11d8b,0.0010562325
08b802e4,0.0146520985
ec512df3,0.0013956558
5aab6f1a,0.00069592387
f0d2fa29,0.006046424
da8ef8ba,0.0011802152
1e062864,0.0007914372
3cdda1ae,0.00064114656
8665c0b3,0.00048880413
1eebb4dc,0.002107648
dddce176,0.0007766167
705dfb2c,0.007859866
e94441b0,0.00072347664
88d9caa1,0.0016047225
06e3f913,0.00055135
85368f8c,0.0032534795
4403724b,0.00058791996
5e31ee5b,0.00087141595
cc0b760f,0.00075018744
c55ba110,0.0011785463
677ecd96,0.01678926
8a8d4bbe,0.001411111
920ea5cb,0.0014133179
e45e8266,0.00062595424
ab3d671f,0.0007200423
d9880191,0.0020297659
24bbe12e,0.0013406358
4dddaf99,0.0011794008
60be391e,0.004655857
b638554b,0.00075473246
1c89bd59,0.0010781268
941a469d,0.00081977353
6a701b2a,0.0046636746
cca989c5,0.0012045612
e7a8910f,0.0010104496
62519df3,0.0006590054
35de7dc6,0.001117205
eb737faa,0.00090123294
43b952a7,0.0014395769
c8bf2279,0.0013287137
bbe694c5,0.00065245363
ef13ffeb,0.0023743664
8cb4d5c9,0.0023784721
eadc06f1,0.0020404146
2865cb7f,0.001175059
ed4bdfe9,0.0024533044
3ddd25a4,0.00082561694
40c766de,0.0013069628
c03e3d23,0.0006748343
1a8af06a,0.0010421447
2766f6fa,0.0006829339
f189cd51,0.0010229729
9d50b514,0.00089991145
d31f9c2e,0.0006774444
0b7d1ff2,0.0078114606
3a41a28f,0.0024325394
c4d262ed,0.0005430205
e317b4b9,0.00073096884
2ff505b9,0.00088284985
d77ba3d1,0.0013984777
4d0fae9c,0.0011736294
2baad30f,0.00055043376
25790a49,0.001575434
bcfc7e43,0.000976249
9568ccd3,0.008808736
e4e69fe3,0.0012942385
21fad996,0.0006830641
6b78bb6f,0.0006255911
6ae4391d,0.0007769498
5938df30,0.007163528
117b28d0,0.0015962655
ff7cca3f,0.00071633584
327d5e00,0.0011528054
829dc2f5,0.0006748394
4aed6c38,0.0023779538
6f67ea27,0.00074402115
81e2bb91,0.0031046208
e2b91e6b,0.0006540555
3fa5ce2a,0.0021470024
0479db02,0.00056778116
687ff934,0.00095804944
4ba168f0,0.0119722495
417d8e8b,0.0005462775
fc6ec243,0.0013377138
f0b75f9b,0.0007724896
35ecb16f,0.00093541876
bbce0fc7,0.0009099468
8125261e,0.0016795548
e61ccbb6,0.0008037431
1b4fff0f,0.0015472281
30fdc55c,0.0011617739
30a06971,0.0007111863
d50335b0,0.0008608072
54413e67,0.001097803
f5699251,0.00070757826
f123dc7c,0.00055735605
48583813,0.0012740478
94159134,0.0032027862
6abe1ccb,0.0006769187
54214783,0.0008964703
7d0d6418,0.00065092504
1a2288ac,0.0008923303
e86f08c1,0.0008188651
526aed4e,0.0008274813
d9fd43d2,0.0015984625
e384e115,0.0008748269
6e9b6373,0.00066729664
c73b567e,0.0007633763
8b6b7ab4,0.0005985752
5bb27250,0.0007095967
1c50191d,0.0020311852
dfdc6915,0.00082077563
0a1d0a05,0.0005202643
de4f567d,0.00073531247
b39b6ce6,0.0014119268
aa160fab,0.0013382629
9c3bb423,0.033709254
1b3e82fe,0.0005944686
19813e28,0.0016795963
63cd0a84,0.0006701234
9dcc6917,0.00094325695
fe8d0e14,0.00061745715
c2af502e,0.0023571106
9db0fd08,0.0007215002
06b47f79,0.0045844577
d7b118a1,0.025599357
45e11f0d,0.0011056657
facab172,0.0015288573
aaf4a18e,0.00070441404
c2ed58fa,0.0008314173
892d8f5f,0.0010500721
3f1ef329,0.0019651775
857d8805,0.0025033536
44f46c2d,0.000654039
52512246,0.00081804156
0dbba067,0.0006020843
0fe63fb9,0.0015663309
2ad132cb,0.00075420295
fc5d79ff,0.00198788
9a17e648,0.00062171655
79a07e08,0.0007405907
bd6b632c,0.002005109
f3adebba,0.006964224
a7e0b813,0.000802579
9ba8d831,0.0007521606
b41008de,0.0008122234
d627eb2c,0.0006467251
71e59a86,0.0015062784
da0d8e5a,0.00071713596
c5cc8d1e,0.0006309033
1c97b5fa,0.0008732827
a17a6b7e,0.00142442
fbf40c9b,0.0013055259
b3642179,0.0008325581
714e1e7f,0.0006064553
b11904f0,0.0011751832
c7187f8f,0.0006730753
f1fb1a91,0.0010355179
611284ee,0.0019936184
d6df69b7,0.0009186096
a2f44e65,0.0005329456
3252b792,0.0007140705
564cbf2a,0.0022416562
77c3d817,0.0019358774
9e9abb0d,0.0023854533
a2f441a1,0.0006461679
f75ed80f,0.0011785951
98f58d87,0.00070256635
0d3e9cf3,0.0011330962
8fc2536a,0.0013497897
9d7ae3dd,0.0010989734
d55ed0b9,0.007652878
c4731dfa,0.00061732595
9578d9f8,0.0010457754
df217bc8,0.0035439313
204437ef,0.0008357283
42e800a7,0.0009225194
c5126467,0.0008817209
4e92bc12,0.0039443127
289ded80,0.0010575469
5e041d6f,0.0007708626
a9a759a7,0.0018906613
abf618fb,0.00080964057
06e1033f,0.00077022455
90bb9a35,0.0008336116
7437642c,0.0026810162
0ccdf123,0.0006164934
ce9b6d57,0.00093901297
8bf291cf,0.0011131645
0d7b4cb2,0.002133705
5f37ce2a,0.00985885
558b9806,0.0017119446
fd8c902b,0.0021029776
7e13dc67,0.0009022429
b59c17c5,0.000941451
2ca679a7,0.001678666
402a36d6,0.050136633
a3e4ba1e,0.00063701154
37b4e41f,0.0017396151
da1daebe,0.0007034225
3a130b96,0.0010276943
b6c1ea4a,0.0018796498
37b8d1a7,0.0010067654
429ee8f9,0.0005912348
e8e6cd87,0.0006852118
a269ac2a,0.0007182289
1b3114d2,0.005685187
6d6b9bf6,0.00095585943
32fd2397,0.00062406866
5e4dd916,0.0013120763
d7f3285a,0.00056747574
329990f6,0.0009849468
6a8140d7,0.00051930983
93a643af,0.001291244
c1fbf319,0.0011664819
8ca02b84,0.001410826
93a8559b,0.00065537676
ce389e0d,0.0006369046
863e39cf,0.00063756725
3e875d1e,0.0012368502
be88bff5,0.0005735767
72df0759,0.0007176809
5f570a80,0.19182615
26da1876,0.00084414275
9eb97475,0.0013224606
5f2ba697,0.00085510913
edeb5bcc,0.00090334396
4da61375,0.0008444734
9748e1e3,0.00063343777
4421771a,0.0019162602
aac3fa2b,0.0054519475
8348b48d,0.0015592664
b8b6de91,0.0019876275
704696c3,0.0011422831
fcec5725,0.0009047523
805324b5,0.0070210644
4961a940,0.0007457109
294319d4,0.0016554064
e1ef54e7,0.0007994156
8e605dc0,0.0045912587
d37a885e,0.0007008233
8286a11c,0.00089040236
d407d989,0.001272456
6317b862,0.0005946511
70fb71c6,0.00051480153
8badfbec,0.0025999362
eed892b1,0.0010070998
0cc386fe,0.0013854529
78e81594,0.0006623861
79f579c8,0.002041447
33ee326f,0.00080106314
74fde4bb,0.0021062875
e815d735,0.0007791685
ef02ff89,0.0059835115
8ae41855,0.0010806688
5d15a6b7,0.00055494835
f96d98a6,0.0024144538
5985161f,0.0008802766
d01d8b98,0.0010390165
962d12e3,0.000832956
def4b39c,0.0032856897
00b0be15,0.00066420925
c2fe3791,0.0010780221
94f87e5c,0.00092950795
8c9739ba,0.0010471266
4c226006,0.0010197719
cbc7c813,0.010425282
c1b9fb72,0.000965193
d12c0cb3,0.0022812008
793be582,0.0045577837
8d8aaa8d,0.00079398893
2043543d,0.0014545269
3997ea1c,0.00094541453
aed5102d,0.0009261867
fa6ee1a4,0.0011066524
e3559fe2,0.0007993703
fbdbb663,0.002405059
e6b7aa49,0.0005305619
b8014289,0.0006917726
21015b4a,0.00094798027
32cfe862,0.0007410294
b5be7fd5,0.0049832696
35ff6155,0.001094801
a04be7a0,0.0007170782
1c057ad9,0.0023058096
ed1db660,0.0007334523
ad9b693d,0.0025368808
0d274777,0.0011787775
1a6e38f0,0.0007895846
36a28f36,0.0008534038
75fe9a8d,0.00060553383
b416ba92,0.0053398763
ea561eaf,0.0010582352
36bf79da,0.000873473
8cda41ac,0.0008187286
0c4eaa4d,0.00076237274
ec7a68d9,0.0021400363
31a39c75,0.060349822
544697bb,0.00107617
1360f44d,0.0010091701
a6586975,0.002038244
b3962a3b,0.0015787422
1b358fad,0.0010407517
53c53175,0.0020020125
88c68ba0,0.0010296077
79a3477e,0.0013759106
e8aed868,0.0015014646
d4989acb,0.005278409
e7890755,0.0005463431
433c7a2f,0.0011518422
037bd64a,0.00067325536
1899a505,0.0012500903
87215cc5,0.0005113198
9484db17,0.0012559455
eb80b865,0.0007316421
ab3b6c40,0.004395334
50b51195,0.0009084153
301abec1,0.018050052
c0fccead,0.00078036974
a524cd54,0.0020033065
3e0430e3,0.00094509847
66d16633,0.0007273933
0eced4b6,0.001873841
965bcae0,0.0012611696
12c5a818,0.0009791632
3972f4ea,0.0007228925
4c5e618e,0.0011216502
a4e79bd6,0.00066774804
0699b364,0.0005387471
27f3f967,0.0010013789
21a27279,0.08410776
87f05dd7,0.0008627031
3dae5ae7,0.00090939295
ddc0d0f9,0.00058356544
aa2935a9,0.00079286314
14637a05,0.00090602343
98e62c2a,0.00079871924
27e559a7,0.0006354683
6790d302,0.0007410873
74f97655,0.0006760445
899ab1c8,0.00070289714
1d385e05,0.0014846969
7bc36e05,0.0006298219
5db46735,0.00064049487
3d097f88,0.00074970076
45133d8e,0.0013381247
302910f1,0.0011663929
3a13d9dc,0.0009825527
7cc5511d,0.00095680245
c4720a0b,0.0028881333
c9c85fb3,0.0010297578
b14dbe3f,0.0015678589
5a26fdb6,0.001150324
5db3226f,0.0006967706
b0756b15,0.0020520322
96c51d9f,0.12897116
a4a76966,0.0044978308
b0fdb4da,0.00083822774
0276ff9d,0.00068228086
e21bb927,0.0007622183
02c3367b,0.00068653806
430d310c,0.0019154013
d6e640a1,0.0015008193
38be067f,0.00071385416
09b3fe57,0.00081743574
443a83ce,0.0016335065
89682f85,0.0011088158
de573f17,0.0005837395
d1077dda,0.0007246752
226a8ab5,0.0011029751
a20a176b,0.0012399158
0ccb9c45,0.00086986745
f1e6a710,0.00436486
fe0a6dc9,0.0009716849
07f90aff,0.0005895433
34777b06,0.0015683284
8af15cfb,0.0024497688
e22b691e,0.017645208
dd0a7892,0.0010724192
697d022c,0.001817797
2fe646e4,0.0007401423
73eb73a0,0.0006505071
ed57cfac,0.0017029633
b9cafe7c,0.0008862283
76705ff7,0.0006006469
1e6c1b72,0.0010565112
80c15e77,0.00051229354
d60ce279,0.00070665573
c97745a4,0.0010485242
e4fff649,0.0026677726
774a2681,0.0017927061
010c3dc4,0.0006104215
de7f0cb3,0.0009184705
62523da8,0.023040505
0846ce88,0.0018489662
712d2866,0.040897913
3aa8d525,0.0007703963
d670d183,0.0008427985
c8c1b137,0.00066741754
b8eacf84,0.0016591713
7194b785,0.0007644322
617823ec,0.82205915
17092b7a,0.0013976144
2fbb51f0,0.0011768154
2109bbbc,0.0015296735
2f6e3d58,0.0009254801
13903985,0.00083505287
f3071731,0.000667118
18645170,0.0011540536
3da76378,0.0005142998
244a93ef,0.0006918563
8d7dd700,0.0015453082
d3a8ee95,0.00055886444
8547735d,0.00092509045
381537ea,0.003789628
b9c034d1,0.00084373425
b170391e,0.0006370907
04521b7c,0.00062888826
242a573b,0.0015352557
cb4163a9,0.0009676865
3e9542ef,0.00188876
d3b9e03d,0.00071142224
097cc6a2,0.0005750136
bc075855,0.0008083008
9d28ad5f,0.00084018934
05405087,0.0015900083
4f2094bd,0.0014086195
86865f61,0.00064287084
2b2d468b,0.0010979463
ad19a9ae,0.0011168342
465ad4b9,0.0006297664
07b72f7d,0.0032769954
56ba7766,0.0019776537
8fb614d9,0.0024916406
c0516f55,0.0014060228
9d28a7ef,0.0006043882
186a9521,0.0031562154
ce48b795,0.0013163207
92e4a24b,0.0008638671
437f3945,0.0050762645
3aa4a349,0.00047866598
47783efc,0.0007228395
36d4097e,0.001550666
0d301da2,0.0009367968
d7c561ae,0.0010298426
c96647e9,0.46466693
8b600e07,0.0021083732
5db4bf5e,0.0009631288
66593cfd,0.00089714624
32d31eb3,0.0014817726
4e6b159a,0.0013086057
7116f025,0.0006545503
cfa9b956,0.0009534273
7152ff24,0.00084197853
1fed974d,0.0010051822
3634be68,0.0011806998
3f38f6fb,0.0007364907
e3c9ff86,0.0007944771
e2753c46,0.0010232223
92c99fd7,0.0012179137
91bf47aa,0.0009833997
0a1cce2d,0.003406026
d25d795a,0.013067716
c7169b7a,0.0010883181
14659bb8,0.00071776565
43a6bbd8,0.0017140263
588b29cc,0.0014163771
4fb87721,0.0006997862
2ccf7d72,0.0006127864
6b757187,0.00082666794
e6c297b2,0.0010400837
8b888568,0.00067387
228e20bb,0.00092633144
9f2c71ab,0.002029279
9778fc69,0.00089379476
be3bfd80,0.0028970924
cf208fa7,0.0006820318
44850edd,0.0016229377
1bd6bb6c,0.001396564
c6e18aac,0.0008672601
a3bcb05a,0.0014640138
e1039adf,0.0041803992
bd259be1,0.00089685124
1506f5da,0.0009279586
72810db0,0.0017427806
31731002,0.0046480736
d551b7ce,0.0014942148
1b9ca51e,0.0010583799
8bdd36bb,0.005523806
a827a0f8,0.0008392579
95c2e253,0.00096864474
24dfb507,0.0036479724
4153bb02,0.00096816313
bf749f84,0.0010663037
cac1ec02,0.0023253763
0720cd86,0.0011479673
38bd530d,0.0016279614
7e7570d4,0.0011751832
4ac1f121,0.0011011998
52919651,0.0014831651
71847c07,0.0013730145
a49c482e,0.0008543823
c4f934b0,0.0006173807
04a9d4ca,0.0007581366
48d0a0c1,0.00090927084
e4d7a3dc,0.0022182285
93fac711,0.0007708295
762b2923,0.0007456139
360c60b8,0.0048434283
5d2ad7cd,0.00081346114
83f435b0,0.00069007574
2ec97915,0.0007032801
cf856fe9,0.0017519498
f327cf62,0.00097489526
c1ba6fb9,0.0008905076
6ded7a88,0.00096674374
3319c6ad,0.00074425514
2fa2df05,0.00097234943
3a1911b9,0.00068358774
bf91f300,0.1220208
91fb4fe8,0.0010714796
c00d004b,0.0011347261
b4113aa9,0.00062722
ae4ccebc,0.016436262
04c50c8e,0.0012977342
f2420f60,0.0010534393
822b06d2,0.001973791
ac0160e9,0.050980717
047ee243,0.0010691839
6e78ddfd,0.0005798872
f0fb4187,0.0010189285
5dd46747,0.0009949816
92547496,0.00061752484
9316201d,0.0008955952
8c24c1d1,0.0006789542
8bb97678,0.00077374943
a3203074,0.0014859062
df8ca873,0.0011847364
8ebff844,0.0016955117
bdc0969a,0.00057612226
1b45a90d,0.0011687285
ddb4593a,0.00084027863
8114a1a0,0.00080472825
d39a3f92,0.00077836856
af7824a6,0.0040291585
a91b0b87,0.0010743968
4005c09e,0.00076301885
ce09e197,0.0018758882
3d4559a5,0.00066434126
017abdf1,0.0011229818
bf0d14e1,0.0020136444
23fa6117,0.002257786
1d7bde01,0.00067312317
a8ae9f27,0.0007105657
2a18a6a5,0.0017997213
4a1e1652,0.00051845366
945513c4,0.048667915
9f45993d,0.0007548403
e3cb5934,0.0005754297
96195198,0.0006982091
65af96d6,0.0035026344
06bea904,0.0027286822
ad1db958,0.0008836914
969a56bf,0.00085587293
21171e77,0.0011670253
48696500,0.0009989976
dd028180,0.0013093151
fb5b3be1,0.00093776477
708999ce,0.0014666497
9d569d50,0.0012175866
0ab704b3,0.0009305351
b9563621,0.0021299648
d8baf204,0.00086360535
13ed7885,0.0015967374
74a58a61,0.060908675
b57aac06,0.000831953
b2c5668a,0.0015974195
b1b9ffb3,0.001377705
6282b83e,0.0021614002
96009e50,0.0006328784
2884a51c,0.00086532446
77291ecd,0.00059033895
6e2ae3ff,0.003971168
3112b4a0,0.0033552498
aee1c8fc,0.0009165032
069ed2d4,0.0009973628
6dde2ce9,0.0010854366
a62a57f5,0.0012084967
c4577596,0.0006527745
4b1d99d3,0.0006595037
3cb688c5,0.0010747091
e19ca8a5,0.00079724105
7253e874,0.00051109004
434b5cbc,0.001174759
22a75dab,0.0025139889
e90deceb,0.0009609478
d6b9e6fe,0.00095614814
9ee7573c,0.0008788619
8c179eec,0.0076105855
1c71f8c8,0.0005775162
e2ec21a3,0.0019037087
2ce46926,0.001890674
fc96e64a,0.000869785
f9dcba93,0.0013828586
0e709f73,0.0008085404
05826870,0.022198295
3198ab34,0.0008202536
71d9a2ce,0.895167
2606eece,0.0009671058
32a4286d,0.00072367035
c9a10c06,0.0008360943
6c42650b,0.0010707751
134733be,0.0015917913
412e5f70,0.0012611407
aef28359,0.0005981452
74511765,0.00085051626
df4b429b,0.0019034313
48fe1797,0.00068004057
106c14a6,0.0006501033
79629b86,0.0011146723
d9609e54,0.0006849983
0e8190ad,0.00076930213
5fc8ecbe,0.0016678618
dbcc48b8,0.00071755913
1e35b843,0.0011446244
4884609b,0.0042197974
fa36bd42,0.0012046329
39e358b8,0.00072701357
b88028ee,0.0014371037
0533aba4,0.0010530731
527cc0b2,0.00062136794
0e105b13,0.007920133
f2fdda39,0.000897628
9c824831,0.00077014783
6f03ad42,0.0006234115
5585beec,0.0014251759
9405d61e,0.0011770267
07775d19,0.0005672311
ceb4859c,0.00064563577
1d094e40,0.0006919532
ed3f2d31,0.0011521643
740bb7c9,0.0006811017
a1ddf24d,0.012209915
ff0a948b,0.00056945125
bd360f89,0.0014610675
a558a7a4,0.0013906652
15bfccb3,0.0011004893
d0bc4308,0.0010321651
f4cc2263,0.020409781
67591a25,0.0007895337
3ecdeeac,0.0005201817
836c3e7a,0.00078426895
7dead81b,0.0005979086
cb04b2e4,0.00084247533
5df73482,0.0008810608
73e8c670,0.0014828835
8c6ba5a3,0.0010001212
c698a698,0.0010069851
2977ff0a,0.000725837
966e5a65,0.005455923
93eef51c,0.07209375
4625770e,0.00071756396
dbd2d3f5,0.00092595146
87cd56b1,0.0042080805
a69cd8e0,0.0039460943
ff1a3656,0.0006504469
f98806eb,0.00091816956
e69cf58f,0.0036651185
978e2900,0.0011381665
e1ba6d0c,0.0028286076
a0e65987,0.0013668448
91a05b8c,0.0077871056
fd9d03a2,0.0006138211
68c8c0a0,0.0043725856
b291820e,0.0037646233
eac20726,0.012879646
5c270090,0.0005875024
b71a59d9,0.0012512506
bd691210,0.00060711
ac9fcc70,0.002719782
0a0ca8c2,0.0014776151
82294ccb,0.0008390677
0aa96c11,0.001731313
70f650ac,0.0005996579
e063b49b,0.0007067446
134434dc,0.00087396754
a0f386a0,0.00090640335
e1f366b3,0.00771416
f3f223fb,0.0015075397
1a0d1d51,0.00071355933
d2c9b9a4,0.0009565025
424a5092,0.0007954285
49c12087,0.00067795295
8e89127e,0.019480702
369f8a1f,0.0010950435
035c36cf,0.00070047914
5fd897bd,0.00078700756
03d10b54,0.0007895992
fba5b028,0.0012228761
1b969f83,0.0006312859
a6c8e44a,0.04758587
d06aa646,0.09877419
fd476ef5,0.0006622404
5c0bf66a,0.00074514473
2225834a,0.00082879397
c65e40bf,0.004995854
650dcee8,0.00078305736
fe5c7d60,0.0018005488
7c5eec4e,0.0012502184
01eec086,0.00084499136
3bf46957,0.000862778
91a84758,0.0008675101
06cedf0e,0.0007799813
eeab48a3,0.004684214
79a65c13,0.0008711834
d3c9c247,0.0012997035
a07c1892,0.0009894317
a6ba2fba,0.00071024144
050f25b9,0.00171766
30a2d246,0.0023190316
5df871f1,0.0006506394
6f5e1b1b,0.0015526614
fa2371d2,0.0020773811
dc0f7e10,0.0020245172
548ab898,0.0010667844
a2a22b14,0.0008921602
33f09754,0.0010931351
159529df,0.00078897685
3545a370,0.0010006407
3896275a,0.000583336
20c67bad,0.00054603
768af101,0.0045834878
361ac188,0.008059711
f643c3df,0.00060688664
e14ac70d,0.0011811503
c3bc8969,0.0016403713
ab1e5c7a,0.00059015694
261cb475,0.00051068317
92093088,0.09505767
165b1c82,0.0007890441
65d95740,0.0011875689
99e12dd5,0.0012241296
b9b49299,0.0009106216
2c79193e,0.0005735182
839d25e4,0.0012120104
a3faaafb,0.0006415723
88153503,0.0024175867
f4627ee4,0.075290725
975c459b,0.015954554
fb16bcac,0.01612927
d15856ca,0.0008264852
b1e8dc19,0.70197743
37093f0c,0.0006457139
c7d67faa,0.8838868
ab996aa3,0.0008345466
5043cd45,0.0010044373
08ab7a07,0.00073171983
e1ed5449,0.0010473481
1c450591,0.0018778928
0de49ea6,0.0008303635
9100e619,0.0012978616
533a2e9f,0.0013855161
e669257e,0.00096633023
355a3acd,0.001050692
b84fe227,0.0062780688
a5880b54,0.0055839433
b12bd626,0.0008203869
8dd686f4,0.001728556
8f1860a2,0.0016577487
49667481,0.0012563588
d2e656de,0.001596581
fb17380a,0.0019306046
07437715,0.0005707252
8e6b347d,0.0011523453
2de6780a,0.0014957073
0f853d78,0.0030533355
b1aa5305,0.001685095
2f57b4ee,0.004487111
011ad720,0.000519436
7f924e6d,0.0011578265
1df876a0,0.00072881195
ee9d3256,0.0010621182
4ed838b6,0.0014568585
37761ab2,0.0014709536
0d96cf41,0.0008367813
f3108b01,0.0011938108
7e46bbf6,0.0007573741
45a70e1a,0.0012844182
4acb45d4,0.0008570187
f267ee42,0.00269024
c7231398,0.0010073277
f3ede103,0.0006515171
b9f52ecf,0.0007226473
efe8a505,0.00073984504
182dce2a,0.0008404476
33137b5c,0.0007611201
40b5b229,0.0013538181
5ca3e62c,0.0010858694
12c318e3,0.0005985661
7ff07f49,0.0011787282
8f9f349f,0.00074109156
e79cb2d3,0.0007106199
89936fce,0.00065619743
cb1a6ded,0.004281714
a6a4fff3,0.0008238754
76751536,0.00095600967
d81cb7f4,0.0006609326
9dccebbd,0.0016588316
5bcaf29a,0.0008140912
65357c4a,0.0006924176
806fff71,0.0009045265
c08ec6a1,0.00082515454
02fe4690,0.0005735357
bad866b7,0.00055982004
265639cc,0.001201517
86f402e2,0.0018299763
a479129b,0.00093274267
d87292d2,0.00065348786
4f920e57,0.0008583541
994db118,0.0008119569
f44cd097,0.0013061229
7cbb8a10,0.001312744
f08e37a2,0.0005249275
8e19524b,0.0005902619
4b5182c5,0.00063635374
eea0f714,0.00072018406
485cd1cd,0.00070359185
bc7568cb,0.000935082
cd7c90be,0.0010663469
6136bd0a,0.0006693234
5be1ad74,0.002768287
475441e4,0.00065417826
b6f61380,0.00056053494
487086fe,0.00077437784
fb468c0d,0.0007148972
15aaa9d9,0.0031271887
3f640a2a,0.0013117016
dfd4db06,0.0021360961
2aa2bcc1,0.0011457681
f60d4bd8,0.0011585894
0d17f85a,0.0006409193
07f7e371,0.0011653274
8928340c,0.0017821523
6767fab9,0.0006164505
1d1b242b,0.0014544935
04df5c29,0.0008109775
ef6da511,0.0006931287
6ea08fcb,0.0006273492
d3dfb9e6,0.001573094
5f76f257,0.00066222233
bef41b7f,0.0008271541
8d656e12,0.0013790532
1338910c,0.0032811172
e23bf991,0.0006325895
75a2ba1e,0.026058856
df83719a,0.00065999065
c24d78df,0.0010518949
1e265786,0.0012694751
5bd481b1,0.000977914
debe3c99,0.0007533812
83d47ba0,0.00080313865
ce3034c8,0.0046723485
a834b809,0.0005661114
de9d2e85,0.00095237145
481d2a03,0.0011760097
279c869d,0.0007393422
f2e09ec1,0.0006017786
9f561e9a,0.0010064087
b83ccee5,0.0012827801
1a942fd3,0.0007685269
3bfd685d,0.002002586
a434964a,0.0014939558
c3b2196d,0.00059730606
9fb10618,0.0006076785
bca20916,0.0013433561
cd0e8cb8,0.0026544956
f988530d,0.0011133893
bc04ad66,0.0006465945
760a47a3,0.00088545814
913aa04b,0.00095176365
0ab4562f,0.0016401995
d8b9a4b0,0.00094685366
ca2230cf,0.0008121348
b36a75e9,0.0008160582
31fb2239,0.0008990673
64f7e9c1,0.0010347773
0a98b08f,0.00067854446
6f64813a,0.0029151011
46a60d4a,0.0007801299
7da94d29,0.0034840764
77487344,0.14618996
b8996f3d,0.0010016479
fe81a98a,0.00073176203
0b3759a8,0.00085904304
fffd70e4,0.00064257986
2b20b333,0.0004955362
fb04b765,0.0011815643
ddf8b523,0.0005978018
c877f00f,0.0009735085
55df73b6,0.001165031
5ddf6694,0.0015392364
e1edca71,0.005497337
4676d26c,0.00074585906
d5b94a45,0.0007882888
8765e247,0.0051455977
0b9d5aa3,0.0009324316
3b57c4de,0.0007156477
87eaaba9,0.0019774474
4b9de714,0.0012403246
4b4eb023,0.0007259394
ad2a94eb,0.010537237
3e071aab,0.0018885523
20007d93,0.001034117
c13be25a,0.00071598054
3df6463e,0.0009982641
64b7cf5d,0.0007790958
2c6cbc0a,0.002122557
c64cbe61,0.0012870842
e4204909,0.0005934869
9a1abc39,0.001535782
aa4ba5f6,0.0008896951
456623c7,0.0007135311
d39550c8,0.0006847617
b539c760,0.001822045
b0422f03,0.001746033
c60f6a01,0.00083016884
1ec4c093,0.0011038145
7be22510,0.003913723
eb5379c5,0.0006116841
2814f74d,0.00058078463
f597d45f,0.00071482087
581a76a4,0.00312682
43c98622,0.0005981663
83600ec9,0.00064140995
7ec4bc6b,0.0006660463
a8701139,0.0013450928
4f875ad5,0.00077778654
1b10aa50,0.0005748979
2c7fbe3f,0.00093220867
455f0b82,0.0013600781
43de8643,0.00083923194
980f2e82,0.0010152879
e7576972,0.0008160045
995ed73e,0.0012818115
a0e685cb,0.0006602489
26598e71,0.001253545
f604f9a9,0.001248717
d85d5202,0.0037822544
e123f7e0,0.00092074997
7cb3d830,0.00092284294
fef0b9e9,0.00073750835
a58728bc,0.00089457777
93c9f6f1,0.0009301876
7717f072,0.00078354887
78662e28,0.00081469456
35a61973,0.0008775954
30e36412,0.0016285682
e49f035b,0.001139083
d69731e4,0.00084961875
5ac539bd,0.0012714373
c193e592,0.0007120319
3e071958,0.0013842856
9748c6a9,0.0012916691
3c36f04e,0.0006543485
75590495,0.00077925983
a9bf3617,0.0006242933
16cd5617,0.003455615
dff4a53f,0.00065446674
5214d65a,0.00072291493
9b1c8d7c,0.0025970826
1f6cb3cf,0.0011003274
e14c8e86,0.00059162796
11b1b6bb,0.0008221901
c925a75f,0.0021836294
3312c6a2,0.0006539888
e1782344,0.009349197
b28f38f5,0.0032250124
52201f39,0.00088811456
671ca85b,0.00080383464
5ac989ae,0.00084859616
a0c87904,0.0012035903
8059b7f8,0.0012305574
bdc83f0e,0.0013123782
c425b3e5,0.0005793433
f70c4b6d,0.00092780654
2f0d37f1,0.0017606952
0d6ed262,0.0015327863
73152779,0.0016315208
d37aa9e6,0.0006910043
5f64b040,0.0013932873
a8b5425d,0.0009325818
bd07c12a,0.052849922
dc253cce,0.0008042338
3cd4f307,0.0012014576
018b57ad,0.0015891092
48125f6b,0.0014024783
f6263226,0.0013108136
015c150a,0.0005217295
455b404b,0.0006082747
c1fa18d6,0.00063623005
7fef7bcd,0.00057907356
0b791d3c,0.0006016822
68bd5d3d,0.0006528563
5f6b5626,0.0011424506
8f18dbdb,0.0008359684
51749e8d,0.0010727538
e4624287,0.0032246045
3ef0ca4d,0.0008234336
6c4ad509,0.0014734975
02b68385,0.00097426615
f2f55a60,0.00085892685
1c3821a6,0.0012326144
308044d1,0.00048629366
76869e81,0.001392632
e65a8e73,0.03775613
1c1163b9,0.0029400536
5edb5b3c,0.0017750232
e15a0061,0.00062008033
096dd5f2,0.0012637019
5a6d0b70,0.000526837
561df5b1,0.0019357685
1e6ce642,0.0011594242
ff52371d,0.0011092521
4eaca8e8,0.0008202924
694c5813,0.0010041064
81100fbb,0.0010278216
9b32a58d,0.04329225
9f9c7d0a,0.001209464
e10d4103,0.0006148153
681b411a,0.001099289
4ea52df0,0.0007118135
8a797afb,0.0005406327
57ffee3a,0.0010215528
500d7cdc,0.00088393566
0217c455,0.0008873351
623f95cd,0.00073774945
479edf81,0.00744116
6ccc1e6c,0.0028435546
8373cfaf,0.00074929214
9e9997ac,0.0006783547
fb5c4051,0.002183109
d6e76ecd,0.0007165922
e079e0d6,0.001812444
8e7423f2,0.00090475316
c0aed9b5,0.0008248888
bdf79020,0.0006888634
9a928e02,0.0007013615
76d6f362,0.001645697
6c6d24c2,0.0017282853
627b7d4d,0.0007774042
433484a7,0.0009664508
6c6c8021,0.0015244335
516873a4,0.0007365362
387637c3,0.0013115623
2ea12a36,0.0026330962
694a8892,0.0081263
ea8bcb2a,0.0007948398
aa2513de,0.0006307665
7155aebe,0.0006186748
ff50cf52,0.0006656186
9ffe8608,0.00066161674
c50653bf,0.0006439685
68f9d318,0.00064250577
20a55ca5,0.0009673568
ac2a6c86,0.0010743594
b2f429d2,0.00068984355
2ba27647,0.0007317725
12ee2a85,0.0011949543
4e5a9c08,0.0006867193
32ae4cdb,0.001081057
a08d1758,0.00081985316
8d575a1f,0.0020195385
aba5a923,0.0022798989
39ea374d,0.0020479134
172c232f,0.0006784206
81807fdb,0.00078132475
1d83fd6c,0.0012691058
70a34696,0.16463447
df7abacf,0.000878019
43b53932,0.0005789191
377669b6,0.0006450622
b5e5017e,0.0016281101
13d609c3,0.0007338183
c81cfd0d,0.0008728764
b01cbe83,0.0007642079
eb1ae886,0.0011256305
d5fc047c,0.00078462856
51b7061e,0.0007671286
8f61792f,0.0009623619
efda36c5,0.0009450822
6422f7e5,0.0010608
c0a51d43,0.0019295022
969f13ed,0.0052986722
dc6bdb65,0.00093089323
5cfe0d10,0.0032681248
3df9a121,0.0010026643
9e2b59c2,0.001734943
6c857afb,0.00077513093
1a53da6e,0.004524311
755c268f,0.0006816023
cc3b1f54,0.00063088856
02c0d325,0.00095345225
6ad46636,0.00058508164
6d182a36,0.0013140424
27c2e7fc,0.0005670768
de18b237,0.0008067037
8dbc67dd,0.0010515242
c6cadabc,0.00080560596
97a9c4de,0.000948935
57bb2dc6,0.00066436944
981648f1,0.0028250727
2d29889b,0.0005867674
b6afa471,0.0010513734
06839977,0.0032283266
32b3ae68,0.12738161
3751ff5d,0.0007100668
7421b7b3,0.0014652649
3b838972,0.0019015147
fc7f268d,0.00082410045
0d82f100,0.0009674365
c2b774ee,0.00080339046
e2a870fd,0.0005877292
9790afa1,0.002496647
86858912,0.00073584943
7d265963,0.002011909
cb34c2be,0.0011218297
bcda262f,0.004890179
51f4d7f0,0.000650642
c1fc17f7,0.0012424393
4c84448c,0.0007772782
fd1e15a7,0.0063235867
5ddcd4a0,0.0017902701
4a930061,0.0011771012
6b5f7313,0.000965021
c3ecbd2c,0.008033514
bc73495e,0.0008363987
dcb8c1ec,0.00087977556
5bc35830,0.0019906028
20df5eda,0.0011736752
c6ac36c2,0.0027960513
b16b16ab,0.0008953942
1e245c12,0.0010897176
e12cc9d0,0.0005563582
8f3994e6,0.0011443567
42ce5309,0.0006629754
6cd2d66c,0.0027430137
14c07f5d,0.00095726835
25f32171,0.0010157833
d9dd1818,0.0007435831
977489af,0.0005518547
24d1cb66,0.0009495816
175f5b5d,0.0031202456
b43baca5,0.0008312573
7bd2e419,0.0012277067
b41057ac,0.0011951443
7a0bee5b,0.00076056295
1282c482,0.00068485306
a39e0301,0.5643084
7b0ed17c,0.0014493486
f58f0b4b,0.001473038
cc28b292,0.0008067491
3dd87703,0.0011522258
bf038cd0,0.0016349846
7d1f92b5,0.00088578544
2b52f5d0,0.0010899885
5752bec5,0.0008656791
3928fd00,0.0013949868
a100b3c6,0.0007954232
82f2be8d,0.0010038362
ed6787e3,0.00064773246
30e9ab4f,0.001129868
fffc24bd,0.00071876985
b8ba782c,0.0009378917
4871ba3d,0.0008560724
1ada4281,0.00058147614
99629dfe,0.0014051554
c09fa366,0.0012506007
085c1fed,0.0007678014
ca69c1c1,0.00087977
693015f8,0.000678536
80a2e459,0.0013456604
09ea8565,0.00076905364
cf33d27e,0.00084046595
5b84d6ec,0.0008698555
8877f266,0.0028291591
a88f0135,0.0010072821
5e190ae7,0.0037106974
5549f087,0.000900756
866347de,0.0017248048
c5755daf,0.0008270429
36a5fb85,0.0011360402
d606a122,0.0015317758
8b8e8e46,0.0007789603
ebe07274,0.0023896454
feb74a70,0.0010403047
666ae807,0.00086512207
d4e625c4,0.0011735467
4d18ca0b,0.00064629567
980e20fa,0.0007822947
391de1f0,0.001631771
61290610,0.00083112024
114e80a7,0.0037365789
8ca59c23,0.002203305
9809ebfe,0.00074726524
311ce40f,0.045330953
f347d76b,0.0009141637
d019ac54,0.0022090918
002da142,0.0020659666
202a3b76,0.0007040721
4e6a6e03,0.0011973457
20e66692,0.0007372522
c53a6e2a,0.0006390254
e7aef9ca,0.0011121236
59b45986,0.0014747558
22306fdc,0.00072208693
6dde7d65,0.0008477031
3798e76a,0.00088552723
b813e084,0.00076217554
067b16f5,0.001412442
f4c98a09,0.00086734357
f4194086,0.0006611701
251714a4,0.0059941667
68b6f065,0.001872192
444a2ec7,0.0024978302
c60366e5,0.00070574216
f999b6b7,0.0010816308
f85109b1,0.0008202658
6064b6b0,0.00086357404
5c5b76d5,0.0007331168
95c33460,0.0013319611
3c9ed905,0.0025966417
08c4b4a8,0.0009978162
39eb4166,0.0017086051
b4d2b526,0.001019888
01eb77a2,0.001162844
aa9de17d,0.0031206505
03712e21,0.0008007055
0b5baaaf,0.00068522815
0d39e48a,0.0011032032
d9f169ea,0.0017931423
0b477565,0.00059365836
927d4bd1,0.0005933976
3e9707a6,0.0006429609
50c2fe09,0.01777775
9fdc906e,0.0007466118
36d4b64f,0.0006588412
99a3a05a,0.0008991169
ea004df2,0.00086062716
6717a2a8,0.0013081321
69328553,0.0015760071
7c95a077,0.00077339483
d1b82303,0.0012496106
c2aebf83,0.0010520944
b7b3dde7,0.0011862151
ff58d7d3,0.0019752127
2cdd06f6,0.00081611535
5b6acbf6,0.0011946406
e5313d76,0.00085853896
2d1ecb03,0.00055034354
8e3f7079,0.001126612
c646f035,0.0010911957
5958bdaf,0.0021982286
da51ea19,0.0022790649
44d57663,0.0011037966
84062e0e,0.0012170683
2e7569b2,0.0005664974
c0b06722,0.0008671477
991ba2ec,0.0010189246
66ff431b,0.0008688068
fcd4a1d6,0.0006723929
178e84e7,0.0011683339
90ef9c0b,0.0013009234
682ef5cd,0.008601248
a10caa08,0.0008396667
70045c79,0.00084906036
b953761d,0.0007353944
5aba1dc8,0.0008074578
846c37a5,0.0010055968
6079eaed,0.00058704393
f987d9fb,0.014691535
6ce1fee9,0.0006278594
6ee462ed,0.0007736396
d415938d,0.00090702024
64cad4ea,0.0009882881
1dc5ad08,0.00078597065
787262fa,0.00066027656
8d2a4ffa,0.0005449384
88c548b2,0.0009860881
6dcce376,0.0010433119
1a27728c,0.0005947871
010b75d7,0.0008080732
f86ef0b6,0.0016679101
53a996d0,0.0009658911
1129a191,0.00081089523
97d75046,0.0016519859
9749df9e,0.0009319937
9380ea8b,0.00088192755
956b8927,0.0013849753
27cf425a,0.0010345855
7638a565,0.00080246734
5c74c41f,0.00055944745
6261a9eb,0.0008494302
23e05db7,0.0006628348
afd3aaff,0.0019158972
5b34541f,0.0008328235
83d9b638,0.00092338125
4d5ab170,0.12604676
934fe880,0.0008475868
b8353a8e,0.00068180176
d5406d0a,0.0010268071
3a332a3e,0.0013361163
b051285a,0.0030784416
c2509f82,0.009830779
d4cab2fe,0.0014831935
1b89900b,0.0010590672
1cbec040,0.0010257126
dd423b48,0.000657742
3489509a,0.000793139
0d47b0bb,0.0008266852
44374d46,0.0021273517
f9724ceb,0.0008136301
099c2be6,0.0031378292
e08e3934,0.0011779582
032c8776,0.0007475526
db7a07e5,0.001067444
071258d5,0.0006239003
c62994e3,0.0010397062
6e075311,0.0151804555
fd8ff83a,0.020985823
77ca6f99,0.0013575726
fd9fe71e,0.0008260301
ad67197b,0.008197247
b5f76076,0.0007569289
e9addcf5,0.0007893231
128e7e10,0.0016288155
ad689238,0.0010053972
535999fe,0.0010198972
eb93f6c6,0.000842261
e166d06f,0.0008420323
e33994b7,0.0009967957
446cba3e,0.0022128324
a0bb9ee9,0.0017050691
e372da05,0.00079036097
7efa0848,0.0011331566
ae052f49,0.0007981745
21e0a9ad,0.00090338313
7d9ef3f5,0.0011220515
14706fc8,0.007538007
5402b49c,0.0014308352
f7b8cea8,0.00093520136
9bd0cb5f,0.0006075986
c74ed5e2,0.00087488187
57c55bc2,0.235078
a5c06caf,0.000937028
1fd3e069,0.00088856707
a932347a,0.0034647554
3be494aa,0.0008434099
d7d153e3,0.001308812
afab0492,0.00317263
e1c3031b,0.0021947757
ee4d2d5c,0.0006567576
d5259ff0,0.0014822516
e6803707,0.0008294517
71ad652d,0.0010839816
24aa9b53,0.00086936494
f9906117,0.0008764489
9daf0031,0.0014527937
e6247a1d,0.0008100877
0bccf9f9,0.0008329846
80f0f6ec,0.0012027399
11cb8ebc,0.0007081274
5cd57223,0.00093812
e31d4c02,0.0010193761
4ff1dc2c,0.0026721316
65422b66,0.00065147434
094ba5b2,0.000764551
2c751681,0.00079573033
a1c06bee,0.0011674678
788161e8,0.0005873818
b7d980e5,0.0006117687
74c69156,0.0020089755
c8cdf78a,0.0010648409
93901178,0.00057477574
b2057f82,0.001481022
0ecf38f2,0.0031670732
deedb16b,0.0009833201
e8f716b3,0.0006121257
8af203ff,0.00076742406
80b5a372,0.0007903633
8128c960,0.0012785876
59aeec3b,0.0007791612
9d7385cf,0.0009327759
058951c3,0.0014349027
8e29e278,0.00063982746
28d48279,0.0006940008
1d62eb1b,0.0011840797
aa5b1726,0.00061265327
a922aeb8,0.0006526476
b9b86288,0.00075110764
e2f38c04,0.0022673684
367abd5c,0.00089808187
780da61d,0.0011212571
21070b61,0.0008723405
3d33f133,0.0023316615
761a08ae,0.00070513465
edcd53cc,0.0031445127
bc54be5e,0.014894263
7065d735,0.00088290754
170af022,0.00073799136
0dcaea01,0.03513404
20b5d90b,0.0013600152
3ef6dc92,0.0007245561
11a4e66e,0.0015352702
05997a38,0.001548879
9d07cfac,0.0010068615
05e91bcf,0.00082167116
07d315a2,0.0022077248
56fd2739,0.0006109582
7bb48e83,0.0009541038
8a0a90cc,0.0005602679
03b75c36,0.0010213952
0f1b6308,0.0006217592
bd0c975f,0.0008987285
21b75339,0.00067481503
a407cfca,0.001081538
943f000b,0.0009177257
a1c6ee60,0.0008574308
47eeab93,0.00086486695
6504ec98,0.000993352
b7f0cc51,0.0024791944
03f82ad6,0.0022098382
2bad76e1,0.001261485
d16898b9,0.13069244
ae4be786,0.00079454295
2dc53779,0.0010267446
d83b3a59,0.0013979411
7b82a48c,0.00071131036
689dbdbf,0.0048646373
a75193c9,0.0013451006
801fb8a0,0.0013229097
5c32a054,0.0022758306
0c295cc6,0.00080106047
0f9193f1,0.0017671552
ed8c7dad,0.00087483355
80627a65,0.00069301703
f69905c8,0.0011337709
2e389fae,0.0011810119
5c086b87,0.0010285695
994ec1f1,0.001833026
a634b5dc,0.0008985295
aedf86e2,0.0013086344
a4070d87,0.0009987092
8bd00fd3,0.0013051032
940e8f73,0.0017840143
572bcb6b,0.0033338224
1596b882,0.001549407
d9bf2da6,0.0009232307
7f841825,0.0006161997
60afd2f9,0.00076136354
f7d51b33,0.0025429754
de65cf3b,0.0008559684
84edb70a,0.00065392524
0d0cb54c,0.0009557711
189bf90c,0.0016017472
30cd4083,0.00089961785
3c070026,0.00088739267
23802516,0.00067503756
9cf2a5ba,0.00078177196
d0d30daf,0.0011451887
db4de6ec,0.011609853
304d9782,0.00070572365
189c8151,0.0007972388
6283c5f9,0.00064997387
d6eda32c,0.003602153
b47aeada,0.0010746216
574bf2b6,0.00064852467
8194f563,0.0017964194
db442b94,0.0011013431
5ea75244,0.0006937221
181b9147,0.0009786661
1d3409d3,0.0007762612
be66fe4c,0.009357512
8fa436ab,0.0007939863
0551f5fe,0.00064848136
26d77eea,0.0019702343
68c215be,0.0023702146
3d0d61ee,0.0008117866
9583b2fc,0.0006685134
1abae7af,0.00089404604
137ac476,0.0007950572
371aab99,0.00077716005
a28330fa,0.00054739293
04d14ca5,0.0017475211
9af22c73,0.0008324042
f562bf24,0.0019375371
e3213742,0.0005648642
26f96ff7,0.001061625
221fbe77,0.00076632417
f2011267,0.0017865365
0c348b08,0.0009681724
71d1eca0,0.0009185738
62097725,0.0005734723
fba29983,0.00080451666
51aa7dfc,0.0007636073
352afa97,0.0009816806
bc102a40,0.0014172386
cbc7a768,0.004921901
598a8bb4,0.000653886
2aca9a32,0.0005481711
efefd669,0.0039459467
eb6c716d,0.0008688076
ab4f047a,0.0009738991
b5475f48,0.0017622085
b3ed16e3,0.011194075
b84bf776,0.0006019564
1f54b4cb,0.0010677329
1a2eea44,0.00053838984
6885500c,0.0008292715
cb0d44d2,0.0006176732
e70f5d67,0.000705292
c60d2075,0.0008528824
ef0db593,0.0015766878
f6424f43,0.0008752117
75cdde0e,0.0009207026
819a4435,0.0010481571
001c821d,0.0008553752
681d6d0d,0.003821462
d35f4a39,0.0026259604
83ed22ff,0.0016179843
0da04398,0.0011993992
f729bf8d,0.0006586111
e53475f8,0.000638949
896420fa,0.00068796065
a229a922,0.00068543194
5dbeb69c,0.00084265316
08546e8c,0.0006941113
ed277357,0.0005635486
d7a6d80e,0.0045304424
790c630c,0.0027694127
fa90d4a0,0.0007079732
2dbef553,0.0007469534
70c043f3,0.0008015354
dc640230,0.009550874
20bcaf86,0.0011893333
cd121a25,0.0006146172
a7187041,0.0010716562
0d6068a7,0.0006490629
c9ba57f6,0.0014183221
abc14e52,0.0006932225
333d60d8,0.0021298302
dd304444,0.002150148
d2edebdc,0.0016803561
055315a6,0.00058156817
5186d897,0.0011861393
c9a63b4e,0.00076790934
9ebc7d1e,0.0013458994
0f2809eb,0.0017847703
dc6fe95c,0.00070569396
df6347c0,0.004681467
eaaef592,0.0007032248
2d617507,0.88043255
292a6675,0.0012374311
e3128913,0.0010982753
708ea533,0.0006536268
f7ed4bba,0.00078606023
eadf2dff,0.0010419998
22e65d0c,0.0018508964
ba71525b,0.00081469375
01210036,0.0008530522
a97c7978,0.0005807935
5077c7a0,0.0009072804
910daa4e,0.00084013294
f221fea7,0.0010547609
f7563f73,0.0010585453
244a9fdc,0.0007004654
ab7d12a2,0.00067588635
dd6ca657,0.001508996
2d0e180a,0.00073620334
0ab2ad88,0.0007631799
a743e386,0.0013446561
4daa2619,0.0006057226
bbdaa615,0.0010955569
1f6e0455,0.0010479734
f934de4d,0.0007507696
f5a5c054,0.000502049
29da410b,0.0014117158
fe6c6af4,0.0006727448
aa733b3d,0.0011612822
848cef63,0.0009227242
667c7064,0.0049243933
2def1115,0.00080065866
a8b3c027,0.006004677
e4b87e44,0.0007874547
e8ff04d0,0.001121467
0ec56eb7,0.23510294
06b9a433,0.00074139464
af54c555,0.0010201124
d0866e4e,0.0010476605
c58b628c,0.0010520862
90ba61fb,0.00077168766
33e745a1,0.0014875904
6ecf2ff2,0.0008761236
f8b46928,0.0007603347
2b0ca69f,0.0011330163
e40e0089,0.003410548
758580ff,0.0012217073
d4a95df5,0.00052732613
e84bf792,0.0019219997
16ae3dda,0.0008521021
c2c6861a,0.0017802956
51114eca,0.0006875349
3f171350,0.0022168378
6720ab31,0.0006345955
8b377f41,0.00061694277
b0e4343e,0.0009955325
f2778677,0.0006683516
61c2e8a6,0.0007098199
ef6770e3,0.00082804676
36d8222e,0.0010776073
01c05e15,0.0010045273
0007b266,0.0005480614
a216b03b,0.00067141897
ede40ab9,0.00082553516
70d22653,0.00087185774
797d3359,0.0015469946
ebb86998,0.0017340513
d2d1488d,0.0007554261
a153ca7d,0.0009840403
7d645bb8,0.00079853315
d7555156,0.0005130598
56eb7c09,0.0006613926
75ac42e5,0.0011287739
5b11eb1e,0.0013243014
2316ce28,0.0007938452
8f56ab13,0.0010486066
b78d6d58,0.05006464
86982118,0.0009371985
297ffa6e,0.0006753767
ad1799c9,0.0023515017
2df2a194,0.000907733
8689a5d0,0.0009175813
07be7a5a,0.0007296681
1e8c2a85,0.0009276669
3ac6ec78,0.0008093636
e91a932a,0.0013809648
c2dd1cf6,0.0011205535
0bd1508a,0.0018414028
229234d2,0.0008918738
b7c06165,0.0013906122
723e6522,0.025124166
1bb71f3c,0.0011898499
b6e93b2a,0.0018459924
830f03b5,0.0007240943
332feae0,0.0014101838
992423cb,0.0029143058
f082cef0,0.0011221311
ccdd8d32,0.0010309991
8e27bb17,0.0014705629
3791cac9,0.0011385758
719209ac,0.01771264
801d3c3b,0.0011842129
7599dd67,0.0013348331
21a409ab,0.00088104355
6849baca,0.0011078581
9e2e2e60,0.0011180615
f3d0e61b,0.0008752287
67dc251f,0.00299572
7a31665a,0.0010220289
9746ec2d,0.0041458635
2b8f8fcd,0.00076517963
05ff4da9,0.0007255411
e27994a7,0.0010681318
22f0ee74,0.0012083551
8cc8e817,0.0011236254
bd248e0b,0.0032704652
9196dc5a,0.00063655875
81e9690a,0.00073230057
0010d6c5,0.00081358367
8933fc6c,0.00095172285
0bcbe4d3,0.00054396666
0c817287,0.0010757621
e30e59a3,0.00080176303
3504e66c,0.0008050626
13bd2d1c,0.0006667583
5a5f542c,0.00096637633
a3c59c32,0.0007260093
b6ee66fb,0.005508046
c62b2c6d,0.001134759
7e513e42,0.0007909389
0eefb318,0.0007335977
a2fbc700,0.0013982215
69272df3,0.00085514784
71e7a795,0.0013395279
fe8bee31,0.0014636862
0b3ee494,0.00082209724
ddc52f42,0.0037509135
057b2963,0.00076159247
e06ee47d,0.0012058314
50f83c33,0.0007936735
f9fcf126,0.00062993384
871b69ec,0.00088383124
d1e2a5dd,0.00060524733
e45ae151,0.00063105905
cc3fac46,0.002353907
cff7dfac,0.045052458
7d5dabc4,0.00065897027
299c6d80,0.00073860626
1935801b,0.0026280757
2d7e0310,0.0016462135
b1a89c6d,0.0009517278
932c97a4,0.001238385
f1dcc0b5,0.00070774317
e6b0a4e6,0.016873129
6a3dc3e1,0.00097338
1c8ec13d,0.00072384905
8484f88c,0.0027153133
293f970a,0.000611976
0a63bc56,0.0011796874
8f355d64,0.00094593584
16b0e247,0.0007622997
59b8a8d6,0.00064283464
10b17613,0.0007145055
8dc484ba,0.0009955871
90ae68a1,0.0009928657
63742d75,0.0008025014
2d79ab6d,0.0009984347
fe4444c0,0.017894033
f81fc84a,0.0012065632
1d40c5ab,0.0010682375
34f83e0d,0.0007324486
57adeabc,0.0009409689
8e0cb1fb,0.00090724835
d7c8eb38,0.0015923057
6375b822,0.0018899434
d304a189,0.00085212244
c29de811,0.0010950185
936d69ef,0.0015262375
8272a88f,0.0007335666
4bc53671,0.0008513052
4516c49b,0.00070114166
25857c77,0.0019921286
aaea48d2,0.0014409991
e60308e7,0.0016004972
40c9fed0,0.00082052767
6f91d9bc,0.0011519404
897bf4a1,0.0014226658
337f19c7,0.00091476267
a9b5dfdc,0.00068868976
9eff1e80,0.0022765798
78af1df4,0.0009910573
841ab3b2,0.018299486
e207a767,0.0014338222
c3493be0,0.0013465257
896e0888,0.0027490715
f515cdfa,0.0006623546
b851bef5,0.00088296767
99492ea3,0.0008987564
69e10bd4,0.0015898054
2d68a421,0.0011362188
e5322bd2,0.0011982996
94e58ee1,0.0006891201
48b714b2,0.00075286545
23fa44f7,0.002323859
0d8bae19,0.0007756637
c52ff535,0.0024006993
afc7426f,0.0011362209
31621fd5,0.0038099557
942a4a18,0.0015753951
44053b6d,0.00058668654
1959be86,0.0007582844
4f0af06b,0.0006705722
f499df4f,0.0020214703
e8f756ee,0.00058039423
5c8d0ca2,0.001016273
917f67f5,0.0036657788
8a939a3b,0.0010424918
f6aba039,0.0005280484
262fefcf,0.0012558259
163dcf55,0.0010709725
4cea0c54,0.0009768333
31caa2a6,0.00085119525
a764f1a8,0.0012466183
d15afd97,0.00062936917
eb072820,0.000635352
206bce50,0.0018948105
e7028bb2,0.00071712915
0b6894ed,0.0009585703
cbe7a6b2,0.013837526
27ffd7c1,0.00074075226
57607a00,0.0005752526
e9b5db1d,0.00082543766
23ffb6d4,0.0006330389
189c3b01,0.0034496756
cd01ba42,0.0006723051
f9c2d7cb,0.0022631567
fc05969b,0.0036354752
657802d2,0.0007131066
c62dcdd7,0.00070967077
a836118d,0.0046788948
cb80c89a,0.0005765362
b741fe7e,0.0007364703
307ef84f,0.0011838874
4622c301,0.00068705645
0423ff61,0.0005059364
634f3e87,0.0009152414
cc7d2729,0.0010917156
673f46db,0.0022582298
6202bf17,0.006686527
2401cfbe,0.00077803334
821edbe5,0.0010453744
4db92862,0.0010661418
c2e09fd3,0.0011994026
addb7fc7,0.0017322476
807bc6dc,0.00066312385
135cd722,0.0014434081
a7afc687,0.0007848155
d572595f,0.00060381583
d42d1a10,0.00087582064
6748b533,0.0005499644
2a0b6cfe,0.0007769979
b8efb80d,0.0010859444
9f567972,0.0027535695
6850eeb4,0.00072075595
20e642c3,0.0008132496
5eca4657,0.0016664085
99327a86,0.0008247127
3f90a7e5,0.00425611
ece18a5b,0.00068349094
2133bf39,0.0010399935
20801d58,0.0011742433
52e1f6b2,0.05560917
006490bb,0.0037677381
3c0abf6e,0.0011250929
afd06ed9,0.0008717307
a9510c44,0.00093733333
b1b65a8a,0.0009958684
4b23799e,0.0010375634
8c3cc9b2,0.0032573012
cf7f0e18,0.00075699814
98273523,0.0018237212
834489fd,0.001277621
2437c15f,0.001865061
04f5c8fd,0.00061087724
fe3df694,0.000780867
cd02cd4b,0.0016809849
f33d43c5,0.00070177874
a12fd0bd,0.0017569278
64f585c7,0.0011999181
3950efc6,0.0007924425
53c9cddc,0.0007957083
63d2eabd,0.000767601
da541562,0.0019633323
d74a4711,0.00092494674
278c609f,0.00076880044
1907a70f,0.0009911394
f1c24e0d,0.0007348063
8beef4db,0.0021713038
db59adb3,0.0009501749
04c2a779,0.00086049637
87c2f98e,0.0010485492
0d07b193,0.002530471
ec75430f,0.0013108549
c7fa79bc,0.009088949
a3135554,0.0026524048
27901797,0.00082022353
6d12153b,0.0025298223
ccf831a1,0.00083004707
fa97206b,0.00063799095
255f016b,0.0013255563
41c299a3,0.0007985712
37f0b511,0.00091519067
1da8c3fc,0.0009810308
872e3407,0.0011645622
4b9f23b6,0.0012801687
9662351a,0.0044644237
cc6ab657,0.001344377
cb5a9da7,0.0005552346
85e4747d,0.0012538788
b2a9b095,0.0052828873
72e50eca,0.0021280898
032ade84,0.0026649917
4f67e63a,0.00088804605
3aec2c6e,0.00071041816
642edb95,0.00083445077
c0f6fbb8,0.0011367784
012799be,0.0017138199
dd93aa18,0.00058367307
e834b650,0.0012539076
38e935cc,0.0008820754
910d3c46,0.014018831
a22a5f93,0.00063929555
550bc026,0.00064596004
5e889b1d,0.000714513
9b68e63d,0.001037559
399c876d,0.0007189178
284e3320,0.0008322004
c9918d13,0.0010153382
0bf9cf84,0.0004378089
b66b8eeb,0.00081018894
d47f9980,0.0033857892
ce7aa4d0,0.0009463775
6dd5d7de,0.009847285
0241b638,0.0009903385
4ae34483,0.0012471398
c76f707c,0.0039222217
c30d35f7,0.00079587515
b22f543b,0.0080240695
0b9f960d,0.0007486298
d4d98abe,0.0016761491
d8c70ae5,0.00084955484
38ac3995,0.002737002
600f51ef,0.0010800868
22619ef7,0.00077250146
2671025e,0.0006887197
8c8d86e7,0.0011967551
9c12679e,0.0009750624
b0087293,0.0009425616
2a650076,0.0012778072
0d92b85e,0.0005839969
fe356e74,0.0008089222
ca24eaf8,0.0007698969
0e2a4443,0.00073777966
effac95b,0.017298717
de696a77,0.0016504963
185ae6f8,0.0012413983
10b97510,0.0014555535
539a656f,0.0009007333
1879f13f,0.0012735205
0d05988b,0.0008069636
390151e5,0.0031032884
7a39e8fe,0.0012793271
376d1f68,0.0009848033
1ff6e591,0.005276246
dd3314d4,0.0011668758
752054b6,0.0016882088
d6f17e54,0.010712631
e722717f,0.0007740562
4bcade78,0.0013367974
bfe3f2ca,0.0008228747
aebf60cb,0.0008996131
ce671527,0.0011194785
be9fea69,0.0012027475
e8d9bc73,0.0059491848
3d84dc38,0.0012900783
18ed9005,0.00074684987
a952cf3a,0.0022295648
40637858,0.0006692813
0297e9ca,0.0020482957
c931f274,0.0005867908
2340ffee,0.00079302565
54f60cc4,0.00071740086
11acce36,0.0006442404
b28d5ad5,0.0014124151
dcb28d1d,0.00071598566
edece0e9,0.0031051787
54e1b456,0.0023414677
9efb1574,0.0012687214
a4d65f99,0.00084439816
3559457a,0.0008898731
0eedcae4,0.00087210996
7a15f80e,0.0005741636
7d93d494,0.00066306134
c65b89e6,0.0011397472
4c4559a3,0.0012381809
01dd1826,0.0013624169
38f7e6ad,0.0007869828
26f710d2,0.00062722544
b0f513d6,0.00054184376
80535020,0.000575405
9fc9908a,0.0015657612
b737fc68,0.020804927
17aca177,0.0039801956
09dfb213,0.00057313434
522b0a27,0.09715578
cb734da9,0.0006430498
deba1a88,0.0011974387
6932ac46,0.0018184652
b8072870,0.0006441051
c1f662bc,0.0013193934
ae785afc,0.0007646799
8d428bdf,0.0005282774
8f7962e2,0.0006869563
f4f9089a,0.000805012
479dd51d,0.00061619794
75122134,0.0011205171
988b9672,0.0009908429
731ab6df,0.003208616
5f0a2701,0.0014467466
6436ba2a,0.0012851597
801cd038,0.0011949212
ddaf87d7,0.0033417316
ac9a8bfc,0.00067286624
22dc7ed9,0.001382434
1e0f11bd,0.0005822698
78d7ec9c,0.0009974341
fedebfab,0.0011101993
8a1709d3,0.0011750018
f18c5670,0.0016061164
48110b3f,0.0007398726
d41ca33f,0.0020014255
05b230be,0.005105555
5a98c21e,0.002529548
4534ae3d,0.0010425345
24fcc60c,0.0008588356
f7afeb43,0.00124374
f73d751c,0.0007240381
c838ab44,0.0012070438
7cc49ae1,0.007102738
c3b7f6f1,0.0007205757
532ba370,0.0005530026
5c9ab9da,0.00085200387
11f3392d,0.0016136349
50be12ec,0.0012404439
7aabbd1e,0.00070522446
2dca9529,0.0010388558
200c747f,0.0008605554
39436f98,0.0039898143
4e13e70e,0.00073842437
19c6e4f2,0.0019683824
dfb6d64a,0.0012496368
38f55cc8,0.0008279726
29cbae14,0.0017421178
a745d239,0.002116656
00eb00ca,0.0017259604
aa6d08f2,0.0015763275
4cb42ef8,0.0014205768
8a9b453c,0.0006934154
fde42871,0.001350931
8a9a751d,0.0013441221
17a3a3fe,0.00057148805
471ecd54,0.0007453667
f4ddb8b1,0.000652448
6b190dc4,0.0037001376
c288373b,0.0011263363
29774713,0.0017784314
ffd1d2c4,0.0016478294
f7d18d33,0.0007376485
9be89f07,0.0006694235
83f89e6b,0.0015127625
307907e8,0.00057881314
6a47069b,0.0029418448
2a650542,0.0011374706
23691dca,0.001066038
0733ae8c,0.0008921772
4986e895,0.0005696453
4fa9d35a,0.0009342453
75988bec,0.0005592139
43ac3247,0.0012593811
344486b4,0.0009017186
edf29429,0.002492482
d07a0254,0.0010054369
e78d2706,0.0012483151
4845687f,0.00071590143
0e350ec9,0.0007258958
12f369e3,0.0009926287
6dc96d6b,0.001015821
da90a579,0.0018255278
81863593,0.001233711
d8567004,0.0108582415
166ab682,0.0006509
f123b883,0.0017863953
ee5d50e6,0.0016610981
beda629e,0.000990489
13a039d1,0.00095195277
c8464a55,0.00079347315
45f5b598,0.0022731924
9acf494c,0.0009161613
fdfc2e3e,0.001089235
56e73302,0.0006078456
4ce20c95,0.0010621308
bf3a50b8,0.0009075899
67b06b48,0.0010813386
74bf935f,0.0016696801
545bdaa5,0.0025084182
aee7526e,0.0006560673
f02531b1,0.00076438993
c13f6890,0.00068149966
dce79ab8,0.0014887502
9b653726,0.0014776342
cf272ff2,0.0008664985
9c3b1ac9,0.00078977336
57fd6f75,0.0011002759
e87200ef,0.0014988312
4d15b0c0,0.0011651668
c5f27256,0.000572902
faa4dde3,0.00076040864
330ad8c9,0.0058397506
1e29d266,0.00081991334
832af985,0.0005876858
2fae14d1,0.00055470533
53aef922,0.0009828816
e9f908f7,0.0006263255
363852b3,0.0007227782
ea55c008,0.00066263205
450c63a6,0.0011224824
f598c0a0,0.00073360815
5705e0f5,0.00062753365
f79526da,0.0005814562
7ef04053,0.0010498716
f2708c46,0.00069085445
d65cefe4,0.0017301941
e0aa2de0,0.005889566
3f70e7a7,0.00091053394
f0af81e2,0.0016827094
5dae4257,0.0010433139
a90bb7e0,0.00053605944
988b7ed9,0.0006767881
75f998ca,0.00084437046
abf00dc6,0.0008358024
1474528b,0.0007144671
58741e5c,0.0005266982
0c2868ca,0.0011829282
8735616d,0.000633031
266bdf1e,0.0019926215
fae000c7,0.00065744965
d9e0e9e8,0.00053111184
35a78d5a,0.0010102368
2a473bb1,0.0012024821
806d6cb4,0.00068914116
66c5e296,0.0008235819
a2a486a0,0.0008371674
b38a33ea,0.00090540375
510031a9,0.0008872489
d198ca7d,0.001165903
e224f3a3,0.0015713801
c68fe598,0.0009966082
e7368a2a,0.011994154
4b3c4938,0.0008332271
3f810484,0.0013644465
14737698,0.002258581
1da1e4eb,0.001611707
6d413355,0.000868537
272631bb,0.0006739255
1ac77e7f,0.0012106438
10bbaadb,0.0012060566
b9359011,0.0012691965
77bee900,0.0010978533
999dfa76,0.0005003039
f20eea51,0.0012663316
9700b858,0.0006989767
a8879f09,0.00067341066
531ff1e6,0.0010813896
62f2ef5f,0.0010482915
2cd2779a,0.00089857785
23168539,0.12107419
62abd08b,0.0011728148
05c061ee,0.00059284474
ba154a90,0.0008399176
9ebd4344,0.0016531181
1a74ca52,0.0011352326
bdaca93b,0.0007275552
e2c24f64,0.0009851416
124d194a,0.00076393265
804f9c5d,0.0006782551
2b8e5d07,0.0011803511
d0245c1f,0.00070725934
a9270a5c,0.0017305771
a3d17579,0.0011351163
a585fbf0,0.00081334414
8b1c94a6,0.0006028943
d4860be2,0.0006468959
4454c6d7,0.0019326637
d73f25f6,0.0024622972
e8410208,0.00070751086
ec1aa2ff,0.00057223235
a18a03e8,0.01836571
b949cd87,0.0006679183
a7830f97,0.0010868091
e40d8546,0.0022555788
834bb0bb,0.00074982404
f04d2aba,0.0016690515
24723e3e,0.00082748564
6e2d31c4,0.0008204166
7f3f3597,0.001020934
aa89f692,0.000519621
6e9f4ffe,0.0007189528
a9bda949,0.00069678656
e99b4f7b,0.0006150077
3a23fb38,0.0010096182
f4027ba9,0.0025052857
b4190751,0.002190583
f993cf2b,0.00053864677
c9ce9284,0.0008544181
8fa5544b,0.0018106194
616c2e80,0.0016135112
83116193,0.0009759464
e4c8dc74,0.0048901555
a3089eaf,0.00072536204
5357fa0a,0.0010226351
20434cd4,0.0005174095
09d83c00,0.0015930572
c29f75f6,0.0008110618
71f2d357,0.0010604095
9bd9bdf5,0.0018180773
aa02cb48,0.00062174443
66100b7f,0.0084393835
2199821f,0.00067622977
15d2d622,0.00095903024
f1e76e75,0.00061673403
24488064,0.0010102557
de2f37fe,0.0010570282
2941eebf,0.001206496
cfd07518,0.0012840366
7d4bc729,0.001010287
39f9e09e,0.0011360856
8ca94386,0.00072654156
1680c7a5,0.0013499903
49012f0e,0.0006593494
6e113557,0.0006435758
1e73b3a8,0.0010941686
42c12427,0.002478138
c5069fad,0.000693574
a7e965ff,0.0020125543
afa054e4,0.00070234743
0fe2010f,0.0037198665
ffedb391,0.0005962407
f56ea8de,0.0010572316
4396433b,0.0006928995
04be1927,0.0030268491
c0023ca1,0.0016680238
56e3373e,0.00075280137
7be44395,0.00077025796
148e8a5f,0.0010278142
1fea9a17,0.00075876113
79b1751d,0.0011393244
53acba15,0.001085362
49a7547e,0.0012999418
5da5924e,0.000900378
55b00f59,0.00072060106
81b46375,0.00078009797
d512b494,0.00087311724
4812564d,0.0026783936
58ac893b,0.00064279756
cbf02d96,0.0010980007
55186649,0.0030948895
42086bc0,0.0021673176
f8333655,0.000962229
4b32a2bb,0.00061004004
9650b8b4,0.0011557104
7282595a,0.001231929
cf79932d,0.0007014979
1723d066,0.0013887746
9c4b567e,0.0006897752
346b9a7d,0.0008813088
5b81a783,0.0010668718
33417e0a,0.0010027641
10893074,0.000914578
b23c8581,0.0011551225
d7958c86,0.00064255536
201bd112,0.0007413179
11f8bf8f,0.0019185324
39799f9b,0.0009233218
3e6c5fad,0.0012250352
a1857c62,0.0005800182
22590319,0.012177855
07c04c3f,0.002129134
105ebc14,0.0015974819
82777b19,0.00066504953
4a72ba67,0.0016418135
fd3f1b56,0.00061601057
5bca5d33,0.0006657474
6af2a786,0.0010404642
3cc73153,0.00060786324
58dee478,0.0022535836
2682887e,0.0021999634
0bfbbcb7,0.0010226425
748f65be,0.0008205057
290a2e4c,0.0007390424
3f1fa628,0.0009390313
76c80cf6,0.0006265073
7ad6d9e7,0.00077896955
d5711af5,0.0015786453
270334d9,0.0008906561
d0b856b6,0.00096107327
e25bef2a,0.0010885918
4b7b63bb,0.04279017
5aa68f4a,0.0018158262
d4eef325,0.00088414794
61743b9d,0.004465759
8966a7e8,0.002296183
8053ebfa,0.0021143246
70bc2e9a,0.0015031612
ab79b40a,0.0006503341
d9e26537,0.0011845225
e002fe30,0.0007954786
de4230b5,0.02044884
26bfad28,0.0005959867
af31c2e4,0.0016960009
63ecbe16,0.0007389858
c6d4e035,0.0008995754
ded2605c,0.00085831975
772c72b3,0.0009824899
05c8789e,0.0017731122
f9e66780,0.00048462843
e2491046,0.0009812148
8cae8292,0.0008176312
6ec767d9,0.0012347884
2525a9b6,0.00090752245
b31c6580,0.00072903145
9dbeef03,0.0007911854
944c7fb5,0.0010171104
10db0bbf,0.0007538157
638356b6,0.00066174945
deefdfcf,0.002185987
04d62886,0.004115982
04a7f298,0.0011076913
ce42cc69,0.0009308592
394d09bc,0.0005920657
c28158d7,0.00069317425
d6940fab,0.0008555378
ff3bf000,0.00071998267
8ed0ce21,0.0006782632
129b9c23,0.0014193226
e7c77563,0.0006753497
e6f914b3,0.0034398558
6f0b4c78,0.0007724373
c4bb057a,0.0009899003
ebab0032,0.00083056925
e0a77476,0.0039070235
a3563f32,0.0007765068
4b29b467,0.0009954518
1a0c455b,0.0008644147
8e2ec527,0.0008876646
7a62051c,0.0007823358
347fc3ad,0.00085214956
2b4f584c,0.00092196756
3e29b221,0.0007134781
6b21b538,0.0007515047
dd65ef2a,0.000904917
44f418ba,0.0009243662
53fd11ae,0.0009023546
fcddc45b,0.000726626
5c0062e4,0.00075985986
43b8592d,0.0007758604
eda6d8c9,0.0006341185
849dbb38,0.0007067345
15a668c1,0.0024555554
5e1926b9,0.000818825
c616d8da,0.00064030936
62e1fae7,0.0007908892
d9c70f22,0.0006934128
b6379f6c,0.0006824005
673524ea,0.0006000804
dd7993a2,0.0006955665
6160226d,0.0010479001
947e32ab,0.0008718254
f9643808,0.0017979164
f6a43231,0.001067074
01e6b9d3,0.0075561255
8a74b6c8,0.00065083324
1f34f813,0.0006103896
8abb66f2,0.0029714422
1b96c7c7,0.0017440445
7f3a25f3,0.0023712418
8838bf8a,0.000852951
3e58c026,0.00062661717
e79d660f,0.0009984714
f8580cb3,0.00057346467
e16ab2dd,0.0006649662
a5cac9cb,0.00064516824
72289577,0.0007331923
b7d5e2d0,0.00096920604
b4b340c5,0.0053887577
438b4506,0.00056660315
6352f7bd,0.0006770187
6b7977a1,0.0012038202
63e9f082,0.0015386648
29b98e13,0.0012806772
2e4807c5,0.0021706831
daeb7ba9,0.0015566627
5fa93a5f,0.0011055376
8f22d0f0,0.0015703136
fc94ae19,0.070223294
583448da,0.0008556911
ad1bc992,0.0007138525
389b899e,0.0006126375
f4a6bb3b,0.00080580945
3a3bfd2b,0.0009890905
0ef0ba82,0.005084005
3ea416d1,0.0011944507
00e86f83,0.0007391308
9566e447,0.000706677
b7c6961e,0.0025991227
d3d5e214,0.0024608804
11c05ed5,0.000632055
befd4480,0.0009035156
36ed5998,0.0038773904
c157dfdc,0.00088612735
e51c2d1b,0.0012821711
00bc15b9,0.0005122459
f5659fe1,0.0007520302
5c4a2a0d,0.0011180387
65bc6182,0.0010659001
8a10b6ff,0.000650178
0cf1b9d4,0.00081608345
4b4054bb,0.00064152613
b8962941,0.00065773446
e6542f11,0.004160037
27512d0f,0.002944663
d9a319fa,0.0016071497
988782ba,0.0011524431
39f54490,0.0019597271
7f5ac67d,0.00089656847
fb8beced,0.06295086
5e8fafed,0.006064059
23eac34f,0.0008161079
5545b3d0,0.0010679536
5f93b62e,0.019852715
7aa554f4,0.0036893934
19423939,0.0008682085
8d4bb4b6,0.0012683469
5614a2b9,0.0032050856
fef40c77,0.0005070077
3f870f34,0.0030368662
4377932a,0.0010611285
eb6d4452,0.0007180233
1426a5ca,0.0006481196
558d85ae,0.0015097621
d706caad,0.0008917073
10b13d75,0.001888804
6b6a870e,0.000951338
7b42a0a4,0.0008138693
78c8704c,0.0006164535
04a178df,0.0012900641
c1f1e540,0.0012638975
4eb24032,0.0015341137
e56d18d7,0.0007503941
a6a85748,0.0008141296
6ed98e8b,0.0029716624
55f0687d,0.0005824507
a0eccdb7,0.0029688738
da940f4d,0.005017378
5f781dc2,0.00072561647
c294cdc5,0.0008809898
17ec5515,0.0009255732
7429aff0,0.0006910428
e603aeaf,0.0011974404
6729e48b,0.00088682934
1a66335b,0.0009610755
770c93a0,0.008689472
8270f227,0.0021057744
564b35f9,0.0008103279
aa0d1be3,0.0008504992
f2085662,0.0005672181
be0a66b6,0.00088011427
ad797899,0.002297786
24c038bc,0.00066428015
3a54ebca,0.0006060359
6f929837,0.000609017
d1b26032,0.0005989975
90171707,0.0007749356
3f01f1b4,0.00090939517
f740e461,0.0013229985
9c11c92b,0.0010837927
1433899a,0.000912259
67573971,0.0010778885
12602c4c,0.0008017485
3e2329fe,0.00063971156
e44fe4e9,0.0021523251
2edfc6a8,0.0013343126
8640f179,0.0010696827
7572dce5,0.00094347086
8a540416,0.0011514341
e427fffd,0.0010975694
908232d1,0.001852026
2f7f4f8e,0.0008277218
8dd62788,0.0011383952
21d434c5,0.001513122
5ac968fc,0.0018746798
4300ea16,0.0031146456
d839ae45,0.0015646792
e1fa431e,0.0013373463
6c313d01,0.001112292
2f17493b,0.0006643409
b9634187,0.0007517124
4e6e975c,0.00083650945
622e893c,0.000638637
dcb4520f,0.0014332694
3c68e712,0.00074228045
3b66e8ee,0.001674016
4c806f7b,0.00086674624
bf5497d6,0.00067236536
4c7024cb,0.0007078292
56855008,0.012280196
01014936,0.001944037
63086378,0.0009987558
df37402e,0.0027418153
c331cddc,0.00066925545
98e1686f,0.0010168338
4471fa35,0.0011438064
ceee8c9e,0.0013486049
910f4d3a,0.00054544554
f0b08a6d,0.0010222538
770622c2,0.0029865354
5c2d5414,0.0006559051
92ec4daa,0.0011081811
780f782a,0.00066801
316701c9,0.001183167
18fd0306,0.0008578668
abc9ef3b,0.0043555032
953d1ba3,0.0016170194
cb0461a8,0.0027433217
d953dbf4,0.0011754541
33572cfd,0.0005360753
98d56c22,0.00068469875
55a4d1cc,0.0009024496
e7ba8454,0.0008910872
2158b47e,0.00071628904
ae9dd511,0.0013251095
058041be,0.0005545724
c435d4c1,0.00084020256
45a1c9e3,0.00088066875
aa2d1a9c,0.036129497
49727d31,0.0008022246
61c866bc,0.00070978806
d60bb39c,0.0013653225
bd8d4f2f,0.0006828324
2b1e8972,0.00091463636
6d6deb56,0.0031393974
2cc12071,0.0006002048
189f9ba3,0.00073207833
7f95720c,0.0008997683
df7dbfd3,0.00092256337
432f8e4a,0.0008438991
d017313d,0.001143394
03769db8,0.00065275776
8d074a1f,0.0010658761
2c6d68e6,0.0007351205
2cbe05dc,0.0012212784
fa5ffe1c,0.001026632
317f1157,0.0011569946
e3842e47,0.0012954274
06bf7cca,0.0012347514
5f6c0faa,0.00073557394
e4201fcb,0.0009303143
48b717ee,0.00063605176
e1d42da0,0.001569712
6c1bac7e,0.00085710036
d44276f9,0.0010262697
52381364,0.0064743077
3844974a,0.00051891
f339b7ee,0.00058080815
bd4bd01c,0.00078329956
577d4282,0.00068715337
002499ce,0.0008628749
136b5714,0.001744496
30bbe99f,0.00082461763
94aae9ce,0.000727791
2922b530,0.00090528297
7d0e4143,0.0032786017
0a3235b5,0.0007832797
bdcf4add,0.00081598584
228f3e32,0.0020214578
e32bc50b,0.0009860449
2d4872ae,0.00056214945
e9df8091,0.0005708865
071f9206,0.010633411
e0b7d128,0.0011068148
16f81019,0.0005463676
3d31d2fc,0.0008092063
a1735d68,0.0009113577
cb7e1a76,0.0024359296
3f431e31,0.00087296084
a8fe3410,0.0036441998
0e49f16d,0.0006978429
39db28ee,0.0010372407
652c34bd,0.0009935531
0f45c7db,0.0014778305
8ae51b5c,0.0023473564
9f4beb16,0.0017190458
08cb1c1d,0.0019877723
e208d57d,0.002934091
da22ab8c,0.0007178019
55435706,0.0006912121
0087756f,0.0005526393
99c77483,0.0028315089
4ece4a3f,0.0016845401
7e30c6cc,0.0028011415
14518a44,0.0009580585
2c6588fb,0.00088647025
e6a0d900,0.0006072564
94e31644,0.0035797176
b7121e14,0.0011038082
d5eca22f,0.0011510617
803f648e,0.0008252009
ba45a887,0.00057684036
0eecb565,0.0014710776
3da3d0e6,0.0037367672
8af7bbbe,0.002094829
8907a559,0.001452087
258492de,0.00092669996
a03c9c35,0.0016754502
416d51ca,0.0007053894
79f8567a,0.0007126256
3ed07bcc,0.0017131208
ebb7474b,0.0013648857
6efc4232,0.0016477172
0b3513f6,0.0014354488
60aeff79,0.00084546616
f4dd4d86,0.0014998605
c4815281,0.0009706092
685d3914,0.0020887593
60e2d78f,0.0021343548
abf7cc27,0.0010363148
c5aaa416,0.00058416696
99864975,0.0010079858
22b282bd,0.0023118341
031ab835,0.001489545
c42d4881,0.0034275202
0d536f4f,0.00080254575
9c59e6cd,0.0018711665
af53c4b7,0.0031689992
66926704,0.0015235882
172fa973,0.0015746227
368146b4,0.0011435678
e5514611,0.00073926046
78e67d90,0.0011137086
146aa7c4,0.0011968464
e41afcfd,0.0006442859
82ce72de,0.0008375854
079f75f3,0.0005706729
1dd68284,0.0010019233
cf29736e,0.00084712333
63a8241e,0.0009667289
b2337930,0.0008232865
07ecbdab,0.0009931055
ef565768,0.0008622754
5b375d65,0.00098251
5c5ba5d6,0.0015608387
efbd5842,0.00065688376
0e522c5e,0.0007131857
1bee2a80,0.001985902
cb8fbb14,0.002192635
df27d70e,0.001265246
fd61b1b5,0.00076277566
3a5f4757,0.0014799816
b4e4e9ca,0.0012333437
3f221b15,0.0011982333
b41adaaa,0.0009951063
aff08afe,0.000860473
6dfcb8ce,0.0012618497
d19cf9c2,0.0012653297
3a3b9d6a,0.0010519555
0ae53677,0.0013368807
c1708dde,0.0016190237
4abc7a15,0.0006285683
953165dc,0.0015900598
fa2b6571,0.00085244403
1ab4a7cf,0.00082095625
d89e3481,0.00079312496
9b37f9f3,0.00055396644
7176ec4f,0.0007821613
462d9bbc,0.00050127436
a61048d1,0.009637201
ff2e4353,0.0018712442
036254e1,0.0008563722
928b4d06,0.0010063713
e6ce8015,0.0006095199
7276219a,0.0007026648
70058d50,0.00048890343
0fd8a7b6,0.00065383763
8d1404ba,0.0013329954
94dc8fc4,0.0015526754
d9b6fde6,0.0008348412
af06d66f,0.003101927
845a4988,0.00059142476
74d91378,0.0010364564
4fc692fa,0.000596807
db0ed0f3,0.0008570044
223b7991,0.0011691716
9184b7e6,0.0019327337
6c2eea4e,0.0015401865
001ded12,0.0010809221
bf94590d,0.0018503078
f50794e9,0.00076509686
79cf8be5,0.00061621936
a694f8e8,0.0040254057
e4949337,0.0011358594
77cfeb2f,0.0008326827
2324919e,0.0012524846
ef0249c9,0.0033364533
25dbf87e,0.0032235074
9cf5993d,0.0008652037
a54c16e3,0.0011143145
6846d51b,0.0013080189
ddeecb25,0.00090929936
51ed186c,0.0011899304
a1c89eca,0.00086106843
4ef96409,0.0017484573
2db02209,0.0010832734
723de9a9,0.0010208961
7b143fb9,0.0014019002
1515531e,0.00070842507
e78bcf0c,0.0007291641
ce31cc4a,0.0011322561
9a68e4db,0.0012758316
72255985,0.00071906584
07502158,0.0006956149
c0bbe2ef,0.00081565004
44fbe4f3,0.0006527441
d4e982ba,0.0013240745
7b54bb35,0.004124035
63a57073,0.00095484086
7184a428,0.000993114
f98b9876,0.00096745597
9ce00ed0,0.005242379
db7c7f35,0.001189715
a8a0ca47,0.00060101907
1595e0d0,0.0007483976
4c2ac6b3,0.00077435945
2f4e4e98,0.0023665382
e5fcd1aa,0.0012147172
1f814e48,0.00086444104
9ecc31d4,0.0008032052
de3684b2,0.008527785
626dbbb5,0.0011941805
e26bb95a,0.0007782054
34cefd3e,0.0007337798
0624bb68,0.0008387739
e3f4e16b,0.0037639758
29e9fb82,0.0013031537
583690c6,0.0008896239
e56c3c4e,0.0012277699
6bdab7f9,0.00063853536
819e977c,0.0010911542
a3d15bb7,0.0022890773
a9a8903f,0.000581943
fec3e6ca,0.00071036466
79252d59,0.0070309187
2ae38964,0.0005657506
eb9099ae,0.004118035
8855e007,0.0012929438
58866885,0.000873267
b8ab92e8,0.0020965661
ac301c8e,0.00095805124
0b06b32e,0.0009518734
84e3c994,0.0011176367
d25a10c1,0.0010373386
23d5b214,0.0019365443
815b1567,0.0023158488
5480b880,0.0013590228
7930b027,0.0012226909
c88a9149,0.0011585486
7ebf9323,0.0007935366
e65bd0ba,0.002206784
55f51f16,0.00074198976
1d375d26,0.0041551823
12393009,0.0020913451
60a9bd6a,0.0011453164
210292f7,0.0008299932
52919747,0.0060533807
d7afd54b,0.004423724
17d87f07,0.0011221856
5624a9b0,0.0010249355
00ab0fa0,0.0019814859
6b69cd0c,0.00083730853
8f5cc622,0.0010541334
d4363aab,0.0011740588
84ab62ee,0.000795316
297f171e,0.0020723715
2efaa8ca,0.0011824353
d8fa4165,0.0028813302
07cd0ddf,0.023334095
9aa79101,0.0018922656
c673e544,0.0014778867
77f2c72a,0.0009092916
c5ffcd9c,0.0015395111
f26f7977,0.0015150027
3c3079f6,0.00064821664
6aa72127,0.0008872776
42a94654,0.0013707901
a292c626,0.021526061
7cd28b6a,0.0020050996
1b795fd1,0.000816472
d5e93e82,0.0034092306
9d4a88be,0.0019187552
4892afae,0.0014636068
2ac599cd,0.00056324276
45af42f5,0.0014852321
8b6e1eaa,0.00091866875
c24a6a5b,0.0020762633
a0039db1,0.0014453902
a007ce70,0.0009386203
26f89d66,0.003638563
72e28053,0.0010744511
a19feea6,0.0009924632
738fdfb4,0.00083610864
e7b299ec,0.0012066448
ba60ed49,0.0009025175
e9793b28,0.043881655
2ca5b408,0.0007408925
7582fee9,0.0031124582
7cb045bb,0.0024793975
6538e332,0.0009744245
5bbc2386,0.0012467763
55edb9db,0.0012025681
68ec8ed8,0.0030247995
eb7b39ed,0.000663846
d9dd3829,0.0061775693
85c13c62,0.0007291864
888c59c2,0.00075001444
f69f6407,0.001320428
0f0e21a9,0.0044075493
6d059b3e,0.0010271447
e03d9689,0.0005496759
e94993d3,0.0010757811
d43b3fab,0.0014377629
798cd567,0.0012717928
7b4a3429,0.0007728854
ed4640cf,0.0029591406
22525962,0.00094975583
a68d9c34,0.00097449304
7bcc8d99,0.0013064899
8469a033,0.0043847943
1c707a11,0.00078549265
11face93,0.001340842
a051194a,0.00075781636
076fd98a,0.0010688219
9d54510e,0.0026887408
4f8720c0,0.00063333515
aa0d7bf5,0.00065841153
f5d4a708,0.004802183
067de5d9,0.0035035766
e30de8e0,0.0059234775
2ee1e06b,0.0010621551
02911375,0.0011351418
b50fd079,0.001127523
7c28ad23,0.0048477645
604599b0,0.0011182054
f1a3cb33,0.0019906065
92f7e295,0.0022707926
c6ed13ba,0.0014777151
74f1216c,0.0009588357
1120f8a9,0.003162512
c0605d79,0.001554763
14567116,0.0011922495
3b24706d,0.00067820016
ddd98b68,0.0020704188
86f6a90c,0.0012123424
9314c397,0.0036276507
a31a0a7e,0.0006871589
59b96c43,0.00084963493
c1ef8d5f,0.001301263
78a2e96b,0.0017606716
00612a64,0.0007572222
878070ca,0.00083600904
7598468f,0.0015695766
ac8897a0,0.0010657132
caa6975b,0.00097224937
4fa5410b,0.0015706598
efbe43ad,0.0012208709
ace56a66,0.0009125042
dc98f562,0.0010240844
3820e20b,0.00089358614
ce02f51d,0.0011110234
50bde423,0.0026140618
64aa35ce,0.004507697
0070f0a8,0.0017523475
74d46b4c,0.0013273509
35729a23,0.0006388982
8f4a1bf6,0.023338865
3daffe28,0.0010456742
90dd8dba,0.001193621
619af332,0.0036446638
2982ea7b,0.081234075
b8220a0e,0.0026668238
0199a720,0.0010787905
d5d74870,0.001990258
c4a3161a,0.0009192598
85ccfb10,0.0013194424
067d9a19,0.0045146546
2eb5f2bd,0.01118556
fc174612,0.0010416816
b4a8fc14,0.0006499444
9c569628,0.0015287845
474ca796,0.0010443148
30054c83,0.0010230049
41f0d228,0.0013452857
48e08f2c,0.0016821777
0aec00b7,0.0013512856
7765caa1,0.0014114858
90f3342d,0.0012698034
bb4b78cd,0.0006347331
9bc59b24,0.0015211543
0ce8115b,0.0013127964
aaec9652,0.0012554671
3735eecb,0.0005537909
7828b20b,0.0011454538
8a1ea658,0.001296121
fecd8690,0.0011542735
172dd3e1,0.0007661752
fd767a23,0.0008692971
c7579768,0.0008857829
5325c20d,0.0009922558
7168046a,0.00088973576
d94186b6,0.00072287564
0128361d,0.0020067415
65ded8ea,0.001055373
7b5fd9e6,0.00092670135
e6639d5d,0.0006575945
34987a71,0.001783556
1d86f223,0.00072231237
6c782e18,0.00081816973
c7dcc4ff,0.0008795074
a7c08435,0.00075698737
0202b565,0.0013665662
f22c8d16,0.0012434047
76a12922,0.0012643117
eed52e9d,0.0015575145
3419b05c,0.001046023
26544729,0.0032559605
cabe2b8e,0.0015031535
7219e941,0.0011837301
cdd9f57b,0.0012033874
09569d31,0.00077641505
7e80cbee,0.00085868454
86a0cde7,0.0022638987
fa6bd1cf,0.00054941163
7330d081,0.0008206559
de3b0995,0.00251295
b9499889,0.0013955893
3867a1c0,0.002189469
d991a774,0.0047766636
e5b81e7c,0.0011129079
29edaf59,0.00067385903
c3f63f01,0.0007712098
4afc6ffa,0.00082459016
bbd127e2,0.0007468566
d059b50a,0.0014649063
55552d41,0.0027460025
2de27d89,0.0013241764
99dfa045,0.0008846931
4933ba42,0.0060011433
0e946203,0.0009660213
b3c1eeb3,0.0037060482
e8d3cc04,0.0030076783
bd613f8b,0.0019176961
91c9df46,0.0028796021
44c651bc,0.001155128
4b89c172,0.0013579244
b8e79647,0.0020796866
5dfd2584,0.0011960246
30f7971d,0.001010311
4d02372c,0.0034932238
3d0bcf51,0.0013070885
6cb3ca0c,0.005621534
ef99b300,0.0018875863
4e800462,0.023029143
a1e970b4,0.0018665316
ba62e3ce,0.0007063555
ba96778b,0.0007569693
02aecb71,0.0024044253
0108dec0,0.000725501
be85f5a8,0.0011424599
2eef2fce,0.0008804657
7c0f69a4,0.0010021329
2348a13b,0.031106243
3892954d,0.0012008277
92abc493,0.0021084636
403714df,0.00084715924
7619a8d3,0.0014754913
25027016,0.0021802192
a6246437,0.0015499997
819e7bc8,0.0015403779
945d0061,0.0013661764
ee277857,0.0011589559
9857f862,0.0010012606
c153b1d4,0.0009864555
06bf4998,0.0023828673
b90101c6,0.00305988
17ab08c8,0.008045756
b40a39d9,0.00064722827
1e4d2b0a,0.0027546342
71b99961,0.002267785
be65f231,0.00087016844
b5a6c58b,0.000654867
2a582aff,0.001748152
6bb037df,0.0008870964
2851e086,0.0006109867
0afa2583,0.0009574608
7475a500,0.009463428
94275f27,0.0073583266
445d02da,0.00079086993
7eaf163a,0.0008923511
b63f2bbb,0.0010995393
3ff200a8,0.0006716135
29ce0d6c,0.0017011475
24645f90,0.0014060764
fab840f1,0.0014512298
0e0b4c62,0.00059967616
6b5b1617,0.00093551504
d621a849,0.0010817483
62e26620,0.0010408777
10f31704,0.00091078033
eb69ff82,0.0014568453
eaa9a659,0.00068973016
23daf9f3,0.00072103005
b3449fc8,0.0015938705
80a9a42d,0.0010023129
129c9241,0.004852699
48418143,0.000658007
cff92070,0.0060644136
a75f7c81,0.0008142596
6bb0fece,0.002587866
c4292709,0.0009466016
6541b1d5,0.0014252871
c22e20aa,0.005812961
2dc5e468,0.00090441306
1321222e,0.0027218263
da1fc472,0.00092227774
6acb6ecc,0.0006644967
50c2355f,0.0011484808
b480d90f,0.0007202091
2ad4ed82,0.0009987868
8ca4d391,0.0008848655
97b38980,0.0010603959
17b4f73c,0.00082372787
60c14970,0.00092083326
318cd413,0.055365127
d0df699e,0.0016540643
91f7629f,0.00076366006
afac231c,0.0007474458
a7572981,0.0014298571
f235f851,0.00073683815
ee5c71e3,0.0022612216
3fbe4349,0.0009011565
1fe5efa4,0.0031750058
c35d80f3,0.0006631833
24c4b47d,0.0010742372
e7ce3b8a,0.0013488445
94539965,0.0013647493
64813e53,0.0028189686
4dca8453,0.0005834155
9ccfe631,0.001260407
98e15952,0.0053244215
8b227aa9,0.00087675115
8f9ab601,0.0016771691
eec7a48e,0.0022694364
7747b7cc,0.0011148815
6e7049be,0.0005838241
2c1de293,0.0006528868
79ecdc84,0.0019134196
a62fa3f8,0.0017711121
2832bce6,0.0031412125
324e24be,0.002685191
c5ba74b8,0.00065572135
79df0f9a,0.0007428762
007ed7a0,0.0011379193
e3c38f87,0.0013874612
8529deb2,0.0018480319
192695d9,0.0068017314
b42c2fb0,0.00066598057
7cb4c36a,0.0026452648
d0c0829e,0.0010940206
430a9e18,0.0006532942
495b3ff3,0.0018013099
18c5c579,0.0011409965
725e7205,0.0012784913
fca8d076,0.023537854
30d1ec30,0.0019094051
39dfad3d,0.0032958384
cfcada40,0.0008601996
2bb19b9f,0.0010376079
4562ad2a,0.0035129152
b52ecc0f,0.00111229
52e1e85a,0.0017737251
15ec3d1f,0.0008074705
5ed87350,0.00089763437
319ee730,0.0006082614
9cfe93ab,0.0008970423
8453173b,0.0030926927
ef7d217c,0.0011396267
3b1cdc01,0.005897299
f966860b,0.009092913
34cc7ba8,0.0024346947
63fd73e0,0.0014363272
a009701b,0.014602574
35d5b2bf,0.0009790289
dca0eb4b,0.00092452514
c569fb61,0.0011589327
2cb0f0bd,0.0017128583
46f461cf,0.0029330368
85da9e92,0.001744418
e531bebd,0.0023046995
29465c51,0.0011351466
beb07159,0.00064792385
1760d30f,0.0008822074
6892b737,0.0017786981
26021409,0.0018945129
2d17bc37,0.0012542002
41aa39a4,0.0008976823
e2789887,0.00085121434
b2de7607,0.0015797
b2263077,0.008034407
0965ac31,0.0012487271
972e4b66,0.0027673037
2a923a6b,0.00125499
7e13335d,0.0025227666
77aab3a7,0.0013266596
8b346397,0.00072763773
9c632eef,0.0037013663
42920d2c,0.0007198739
733ccf43,0.00093338935
67a2e019,0.020420574
0f2ed1ef,0.0007269273
90c6eaa6,0.00081279484
1e5c131f,0.00327388
dbd804e6,0.0008374617
0eb5bc6d,0.0027867241
77523a7e,0.0075280746
f7e70a49,0.0013684396
bc218533,0.0007837263
2fdf5488,0.0015879521
8b28efce,0.0016829098
1f49166a,0.0012812585
1dbe4d88,0.008884623
901ae1b7,0.00083766284
8131ad43,0.0011650204
8051b652,0.0012672698
e3c84726,0.0010917983
9f776dc9,0.0057350737
4038bcba,0.00064211147
13369bd3,0.0027598972
56978d26,0.0016546753
2012b537,0.0015570549
2f0e6196,0.001210038
0ad81102,0.0009061935
f6411559,0.0013676846
b02fb6cf,0.0008729014
25e8ecc9,0.0012094824
4481c2b5,0.0008225423
d8faeb11,0.0008559341
22354aaf,0.00081724016
38011e4e,0.0011443305
5be110ed,0.0077904826
a078b357,0.0010772471
423fc95a,0.003637922
e95b6a1e,0.0009658801
bf3471db,0.0010410512
b703d385,0.0009718423
89e29d1b,0.00093818846
a7d3e846,0.0011168214
97bd039f,0.0015141519
bf1af6e9,0.00056898006
240e0103,0.0036587755
3ff00d26,0.0008466706
c060d361,0.0010066043
638e33ed,0.0010929581
45c03b56,0.000897306
80ea5261,0.00085834303
287dfa70,0.002509269
5dbb2192,0.000834788
b28432ea,0.0011485355
50d46484,0.002511387
61d89289,0.001998072
b7215f5b,0.0026931532
8139296f,0.0009752092
d501732d,0.00067180936
f329df0b,0.000729348
6e99f351,0.0006859226
8a60e1d2,0.0018843657
0090893e,0.0009081149
c8b310e3,0.0015133229
134a17bd,0.0018869459
93e6147d,0.001056238
6c2294fd,0.0011230118
22f30509,0.0030250782
be75a2ab,0.0009315135
a5546d62,0.0013876039
2f5b3790,0.0017048579
9a4c1f74,0.0029261487
25c0aa2e,0.0019498653
8e4a7ee6,0.0011923482
393ad64b,0.0007441403
4114bbc7,0.0038981875
107ba4cf,0.0006565737
15c05a4b,0.006938638
9613bb70,0.0013218272
92e2c6f1,0.0020834287
64986ea6,0.0011382933
0718f389,0.0012836759
53b5d726,0.0038289588
e6a9a51d,0.0013913587
592cca8f,0.00097379513
1f3718ac,0.0011636396
e4a866ee,0.0014177919
e562bdfd,0.00097514695
7514f6e2,0.0009273399
00ddb4a3,0.0019337346
ab55bfc2,0.096248075
f3ab0fae,0.0011262789
00b445af,0.00063238334
5cde3a03,0.0010891965
d447b721,0.001215608
41e120be,0.0013287909
66368d71,0.000894449
87b389fb,0.0039799577
2e792f4d,0.0008163051
5fbe6778,0.001384525
7d03617b,0.0008306266
34a64442,0.0012627003
dafddcc4,0.001149185
0d897bf5,0.0019445098
03a0520f,0.0010648054
c4e97ab3,0.0017767417
e56f99c8,0.0077704787
07a42305,0.0009735062
115af837,0.0009142198
4a6bcf50,0.011313312
b67f4a2a,0.0012251099
2d6a7bf8,0.0011556245
f8a4147c,0.0023593397
12736ddf,0.0021657858
7e6ea528,0.26401305
e1102c52,0.001289235
c212815f,0.0011185787
b37a2648,0.00061758666
cb58f048,0.0009808405
af783c22,0.0010787726
471a1529,0.001145102
c87175c3,0.0013073811
54e133e4,0.0010979656
7e551050,0.000743009
f389183b,0.0009643188
4b098fb2,0.0008313571
e678a4c5,0.0008848947
7ecf387e,0.0008383145
9f03d5ee,0.00095605204
3dc18b36,0.0017063885
3c1614b3,0.0017054488
99e88299,0.0007358312
8b8711eb,0.001835425
54107a63,0.0013310157
d3e20d4e,0.0016617996
c5f3f38a,0.0020800985
4ba47aed,0.00095424335
789aab5b,0.0012636887
63ce0242,0.00093623425
993ec64d,0.99944144
fcc3bae0,0.0008609068
90345a6f,0.00062437536
6ab882cf,0.00081398303
eeb2bf18,0.00082878646
17894401,0.00063869206
4b4975e3,0.001511787
ee4dc90b,0.00067073933
47c92536,0.0008486668
388e2d54,0.001205813
3c89311c,0.0009889351
77b3ea06,0.000998283
dc4cbb57,0.0011767419
a9dfca1b,0.01853011
7d833bd7,0.0009162312
4b2d24f6,0.0006972529
04fde0d6,0.001318673
1d354058,0.0021356286
b64e2a5a,0.0015096702
64b2120e,0.001440375
3d5712fc,0.0018151478
930cc329,0.00073912553
04d13431,0.0008228014
c24a5d52,0.0008264293
afda6691,0.00067453337
b7697285,0.0014721544
6c25202b,0.0008987071
54460ab9,0.00069347426
53697158,0.0018372088
b917c160,0.0012173419
c75ffd24,0.00093588233
769f5561,0.001265205
b9cc735f,0.0022107456
76794006,0.0021486282
edb0fac5,0.0027115894
d0a2357c,0.0006938041
21b3d4eb,0.0011056904
7d6afb17,0.0007790105
87f62dfc,0.0023182605
1c3d11e9,0.0016512524
331e004e,0.0021185705
13cc7d08,0.0010976556
3f680696,0.0032674554
fdd260bc,0.0007828596
57d1c838,0.0007122206
fbc895db,0.0009342866
4a08d0c8,0.00085760484
c2fd2503,0.0012466101
89cfe13d,0.0008609327
a24ba053,0.001418069
576c68ed,0.0007979171
862621a1,0.0011631697
0c5707e4,0.0006046999
cd0ef9dd,0.00069844135
39f1eb3a,0.0018018194
c3397b75,0.00079183595
1b3933b9,0.0012252126
4030f473,0.0015049615
32c08a6b,0.00090583094
048a0974,0.0012540736
d9856210,0.0013448246
6dd49b8a,0.0009561085
50b39791,0.0008825798
e0030d11,0.0008509849
687391b4,0.00093853986
5ca55dfe,0.001754845
5e8e8a83,0.000903461
bd7866cc,0.0011427151
cdeb7389,0.0017213606
7897484a,0.0035332881
c81d62d1,0.003134593
7ff0707d,0.010859092
cb9a14e3,0.0013628101
6e8323b2,0.0018214987
4d55944a,0.0016620061
5878dec8,0.0008685808
e4307e69,0.00113078
0cd661ce,0.0009786661
3f084daf,0.0026872172
d8ecb681,0.001903694
f60610bb,0.00082171
1c567dc1,0.00097059127
22f8f820,0.003137467
aaa8d37c,0.0018388394
ac1f3469,0.0013207701
441983e3,0.00082865736
9d8e5c7d,0.001919314
40b5e7f6,0.0014987184
330a556e,0.0005717752
e993195b,0.00071881304
404e455b,0.00085407577
4bc84789,0.00089073967
8a49befb,0.0011533634
37df282c,0.002033759
6c20ac8f,0.0014772213
6603f421,0.0009872298
ec87731a,0.0015202384
e48bd676,0.0009195384
fb821c6a,0.0006007814
114449d6,0.0015291178
02980e2e,0.0017231224
0bc093f5,0.0009888249
1bdd96a0,0.0015061923
89b00c3e,0.0012102553
8b54db42,0.0009881703
034ff935,0.0012208383
2f222c90,0.0006979573
bbb9c86b,0.016052464
c9a723f5,0.0007525861
24d3986a,0.0010955674
1db19a7d,0.0018203167
fdf6e9f4,0.0011157995
ab6ac7a5,0.0013892819
f952cb67,0.4358462
b614b209,0.0012171007
6a6e4c4a,0.003251235
3bc9654f,0.0021592684
c4c59b4c,0.0010561836
5063cbc7,0.00064078
42665da5,0.0015249911
f61f6b2c,0.00084514474
865f9d4c,0.0005816746
006e3d8b,0.0051690647
dd36b137,0.003186351
83334768,0.00083601306
00cece65,0.0011877228
af108e84,0.00058217766
ebeaa0ef,0.0044520134
91f534aa,0.001179356
9f882bfe,0.0037189375
5630384a,0.0007735437
06f996cb,0.002502387
af638184,0.00079722895
acac3ee3,0.0013661035
cd506af0,0.0026949765
f8403508,0.0013011018
ab424f6f,0.0013795032
e342c756,0.0006700883
fe657475,0.0011434
a8065b40,0.0014004696
debf983b,0.0015298896
1a36c90b,0.0013669195
beddbaa1,0.0021615813
516a88bf,0.001387043
d7f03e44,0.0006866902
36432aa8,0.0026630359
a4163728,0.0015399687
4091d5b6,0.001955626
5c537447,0.0016714575
943e501b,0.0010861988
6152c4ce,0.0045978907
ed10ce33,0.0013376597
e4a93d8c,0.0048801834
5fc157b8,0.0014604819
29c03fd3,0.00056075136
28de353f,0.0024995368
2c09890a,0.0017978025
1f226d99,0.0013316948
3c2ecf27,0.0018356084
0f6c6895,0.0007089988
66a92367,0.00096148485
9180be5c,0.0012982201
a1772936,0.0008639181
b2bbd07e,0.0031989126
3992fe65,0.000981083
e6659175,0.0009950693
731d62a7,0.0011841423
bbc3c238,0.0009824459
1f085f63,0.00075461384
8113e773,0.0033333343
98341ff7,0.003446091
41504bc2,0.0009962384
34d6e3d6,0.0007869386
2e6e2975,0.0008257948
77db93d6,0.00086251734
bf58a3c4,0.0017713811
54e92a2e,0.0011565302
cd7a28e9,0.0010626384
0b4c5a2c,0.0008007727
64382c5a,0.00091456756
80526df9,0.00095809414
126561c7,0.0019034079
ca0c861a,0.0013796694
16c06c88,0.0005208863
2f2b058e,0.0023315195
0a5fb48a,0.0008511559
7cbbebaf,0.0010562631
a991fa93,0.11682293
05ba022e,0.0009567003
eac3d0c4,0.0024424966
d1c406c3,0.000946442
6faac1be,0.0008639753
55fd6f9f,0.0009539052
9535f77e,0.0010661422
5896cd79,0.00061164104
1f4128e6,0.007945192
69b47c5c,0.00087127555
e3809d21,0.0012391177
cfde4866,0.00065322575
2e8b6ba9,0.25382322
1a4eaee2,0.0015318737
849ffd4f,0.0020006485
a88683de,0.0010686193
bbbb4de1,0.00094497873
052218ff,0.0016297571
78e3c5b4,0.00086191524
1d26a5e2,0.00062202034
8f7b7b27,0.032430347
f0c51a2f,0.000939106
532ccfd6,0.0017779692
1d1ca621,0.0049230335
5705a5c1,0.00074816844
2793825a,0.00079217704
8703b9ea,0.00072468485
5a3accf2,0.0007821382
912001f1,0.0008679446
79c0b7c4,0.00070426037
524a0a0b,0.0008260853
92bec9bc,0.0008773027
a9c16183,0.00064777536
2a72f1ce,0.0008660495
98f2a4ec,0.0013248331
ee7ca5ed,0.0016083905
a95c1a5d,0.001755409
5eb4d3be,0.0006866892
83f0cb8c,0.0011633382
43361127,0.0018625755
bb7ea8a5,0.002316673
140288a1,0.0016295896
c1a2f925,0.0007127445
d93fd0e5,0.0006624126
d5f0537e,0.0010094692
66de12aa,0.00079172046
a68166fa,0.0025058794
23786af8,0.00071574963
bf621329,0.0007200828
44d6f5b8,0.0009538425
b38a25cc,0.0006867301
77a25584,0.0014925409
4ed3880c,0.00064206717
3d6b0e54,0.0006407455
62747142,0.0017748231
9577a5b1,0.0007065224
636161dc,0.0022190034
4fe4f5b5,0.0029976945
34aeda4a,0.0032126266
09422680,0.00072580285
b0eba02f,0.00075598387
f72bd768,0.0008633763
a00c8dd0,0.00094672694
471d3f3e,0.0008872988
00aed6d7,0.0011493936
47058c37,0.0007190086
7d74b005,0.003144559
e287bb00,0.00082171
8a5b4119,0.0005355194
117a0309,0.0008353609
13328d70,0.0025799433
f11aae89,0.000878658
d1dd3354,0.0013108572
ae288f60,0.0006181629
15f500a2,0.0014425081
9c55e53b,0.000648533
4d41bafe,0.0010827905
6896a303,0.034519
be0705ee,0.0009903805
cec33d50,0.0006886353
e2047d73,0.0010904507
2ad20341,0.00059443235
3db2dd81,0.0016843916
825f1474,0.0024947643
4f13f3a4,0.0015811386
85d305a9,0.00073373126
e5e6f1d3,0.0009862267
cf87e12a,0.0005579351
cf120a6d,0.0008117692
68233122,0.0022554896
3d9fcf49,0.0016108052
0552ad31,0.0016494761
97214bf6,0.0045009344
9901b1db,0.00074730127
0a155f69,0.0005764068
c3cc0615,0.0009614583
7c3e3af2,0.00062275917
89891b3b,0.00080282416
b64cabfd,0.0009724564
ec030d4a,0.0022211727
2eb9da34,0.003974136
900168c5,0.0008672361
7fb0c0c9,0.0014759108
60552671,0.0005724492
52334ef7,0.0014312937
6c5dd762,0.0008884057
fe65ba64,0.1969348
0b1965da,0.0006768829
1fabf1ca,0.0010849672
0c444b8c,0.0011841361
d4b5dc53,0.00091000495
fe0daf6a,0.0015853975
cc8c1409,0.0009842794
3c967576,0.00068680703
4fd629ef,0.0010327322
14708108,0.003956452
01643af5,0.0015150157
66c4efc9,0.0013197617
2a106229,0.0010046613
b7d37275,0.0011031842
67ab3e7d,0.0012099538
b41e5b31,0.0011784575
7a6aa0e5,0.0009528234
3d5388c8,0.0016314393
dfd21c53,0.00072615326
b798501e,0.0013861518
063483b4,0.0023920722
e6a7cfb1,0.0009947066
eb5e6d77,0.0010833354
a071ad10,0.00082662574
ca9f7ae3,0.00079535355
e9961e82,0.00080884434
11b66bf2,0.0010235675
f71e6535,0.0021293021
47456a32,0.0011558761
327d7b96,0.00072857755
39b1cbba,0.0007816252
aa6f6b5b,0.0014245923
0b8e5f19,0.00084496796
1b9149f5,0.00091957866
f7159663,0.000925638
0038e2d1,0.0010268394
e73a5aa2,0.0007146499
f0403743,0.0046774335
32b10749,0.0013395508
0748e17c,0.0011300052
4c46456b,0.00082620606
a6f83923,0.0049211956
b0eecdbc,0.0008048379
910d0390,0.0011677125
a6d257d4,0.00068084465
8543401e,0.00079238776
95caeb2d,0.0009990366
b3e6a1ac,0.002105526
1675b213,0.0008588429
6d5a6033,0.0006964274
014240ad,0.0011373514
446b1f25,0.0018242925
116c3577,0.0014465208
4715f093,0.004842428
c1e2ec52,0.0011540976
f1566575,0.0006536966
2104e3ec,0.0009052908
e6bbfae7,0.0007572615
ecfae62c,0.0012372178
7dece5b8,0.0014520593
b0dc95dc,0.001714595
026e9cbc,0.003719775
fbab83ad,0.00054357096
87dbbedc,0.0025510134
97aa6fbf,0.00070625514
67cd7355,0.0015952702
812ff693,0.0014249227
d90a80c2,0.0024759774
7cfd6b07,0.0010007865
f3d1ed62,0.0008272144
9c4550f7,0.0007801266
79b77c0b,0.0007757447
d2bb662e,0.0012034905
3e4d8685,0.00081337907
421c8d9b,0.0006355573
76d3f0ea,0.0010063291
b0690f26,0.0053972006
5c3b2b96,0.001086306
916d1565,0.0008379032
c8b8f999,0.0007912668
303e2840,0.0008376648
36e0fb4e,0.0011156996
844c13ce,0.0007751169
f760c50a,0.0015303668
93d1f368,0.0005706191
196bc73b,0.0008219316
0f8f6459,0.0011984376
87268dfa,0.0013593917
d7f57c60,0.006070426
401d1999,0.0012490323
0e147ccb,0.0005009345
fda66cbb,0.0015016348
8eb71941,0.00094933924
0a2412df,0.0061870995
73c8f69b,0.003178612
68fa6625,0.00084901345
70c2f445,0.0005660461
22461df2,0.0007372357
a28fd95e,0.0010354458
24351553,0.0018485175
27bbdc62,0.00069956115
350e26ff,0.00086365064
8d674f56,0.0013385039
7cf23840,0.0029688017
62575e40,0.00063675595
4b70361f,0.015531744
698ba926,0.0007206502
d7ae0054,0.0013228732
cc664bff,0.00070691237
e2e86a27,0.0008906679
fdf7ed1f,0.0009261408
376adedc,0.0009616297
478f3025,0.0010449209
9a0e5a26,0.000878165
e9340730,0.0006547824
862c0e2c,0.0009287803
81dde7fe,0.0011850027
c3678bfc,0.00063455437
d0e4f4f0,0.0036970412
b9136063,0.0019025819
3c16a755,0.001285685
ada3b0df,0.0017630518
f289d122,0.00052347325
a2a74d4f,0.01201474
8edb5525,0.001242969
48755eaa,0.0008552949
577ef1e9,0.0011422645
aa19f874,0.0010573958
1ec620bd,0.00073515554
faaace61,0.0034962893
3bcab322,0.0019627914
770377fc,0.0020608294
b2114836,0.00076675374
688b897c,0.0011593826
f2f88638,0.0008461669
9a8a9286,0.00078543834
f517029a,0.0006100743
c4a8ae7b,0.73142886
a67ff429,0.0011936391
66b78bb8,0.0011094507
48cd6c58,0.00076605764
611d8f62,0.0011798734
c2b9c0b8,0.001892143
7707f58d,0.00080413185
4dd3a4d9,0.001371394
1e1a964a,0.00094849657
04e1fa1d,0.004813488
09435a99,0.0012450467
eebab96a,0.0028453993
c4e65092,0.001747711
518eaab1,0.010420403
8a7aee81,0.00063966156
679aef7d,0.001093385
d1213866,0.0009825263
14d9ed2c,0.0012520457
f0902422,0.0015136964
2fa3d42f,0.0014108946
d02fce28,0.00081492594
38f568ef,0.0012666748
ac01b6f2,0.0022898363
bde4ef29,0.0017031911
e303844b,0.017140947
fdc4d47d,0.00091804744
8446f247,0.0021529612
4f90b58e,0.0011260858
226ff1f7,0.0006913877
847d7faa,0.0022342391
7881c12a,0.0012950056
f4024120,0.00087978435
ff892553,0.0006195085
75307135,0.0008366083
5db3cd56,0.0010474928
9e89e440,0.0007736108
e7de1593,0.0019306209
efbf2a48,0.0006021056
3a4e9771,0.00083985116
5838e788,0.0007704958
9f2842dd,0.00071458926
539b716f,0.00056584383
55208ec5,0.00078855595
685cf9cc,0.0014217861
19750582,0.0006632866
dbe7523d,0.00074438215
b1b121c3,0.0014448025
10f3532b,0.0043720584
965ab1ff,0.0005991983
bb43a21b,0.0012120486
9cbfb223,0.00072095555
de90194d,0.0014212325
80087f2d,0.0010606135
d3c171cd,0.0009384208
fe3362e2,0.0010339258
c67c7d7a,0.0009925833
5749257a,0.0010851533
164e61d0,0.007658435
689272ff,0.00084033306
e71c53e2,0.00065891095
74c5c9a9,0.0013672183
0ce04bb5,0.0011530722
3d0c0809,0.0010112259
5c89b071,0.0010579167
7d8b4b7e,0.0009826336
a1502906,0.00063638773
bd7140c6,0.0006768381
772fa964,0.0024933883
ad81a9b1,0.0010385925
9f97ef87,0.0018001529
e6ea1117,0.0030966408
3760f15a,0.0007195203
6cb0b8e0,0.0010392729
c9561c62,0.004460401
74af7eba,0.00069878425
2a50c22a,0.0044797743
ad88fde9,0.00067689543
d1fb089b,0.001250182
533ee728,0.0006477139
c78d6ecb,0.0009829337
aab2e873,0.000881138
77192372,0.0023747503
2ed368be,0.0009898815
60f63e38,0.00066268956
9fa3938e,0.0018550643
b30ed655,0.001564021
72e5c8df,0.0005874943
317b1534,0.0016164067
98142eef,0.0009605162
31b2437b,0.002287787
dd20f684,0.00074380497
f8ab6792,0.0021020821
eef76519,0.0009164826
d5b81f51,0.0006777243
ab6d2c5b,0.00094763126
f6be2463,0.0012991274
72dd76cc,0.0017414439
817a453a,0.0015569584
5d4c3a69,0.0015973176
b6054526,0.00093783444
a29871b6,0.00106869
86d813b3,0.0014812527
1ad41caa,0.0006311929
da091a3f,0.0007663979
2f5e0487,0.00056605664
e0555baf,0.0010459631
1489be6d,0.0011289954
8b557760,0.00074955716
fd6b6cb1,0.0031862962
e02a5e3c,0.0011953954
fc180ddd,0.0009766308
d7bee6d9,0.00082424644
7b5a9cbf,0.00097079005
d5a789f2,0.0013131897
5ffbca9a,0.0010207891
6e428b46,0.0015243306
10c07bf8,0.0029964068
fea96485,0.00086780655
c702ef53,0.0021694098
db8b476b,0.0021942975
659e07bb,0.003117617
a76a6b61,0.00079478376
05aeadea,0.02672722
c0b3e7aa,0.0017137333
d0d5fede,0.0027540685
caccb98e,0.0017299529
abbb5483,0.0006145006
0c98305c,0.0012866736
0f169919,0.0019963707
771a7c96,0.0076499744
bb16e5bf,0.000616531
2e233a38,0.002065139
8b19650a,0.0010483015
210f0cf6,0.00095740205
ddb126fe,0.00080248766
60af0d27,0.0010181516
4da8ef59,0.001818601
001a4a31,0.004538992
290f0c4b,0.0011792695
304ead61,0.0029287753
dfea5568,0.0015470454
fbf31585,0.0010113327
a242cc7a,0.0005886663
d1b651dc,0.0012607997
427b3ec0,0.0012690575
df39bc17,0.015185618
aaa69169,0.0010004119
bca2d2fa,0.0014246473
2989be14,0.0019872654
a09e984c,0.0015557582
ceafde35,0.0008472283
ef217ece,0.00091533334
fde2c2ad,0.0038022464
93abb9c5,0.0007646621
bc843321,0.0008959566
bf61db68,0.0007980829
444e9991,0.0009103739
7a6df999,0.0012979376
230d3c6a,0.0011003955
55104732,0.0027395268
a10a776c,0.0020019694
957957a9,0.0010360503
edd79347,0.0016914407
ef8a131f,0.00069876557
27682ed0,0.0007221245
8ba9d9c4,0.011432736
859ad212,0.0012286765
e2a11155,0.0037439405
ca4dd048,0.0020246115
46b31e9c,0.0013276765
a3abcb2e,0.0007137324
f64e09c8,0.0006834255
74283684,0.00072811317
e7f7b004,0.0011103145
a7de5277,0.0013396186
71092ef2,0.0020390674
afbf1481,0.0010385207
af716b92,0.0016098024
8bcad31e,0.0020174533
75410a51,0.0014421729
e85e2ec9,0.0017381649
d8cfaa2e,0.003079378
ca9e4e87,0.12306283
7e1a6c7e,0.001421759
c7406234,0.0008038431
8b43efd2,0.00061202067
9dc264b0,0.0011382706
cdbc1e96,0.0009511381
af082f2f,0.0009190789
f465315f,0.00064457516
8c8b6a9d,0.00070677226
28c8174f,0.0007963178
5b7abf7d,0.0007168326
82140c91,0.000737547
dbf6be38,0.000659154
5561b3df,0.00610838
47db4f3c,0.5471964
275a9b38,0.00067880703
675deb73,0.0015078944
f50b09c3,0.00062936044
a1991197,0.0007383325
dee671d5,0.001600411
acd135a7,0.0005688548
ac880f7a,0.0009751405
2468528e,0.0012892742
d4b2d39f,0.007227257
0d798cb2,0.0012326691
36c7cf81,0.000903991
f9d6cf4e,0.0008387703
348e0612,0.00066508405
4e4c7667,0.0005904363
9a222fe1,0.0023189213
fcd4c6bc,0.000841418
92f1f490,0.0010496716
db0b569d,0.00088286743
144c31e4,0.0031979794
1622c3a4,0.0007471841
ccd8b2bd,0.00094489136
2861b4c1,0.00074962364
9f389a45,0.0013561331
1a7f284a,0.00078126555
05f943cd,0.03833789
05507841,0.004009194
1166ef3b,0.00087836717
9d36041d,0.000939489
4b4a37e1,0.00063206156
b8c719f3,0.0013924431
1fe6b414,0.00091894105
bab2715c,0.002163977
c7cc9be6,0.0016901176
cb5b56d5,0.0018080901
50450a77,0.00070290995
cb1e4087,0.0022135621
37dc5cdf,0.009413043
450bd0f5,0.0016500399
800ce519,0.0013810206
1b5b9f1e,0.0019157579
6a8d2d1f,0.0037343237
a7478d79,0.0006487933
16cfdfec,0.0010725923
d74c8422,0.0009243724
28a9dd1b,0.010007012
8e3ca6a8,0.0010347515
9d0592a8,0.00095488905
bd7f7178,0.0010092556
eaef0ec0,0.0011140619
3229a6ca,0.0022266135
4495ef02,0.0022230567
40ea3347,0.0006271561
12e73277,0.0008648883
92b55ac7,0.0005730254
25bbd5ee,0.00090238045
0dc72d67,0.0007182933
bf652d62,0.00070606975
79bf94b6,0.00055271515
5462ec96,0.0012934154
9cfc9c54,0.0010525495
aa892fa9,0.00060704205
e2f38402,0.00057892955
32f0c737,0.0008845276
08f6feab,0.0005524315
54c5c0cc,0.001794985
e18f77bd,0.001036935
54e09643,0.0015177028
22504ae7,0.00068304816
c08f28e3,0.0007253838
07c6cebb,0.0008692411
672e1b58,0.009789098
2a0f50a5,0.0009585616
a4e8756a,0.001719292
c1681fee,0.0007503708
4051b1a7,0.004412245
cb6b362e,0.0007048599
b463c211,0.0006007153
5151ddd9,0.002124678
c5111b4b,0.0009892611
0db4d664,0.0011863676
303f7e5d,0.0007543309
a87a0e28,0.0008907312
39e8b3fb,0.0022577066
4f2c50c6,0.114981845
78d078e6,0.00094187044
f25524d0,0.0010115438
04560773,0.00088279945
28cd717b,0.0025579908
a6bb82be,0.0008588556
50773559,0.0012581635
56b9c8b9,0.000683589
8dd5ad4b,0.0013451198
1e9e65a8,0.00126467
9045f9a7,0.0008778078
f3a8e969,0.0010728411
116a6ed4,0.004402219
7326bb26,0.0005923663
830cd233,0.00070941343
feaeb503,0.00069423765
cc39ad81,0.0006401699
57c6cbdc,0.0016334824
29094268,0.020312944
04ac7020,0.0008911068
a6d806ce,0.000961824
510da9b4,0.0030023726
72d3eabb,0.0018171119
72dc3f31,0.0007733738
4ab2921b,0.0006116265
ea13ac79,0.0007980821
13ea9eb4,0.0005715532
41ae7c98,0.0011647863
fcd35931,0.006765459
b69b26a8,0.0017155062
3c216fc7,0.0005684174
320a8436,0.00058611616
ba2eb3f6,0.04202348
00f23567,0.0007706684
0e4d7333,0.0011785823
65404f9a,0.00069349445
e9f3faea,0.0013424885
148c9b6e,0.0005969213
cf495630,0.0007072271
9d2a9138,0.0012302236
49e816c7,0.003473558
adb9ad79,0.0008942931
a463c80f,0.012149276
2cec94c4,0.0008160675
4bbddeba,0.0012325553
1b33dc07,0.0052120155
f5e3fceb,0.0016251582
1c82c68d,0.002396814
6df062ef,0.0011437497
01e65725,0.0017455211
60d18a15,0.031059554
dedc52ac,0.0013698968
6a1464cd,0.004213615
059065f7,0.0011478164
7e3ea6cb,0.05305223
c4522650,0.00068904855
0c84a8d6,0.00068428187
953db43a,0.0017734313
a73cfcc3,0.0012211122
082e7551,0.015440057
fc5ef9fc,0.0006994145
9d923a1b,0.0022380925
f6ed51ed,0.0007269096
db53d34f,0.0017573978
79e0987c,0.011589734
05649928,0.002023523
2fd01f9c,0.0012727596
6c88e20d,0.0005444994
95e51812,0.00067416934
fa5b32c3,0.00082008686
24341d6a,0.0069232853
d27958e1,0.005877886
8757e7a0,0.0012545753
dfaf3d7f,0.0013929072
062ff5e1,0.00089593994
32632cc1,0.0010149204
f43ea8c3,0.0016745125
5a5d41f3,0.0017802124
d2258963,0.00064869254
3e31b417,0.0011379529
af65cbb9,0.0018723613
c6b431ba,0.0007230617
3a674824,0.0011591662
fbaf5d83,0.00095069193
2227de18,0.00064609706
16b4dade,0.012876294
25803b92,0.0006219954
53aceb60,0.001415244
4714d6a9,0.00069329084
463202cc,0.0006783188
ce2cbd36,0.0011423184
e6c80fcd,0.0008324494
d67939c8,0.0010985966
9cc345f9,0.00067534065
765aa483,0.0009964231
59643216,0.0010934622
8bd8113f,0.0010652244
36edf300,0.00094231917
2946da63,0.00095529406
426a9f2d,0.0013517431
fc83b3d1,0.00070176536
c418a54a,0.0006591634
d35b3560,0.000967738
be3e715d,0.006823128
8cf516c3,0.0012546865
f6fe37e8,0.0045074853
79a3f77e,0.0006147042
80d210f2,0.04325543
3b3c0b91,0.0011499302
c3302bb5,0.0010013126
f2fea3f8,0.0010645641
34f63a3b,0.0010180969
17e9dabf,0.0014482733
f8fd8608,0.0009083637
2190eb95,0.00094414037
f031e759,0.0008781575
ae3ea158,0.0023570803
846b5337,0.00082287745
e4bd26a1,0.0009272551
c2b9e8a6,0.0011391384
be9a9420,0.00065999536
f6fa4e6f,0.0009459164
2b72cef2,0.0014939778
40c79d56,0.0008878346
95302364,0.0018856379
03c481dd,0.007386144
8a3052f8,0.0008943169
2e5ab3bf,0.00046423872
6321cc8b,0.0022870535
94110b97,0.0027519893
1f10b19f,0.0009407538
5456d51e,0.0011413444
2976eabf,0.00058461924
fe9f6289,0.0049905456
580c22cf,0.0009947342
2be8890b,0.0036058365
efdbdff1,0.0011320285
91d67ba5,0.0017397228
0902d93d,0.004513266
570aadf9,0.002418201
4bdd22ce,0.0025300172
eb309743,0.00095608074
c4277022,0.0007931367
f0bb4233,0.0012690447
f45fc99c,0.0017640431
aaf3d94f,0.0048774723
99618fcb,0.0006282889
0ca6e010,0.0046595796
de91e3fc,0.00097414915
e0ca4ee0,0.0012603914
e04e74ed,0.00078277197
63713b68,0.00080308353
8b1a4924,0.0014987455
53e28c18,0.0011155598
03a95ac4,0.010155058
93952144,0.0014427066
15ae5d96,0.00057459006
8967f5c1,0.0013596474
28d14a36,0.0010727512
3feb0ceb,0.00055073656
b8c825c7,0.0010871943
e2180000,0.0009846085
1834ec48,0.0068580825
fd56f4e6,0.00084007287
827aa818,0.001675136
0817b561,0.0019766835
faf83fe9,0.0006464059
94768709,0.0010203866
7ba20d37,0.0020258443
34b3595a,0.0012850876
c197d0f7,0.00095296506
ed585785,0.012877385
9be088e7,0.0007165202
ec19ade6,0.008187267
a30150e0,0.0011111144
ea5a2937,0.0014346623
0d4c8d86,0.00059826835
dc90f862,0.00074977503
cba82f19,0.001366505
a440456b,0.00078607444
eae1071a,0.001519907
0fe02c77,0.0014035245
4909ba8c,0.00090829714
f191b1f3,0.0007424113
6dc8c9cc,0.0012744142
af8bfcd2,0.0015555255
b6b235c8,0.0013768374
40b3e499,0.00051706913
6a43b4a7,0.00087000424
50a3411b,0.0044724373
aefa8503,0.0007077604
54667f86,0.0043107974
efe8f63c,0.00067320146
10da49d3,0.0007731812
086c676a,0.00088187284
afee77d6,0.00063392
4738b53e,0.0012956632
20e19177,0.0021502513
4d3c946a,0.0027283267
1cf3e0ec,0.004947279
c408bda0,0.001100404
022abf8e,0.0007040335
b280bc3a,0.0020229002
897e99cf,0.0007920544
d462efce,0.00066607515
2fff90a8,0.0015638637
44581dc8,0.001589489
f8185c60,0.00122104
20624df9,0.0014707518
d6496770,0.002110738
39c5e86c,0.00063056307
4c12519c,0.006062482
d187de57,0.0009444413
cdd39ac8,0.0010274324
293e5653,0.0010623352
d6df68c3,0.0018404059
1cb6f3de,0.001302168
9dd08090,0.00075211155
bc85ea21,0.0005400566
ea5e743c,0.00079903065
338ecd8b,0.0009618331
4b4553a5,0.0008387835
2e53cc44,0.0025384654
21c872c6,0.0008106012
7f8f82c4,0.0034497348
a1a80714,0.0007441123
385b079b,0.0010503508
a28c6041,0.00073738885
d4d8a929,0.00090904906
fe75ab09,0.000729422
c8fb5044,0.0009444584
29f12f57,0.018556435
f2641d45,0.0005816053
2db560d0,0.0027385617
ccc1e9c0,0.0008957565
71d5e236,0.00059052184
dc0f9a96,0.0008653183
3dbde7f7,0.0020934916
e643f359,0.00075799436
f35496b6,0.0010322335
c0381cc3,0.0012799035
092c1141,0.00094790844
adbb5961,0.00096070196
c63c3a18,0.0011941452
cf7e2f6e,0.0015375577
0092651b,0.0006221006
b04585d6,0.10852525
7e5d012e,0.0006718487
7a76a38c,0.0012114149
51a75ef3,0.00074239785
56c8272d,0.00073872175
11289c50,0.0010793323
68e8d021,0.003562047
a8889e74,0.0011515372
ab9bd0e9,0.000933779
ef7b45e9,0.009659869
314a5dcb,0.0013431023
5076c8ef,0.0044160024
b30eb2b6,0.0010476675
7ea73743,0.001575155
daaa4d22,0.001788593
96d55967,0.0008212485
29a72a10,0.00092217483
858d51d6,0.0010735006
a01ff488,0.026214017
0c11f668,0.00091918005
fae4df9f,0.0012928045
f52b72ec,0.0008332279
443ecd45,0.00094658625
224c1ffd,0.0012035639
1ac640d9,0.0019356185
fcfac587,0.0017066475
db4e4883,0.0026674161
e9206a8f,0.0007420604
633a1625,0.0026087575
46a7f9e5,0.0009801012
5e329179,0.00096103974
3e4d2b14,0.0014885815
3206ac36,0.00091538654
4ac5d820,0.000902989
74fae5b3,0.0021267436
75c0712d,0.0010816674
71fb3597,0.0007295964
251304f0,0.0016653325
4734c9fc,0.0036166094
c27c6bc8,0.0009552453
ba51384a,0.0010928769
8c32e65a,0.01965122
8ccf2d78,0.0011855164
1c545007,0.00069019507
22d0bb6f,0.0008350318
ad7a8b8b,0.00087851647
c68b7540,0.0017906833
cbcf376f,0.011883289
fc2fdc3b,0.0006170748
c61b52f0,0.00088016543
96043deb,0.0009207092
3381cc65,0.00085399766
d5d362ef,0.004315249
caa99a10,0.0014092952
30b0ce25,0.0008306978
11fdfe6e,0.0015489056
486f73f9,0.13629563
4eb744ae,0.0030534966
9d2888a9,0.0015074521
592dfa51,0.001074959
6846dfca,0.00055496604
32258e03,0.0020949945
c3db764c,0.0011065686
2397e82b,0.0010235558
72dbc61e,0.001219942
4a2db6de,0.00072217436
6aa58a5d,0.0011512538
8ee4cf29,0.0007922661
063cae46,0.00080232625
7a0da506,0.0011833238
4c508368,0.00064556126
9d9012c7,0.0010387428
c12d5a9e,0.0011975248
c7c7ac3c,0.011834509
b7fdce76,0.0005214036
efb551e7,0.00072020636
a0fc3490,0.0006619835
c89caf33,0.0016781674
bba280f4,0.0008719188
acc2fcfa,0.0016094269
8cf961f5,0.0010782871
66757f70,0.0008905437
c971c4b7,0.00093394186
fe30c7b5,0.006496235
c26a2fcc,0.00382929
6726be56,0.0010810797
e28e4e51,0.0006147001
e7dab2cd,0.0005833352
fa9a08fd,0.0013560808
b1c5c3c5,0.00096780166
dc3a405d,0.0070976014
393639bb,0.41737798
431c2672,0.0013237271
7adbda00,0.00088960736
22a87c62,0.0011515938
4d1d5f34,0.0014191307
0c7e7556,0.00058411795
8af67915,0.0013185882
d58f47f1,0.0010405073
639184b7,0.0007337655
ed50a498,0.0007622579
a8940eae,0.00079735316
931471be,0.0012414574
da53c0c5,0.0007162365
a6f69bd5,0.0037647733
fcb3d3e3,0.0026469447
c2496768,0.0005040675
8b43341b,0.000801441
2d114889,0.0010422718
33983be8,0.0006055396
1ae263e0,0.0010035086
89d7e8b3,0.0018432452
fbac10d3,0.0072391345
1b79a31a,0.0012271543
67b7bfc2,0.0008735312
ead9055e,0.0013699502
bf12cc09,0.0010644596
d4595bd6,0.0007226318
358ff7ea,0.001216629
e27ab588,0.00343602
65c5a083,0.0026499222
640f44e3,0.0009810185
e05b81f9,0.00063322374
43d6d276,0.0021105695
cb4285d2,0.0014987491
d15c98e3,0.0013643437
beb0163b,0.00058103463
09aea29b,0.00095144176
eb427d5a,0.0007235163
e2da0856,0.0010411915
efa4115d,0.0010987672
7e9550f6,0.00434392
5602f30e,0.0031012548
5e07edc4,0.0010114782
e04d5a85,0.0009397084
a8f9977c,0.0008730124
977ca53b,0.000596588
43c18c95,0.0009285884
93b6dcca,0.0005209012
24e54670,0.0010733698
73ef34a0,0.0007668129
e045e6d5,0.0008531761
ffa01251,0.001549714
0b13c106,0.0009772177
063066a5,0.0020385096
31ffd198,0.0006326151
8a155937,0.0005835404
ee81528a,0.0015738284
f8131714,0.027866917
84ec5a9a,0.0010872756
eb57f56a,0.0010447373
1ebf5a6a,0.0005146244
8233e5a3,0.0009143113
1a827586,0.0007010935
20c111ef,0.00088454393
d2e1cb9c,0.0010079661
a9b1cb60,0.0011758282
a6dd41b3,0.0006548742
9e82af3a,0.00076857815
fc60d56b,0.0026337649
72a1dcbe,0.00088989513
ec969a3a,0.0005798391
05d2e829,0.0013547351
10abbfd0,0.0007286786
bc4c3353,0.00071355695
3b9ca38e,0.001314915
4975d801,0.0015157849
cd9df4d3,0.0008104151
3e1a3a6a,0.0009854927
305fafd1,0.0074832896
775346c5,0.0011320291
077e1146,0.0011356149
038dbdbc,0.00086257077
82d98d4d,0.028540853
6b68421f,0.0008835803
ce40b19f,0.00068587594
f07c25ec,0.0006366619
3831c40e,0.00047136509
e2c2b9e8,0.0019716376
6de31b1d,0.00069953414
6d5e88e1,0.0011201447
2e2a5334,0.0012722258
10dbe433,0.0015849009
d7d26583,0.0037464064
96a5b1ba,0.0011249684
aeb8d5eb,0.0008427114
967ad0c9,0.0015367452
1edcb4bd,0.0008475391
dcf85b56,0.0019882596
2a2628fd,0.0026244097
36155e1d,0.0026326065
35eb64df,0.00078538375
aafbd07b,0.0028089243
a86fed89,0.00073024305
efe1f133,0.0012998942
757ce4d5,0.0017117221
38adf8f6,0.012233476
bf281e96,0.0012375925
294190fe,0.0061375774
6a95f104,0.0010273986
c74bb8b4,0.0006219332
d46f8dd3,0.0012060468
3db28e34,0.02205015
ec35b05e,0.0009591861
e4d47492,0.0010997469
2ca7090d,0.0007324559
8c7536e1,0.0022272747
cc06e5de,0.0009846404
cf0af105,0.0014535375
ed77f4b7,0.0014042913
ddb14eca,0.0014189254
bc571e4a,0.0015797045
09808ba3,0.00084518903
41095e4e,0.0006214183
c16ea210,0.001188194
684527a9,0.00084209134
8c05b49d,0.0009669044
d0f93a58,0.000750986
64f718d2,0.0009584356
1a300dd3,0.0005998834
ad67dd05,0.0014310367
b5002b99,0.001590673
25fc4ece,0.0012666858
d28a3c6b,0.0008215694
84f9d127,0.0024428454
8fa5a38f,0.00097518135
08a1303b,0.00093200174
5d207712,0.0010077605
8d7ccce7,0.0034131797
3fbdc6d4,0.0006001004
0d6ed891,0.0012692314
a2f1385c,0.00086502347
19e2aaf1,0.0016629512
4236b5d1,0.0014363163
ef110949,0.00076464354
536b6857,0.0014664836
5b141b0b,0.0014908705
0b405a2e,0.0008598701
ef5e65c1,0.00070165633
8cf7476d,0.000777692
514b12d8,0.002676588
f7ff17c2,0.0013109859
29d67770,0.0010191683
0190e3bd,0.000626227
951b7786,0.0006437672
2e71c051,0.00096733245
aec09043,0.00056317885
0d0fae12,0.0013238607
78845e3a,0.0017538912
e0341333,0.0024432065
7762f8ea,0.0031992989
169e925d,0.005353641
8c008705,0.00089074986
75a8f47e,0.0010916818
727b37ac,0.0009783384
7f9f8ad9,0.001050604
d839b349,0.0013845183
f03f0796,0.0008274107
e761a662,0.0005724923
3b889c6c,0.0006163853
123cbfa2,0.0022845143
a16a29a4,0.0006891674
24187331,0.0010521425
7fa7b343,0.00067333813
e18e6869,0.0013040856
c6f786c9,0.00090388587
831bb13b,0.0006416035
fce052c8,0.0018136728
479ebb64,0.0011485667
00c96468,0.0012194302
f90516cd,0.00067206006
22e1add4,0.00064005674
c568c399,0.00062901987
d802b8db,0.00073934917
4007d7e2,0.0010212736
b4850355,0.0029320994
6ca1bdfd,0.0008661258
cdb35383,0.0006633745
ba5f96f2,0.00070516294
905d9173,0.0006303002
3f084128,0.37879175
36ef1449,0.0010399944
69aa309b,0.0011202716
e447d8a0,0.00085172214
cae040c6,0.000982548
5ae2b2b9,0.00064263714
e0f62bda,0.00059825776
0e676990,0.00088130333
37794c3f,0.0013668837
831704d4,0.0009549719
02479505,0.00075817714
77f775d7,0.00077610736
abb291a3,0.009784569
00f71277,0.0007281621
d00580a7,0.0005202581
07c207cb,0.0005959859
b9097194,0.0063358224
c329f14c,0.0012234662
96da6aa6,0.0008165304
bac5c811,0.0013997422
68f839a8,0.00072429894
6fc3ec37,0.0019429094
1b3064a3,0.0010834881
8c4e9e61,0.0011924123
da79e46f,0.0010166013
7e14f7eb,0.0028547905
2b079885,0.0033763684
6ad420f8,0.016944038
dc767617,0.0005034236
53c2aa01,0.0034388623
97a3af4f,0.00061452936
7f47debb,0.002334745
caf09fe2,0.0009123811
f778942f,0.0006668803
1b3b2bed,0.00075168343
cf0b449d,0.0010726296
1b99a06c,0.0007590489
57a70c3d,0.0008823184
4b3ff98b,0.0008970274
3bbb5ffd,0.0015722803
47121bce,0.0016829186
e85b8cf6,0.0013826526
afe6900f,0.0013775969
b47e7000,0.0005787365
d20b5fdf,0.0012977418
6875ef0b,0.00097165705
c696cfb1,0.0007532042
636b7b64,0.00063196523
27550374,0.00084768527
e33a797c,0.00093471806
219d6e16,0.0008961781
b959865c,0.009977916
a46b2629,0.0012496463
ec041b33,0.0014029212
a4c3f3c8,0.0011779722
dea39886,0.0015275213
684f2c70,0.0007859681
14a3ab3d,0.0010389329
f23994c4,0.00073153403
257b3876,0.00073607353
5a752b9c,0.0013368961
471b4cfc,0.0036099022
2aa5c46b,0.000925503
f1635962,0.00076472585
040147e2,0.0010791282
4b8612f3,0.0019140237
78e9f736,0.00057702657
d0edd8ee,0.00067802466
5c7453db,0.0028427271
0ff708e8,0.000816104
1acbdafd,0.00075498567
19e22ca0,0.0008933751
f4c2d939,0.0006473109
ed9a3796,0.0015434243
99cb484b,0.00059355143
f5ef23e3,0.00094766106
d6835a41,0.010211907
46d2f9d7,0.0052472427
99ab7fc2,0.0032548618
33c7be56,0.0014146091
d275d848,0.00067594275
036c8e30,0.00080667104
f633415e,0.00054382463
f7a5b52b,0.0009642214
7e78b18e,0.00074156414
98fb709f,0.002206615
17bf9174,0.00070027885
ab3e6060,0.0011391699
31f42ced,0.0014515007
b14f778c,0.0011394509
f8283ee5,0.0017752824
acab07df,0.0024435099
88f0b219,0.0011924492
6c7b845e,0.0006775396
efd7b5fa,0.00060226
a824cf4b,0.003245288
bf5420fe,0.0007302657
26ac418f,0.00054229377
ad31f746,0.0013766938
acc06c8c,0.00075310195
973316d2,0.0005773454
863c63d0,0.00073065306
b1f6c4c4,0.0016352246
fde75107,0.0010433776
1c23f573,0.00257022
dadcff2b,0.00083384034
ab133376,0.0011934493
ba6cdc64,0.0015142498
68c3ba32,0.00081368134
d475d0ba,0.004546569
2ed79fb5,0.0011573761
38a01568,0.00078593806
8cf5f1e1,0.0010399731
00f984ae,0.004421996
1be9ece2,0.00069548364
308a1dfe,0.00081103627
f8e9d674,0.0006685679
7cdd4754,0.01228388
dfb41dfa,0.00054504204
70bac17f,0.0011495453
6bf54989,0.0012254285
7cdd4305,0.11158919
924d7f5b,0.001871204
2424d509,0.0005785054
36e7f503,0.00085087976
aa51ba33,0.00067519036
a5ea5cb9,0.0008440708
c673bfc1,0.0056610145
e0bef3f4,0.0005564621
d6c85cef,0.00089620805
a2aec46a,0.005823995
bd9394a3,0.0033694443
e32b7d6a,0.00078063185
ae705011,0.0039400323
df007fe3,0.0013039588
e8b5d7db,0.0005253805
080b2ecb,0.005146672
946e0a57,0.0008247292
2027e472,0.0007477892
e8ba7488,0.0009603433
b9d020b0,0.001282554
20140b99,0.0011937643
a410351d,0.0012462912
33fff8bc,0.0060958546
21da9181,0.000765618
f27cd3e2,0.001620103
5dda37fd,0.0013319415
a6841a6f,0.00047292275
57bd1886,0.002407246
adede611,0.0010546392
c014520c,0.0005106277
dc8171e7,0.00075674214
ac9c35ad,0.00087128807
d95ad240,0.0034846691
9a8ad9d9,0.0012115199
de7df78e,0.0011159255
0eede4d1,0.0009725856
301cc8ba,0.000822743
dfeaee79,0.0013547738
fb8a5d27,0.0006333707
c0d89312,0.018620543
960f6cb5,0.00053361297
2200fb2c,0.0007253696
f4a7b73b,0.00094591954
ad6885ec,0.0023264207
b0c6b9ce,0.0016109647
5bd5d9b2,0.0014755504
51086de7,0.0009319689
fd4e9960,0.001786016
cfacfe52,0.0007421998
8be210b3,0.0011905159
da7d78c4,0.0007055945
191687c8,0.0006989204
5f0fa266,0.00064415875
34dbf181,0.0010649171
ad4db7d4,0.00091949897
6fb1bfdf,0.0052913106
2e5b67cd,0.0009861215
b5c1f134,0.0014074323
20ac1e6d,0.012741889
5f63f979,0.0008002757
9650715f,0.0022361788
2ef65a4c,0.0010016885
c9d016b7,0.0032406251
4a172a42,0.0010169907
d9091074,0.00071217207
3dd539e1,0.0014808902
84de100f,0.0007502886
8de0436e,0.0008029863
a4ac439e,0.001185369
a26be26a,0.0014850108
c7111d43,0.0010092945
839b1076,0.027307961
a4061bcf,0.00063382066
24dc2b8a,0.0009346255
c33a0ea3,0.0012340782
0bb0e36c,0.0011679205
37b47cd6,0.0010131105
27062c0d,0.0010424744
b4f2e2a9,0.00058197905
fb0d7910,0.00097453076
ae99fc58,0.002487198
1bf0eaab,0.0008013422
2dc06a81,0.0044449135
430a1648,0.0009723794
df477b3b,0.0014470243
4465c897,0.0005337506
0c0b5de0,0.001441028
0521c683,0.0018105817
baea38eb,0.0008782629
c57dadc3,0.0023011512
e480bf8b,0.0010860934
df103fd4,0.0021365476
39efa5af,0.0014566574
50fd4d75,0.013011497
7bfe6d85,0.0011157782
d5410b07,0.005977326
cca3b7f2,0.0014045588
9b8ecd8e,0.001028785
bde639be,0.0008961683
a9c3c04f,0.0014616972
e377dfdf,0.0018872756
da6d9397,0.0014631916
194476f8,0.00066723657
b9439600,0.0010801835
e057897f,0.00070894917
25a3b877,0.001070439
13f1045b,0.0013709846
bcf9bf52,0.00058130355
565e1505,0.00067766005
93e7fe02,0.0015748972
0d17941c,0.0011273931
cb7ac55c,0.00081696187
b6e2ecc7,0.0018958045
0e346fee,0.0025951874
fa7ab874,0.0007157848
50d2f413,0.0007490901
144d4a78,0.00071522803
e6a0a8ad,0.0006575161
05f6d9e1,0.00066497346
72388570,0.00090704864
a3ace79b,0.001204743
801136e4,0.0006405926
2e23c14d,0.0013079136
ae7d9974,0.00087814033
17ea7185,0.00081524753
f9067698,0.0005526243
c6e6431f,0.0030255988
cfb5a206,0.0006810374
9f83dfee,0.0007351219
8dcac99a,0.0010203128
9c074f15,0.0006607009
a1d880e5,0.00049290515
7c6d04c4,0.0015329928
bf517ab2,0.0013772406
8d5e1a1f,0.00081468414
9b7085d8,0.0011349131
a0b7a73c,0.0014593065
8bedb536,0.0010392487
6d7b286e,0.0006634305
1950a25c,0.0005543753
baf17ed3,0.0028922395
bdd2bb02,0.0008554583
0286f210,0.0013873257
746595ef,0.00073853234
924ef0fb,0.0016798922
0e39b880,0.0014314511
af695c3e,0.0007025248
c8ab31ef,0.0012263919
107be617,0.0011810918
4853bb9d,0.0014167919
e969d434,0.0009844586
82b6825a,0.0013693633
882acab3,0.035635125
535f24c2,0.0017125974
654ef94e,0.00069460296
ea45dc41,0.0006968716
d366195e,0.0010264794
d97db3d8,0.003726673
5238e64c,0.00077498035
5753cdcd,0.0013626621
f5bd139a,0.0028382945
82d17e71,0.0011095321
6b47d09e,0.001469075
972c02f7,0.0007677444
7379bfdd,0.00077460665
3fa4d1a7,0.0006673565
b26603a6,0.00079345045
a660e844,0.019720944
79d8eac3,0.0011557346
78959628,0.0007632661
f651771a,0.0006382329
30223600,0.0071176463
ccdb650b,0.0010758492
bc85a00e,0.0005218136
8f2a1273,0.005716592
5087501d,0.001070795
a230bc6c,0.1296555
527610b7,0.0007224363
1c138b65,0.00089223846
173eff23,0.0009277733
9a6c3bbb,0.0015595849
d642f178,0.00087344093
2a2913fe,0.00080266007
c691104f,0.0010651463
85ed9fdd,0.0022585166
3639589f,0.0006823809
1f2ba010,0.00055785885
ab465998,0.0013661953
e6bc5e45,0.0009549782
7fcc59da,0.0005982763
899cfbc6,0.0010022311
8ff1c6f4,0.0024362286
bab3e696,0.000826384
a5007477,0.0019509624
95bf9e4e,0.00083878066
6d71d7c3,0.0008311773
2653b792,0.0006451609
8d995218,0.00061755726
1dc6e9bb,0.0016341772
56ae186f,0.0009179225
e49a657d,0.0013656254
b321bf90,0.0008353688
1650490f,0.0017567965
80f4c2a1,0.0007033508
74308d7e,0.002908896
1962766f,0.0007121901
85adf51a,0.00075302296
bf142e6f,0.0007640943
199de5ca,0.0007195234
b5061c44,0.0026017744
40e83de8,0.0012285584
edba2919,0.0006725339
15d23ab3,0.0005489729
4e56d426,0.0009405952
03f95f60,0.0012228191
c5256356,0.00093241833
14008467,0.00078348396
08bba785,0.00076591497
48d948f5,0.001894357
78674dd3,0.00079923973
808bdb57,0.00090183504
5c755fef,0.0007248869
3aedaea0,0.00093275594
d49bf816,0.015571713
9e7de111,0.0020740042
885a62d6,0.012103715
b836dd5a,0.0006979755
85db90cd,0.00078594865
7ccf1bad,0.00061189756
5ccbb88c,0.0006531367
b2200609,0.00062991766
84fadc36,0.010449438
fe2931df,0.000857917
6a79637b,0.0008354409
ec9bddc3,0.0011412227
4da0bf09,0.000935951
ed71dc51,0.0015515214
3d56fc44,0.0036874341
134e47d0,0.00060086383
da344067,0.00080223
57d72544,0.0011144377
2e075757,0.020287152
5aa8ee72,0.001377139
3b583b36,0.0015300587
61265579,0.0007419003
c86747eb,0.000592636
44fa1a5f,0.00088060333
4a82a67e,0.0010962146
69d9bd37,0.0007489717
1fdb6892,0.0007689814
7f59ec50,0.00071151095
7f419d08,0.0008414841
7333af06,0.015373641
10bfd548,0.0032207968
aeb37b94,0.009641517
634a6bb0,0.0011137055
9a5f18c2,0.0005300609
1fa2d600,0.00081234495
d7b50643,0.0005897569
c5f1cf3f,0.00056933536
f2ed6419,0.0017219
04d39f83,0.00082406943
6338c73a,0.0005585313
e080f04b,0.00082080066
511743f6,0.0007560138
5f79dd71,0.00072146
2eaa107f,0.0016931623
dd667ba5,0.002948598
ae2f4da9,0.00063176284
80cf6265,0.0008019105
04017739,0.0007524635
03f335b6,0.0020697785
558916da,0.001327033
a69c65ce,0.0012690519
cf5d40d9,0.0023077412
d2e08f09,0.00072605984
07f65293,0.002599794
06d64404,0.00076666346
6df9c5f7,0.0007241036
70875ede,0.00053731835
62fa1513,0.0017229667
ecc880d9,0.0010478352
43c29ef8,0.0033082282
94cb6172,0.0008579555
b14833dc,0.0006697094
b7b72eb5,0.0011550395
7d1d7ec8,0.001664391
af33b13a,0.0005833482
7eac3a75,0.0011001623
c33c552b,0.0010435937
3e1644c2,0.0016860497
97dbb64a,0.0008332255
a7a4e1bd,0.000561391
07ff7824,0.0007098821
40411121,0.0009057968
32053ec5,0.0012585171
7907bdff,0.000598099
93789a96,0.0011659891
90b0d5fd,0.00049620855
75ff8fd4,0.0007438808
5e6aeffc,0.0006895304
9ac61d42,0.0008763462
91a63c9c,0.0010122504
658fb3d3,0.0006430853
09e7a37d,0.0009495553
1dc87387,0.001220665
3c1918bb,0.002916704
de51164f,0.016326781
d5c67c89,0.0005929953
07e3eaec,0.0024200536
a2fe4f7a,0.0013666534
c8963ad2,0.00148627
e0bcf0cb,0.0015426471
1260d64c,0.0035318984
d27d9b7e,0.0007440587
da7ca45d,0.009990265
250569e7,0.0010731806
e0d77c20,0.0007404417
a5c14c0a,0.0008356379
2b8d17cd,0.0042132586
480baabd,0.0006263019
0cdb5446,0.0019658932
8896eec9,0.06248607
55a38db1,0.00062921323
912cc126,0.00082812965
85aae459,0.00063136045
534d6abd,0.0006567167
4eab68aa,0.0022867543
bad92c42,0.0016780075
0064c5ca,0.0018029577
747ee459,0.0010121645
b27f41f2,0.00060559704
a377c19d,0.0006714938
a4e55577,0.0017502193
7f422fdf,0.0059733917
ad3393d4,0.0006551466
f5302d55,0.0008025083
fcfaaf6e,0.002031196
f69a0bc1,0.00164164
606138c7,0.002422954
20cd1717,0.00061815727
1b9bdfe3,0.00084507547
bf612166,0.00065161375
8c9c9519,0.00086575246
6a25dede,0.00079226535
f9b60049,0.0013079478
8a3d0a6e,0.004230774
bcf208b1,0.0022362832
c332685c,0.000998129
dedd1298,0.0015905412
4a81699e,0.0008150879
207f0fd1,0.0008570934
bd6b4b91,0.0008413249
43f65b9b,0.0015061034
00b10762,0.0008139159
105fe46d,0.0012943359
333aa0c2,0.0011689083
182b9caf,0.0016317429
6e08179a,0.0005533749
74d5fa4b,0.0007891554
c1877a26,0.0017100142
1c8a182f,0.00061392516
73f0590c,0.002705829
5d8c972b,0.003264027
47284e77,0.001410834
da474de7,0.00059051905
af70747a,0.0028329836
2ab73b21,0.0014881153
8bcdd0bc,0.012902642
937ddf1e,0.0006180557
80e59370,0.0012498606
9a992cd2,0.000661288
445373cd,0.0007450791
0d244cc1,0.0010147212
20728f9f,0.00077023666
696ec652,0.0011263367
87c542d1,0.0012277383
4b4426f8,0.00151034
deaf7342,0.0019311483
e93769d1,0.0009514708
8db6d87d,0.0008417267
818335df,0.001996726
d678150d,0.00074493425
1076b1ca,0.0014035598
393be50f,0.0006858841
44848c74,0.0013346277
5e582233,0.045833357
e9ffd2eb,0.0012097982
480ae4d0,0.0006415512
8138a443,0.0006480511
1ff84e89,0.005329659
4d3e112a,0.007346922
a1be918a,0.0012546913
7a8175c6,0.0010408151
be5aeb81,0.0013303156
815bd8b6,0.0018287688
e3a6d873,0.0008718918
342a6741,0.00304177
3dbe932e,0.0012995178
68f2a7ce,0.0011814687
4c617304,0.0007964904
72925018,0.0010573645
6be9749e,0.0011281193
7836e9ab,0.0011920001
9b7e7aed,0.0009320487
dacd2945,0.0045555257
b3321f59,0.00089741027
521494ac,0.0007264855
6386132b,0.0006970788
207e38cd,0.002038173
4cdc359d,0.0010547689
cd08c54e,0.00092950795
b895cad4,0.0009500848
03fd60c9,0.0019376535
33c8451f,0.0007359785
1923459c,0.0007099471
f9a3e5b3,0.0010547518
d7157ebe,0.0009329159
d6c104a7,0.0018243784
ecf44db6,0.00077196787
f5f56dd7,0.0012191613
ace62e03,0.00076907926
6c0fdab3,0.0045897793
7e271787,0.0005728184
e9aa2fbc,0.00085155544
e5dcfc1c,0.0013403179
d5485abc,0.0016750372
a0ecdb90,0.001110717
6d5e00bd,0.0007421761
69c10717,0.0014821994
b69609cb,0.0006050928
cb70fe10,0.00097305235
9c8d3255,0.0038104102
9d577991,0.00087019167
2f17d7c1,0.0013438495
f3a570a4,0.0009117846
7f30ba44,0.0010282545
548c0765,0.0008880621
6801a83b,0.0016752173
6ab1f6d2,0.0029910211
fbd29e42,0.0028322602
7176679f,0.0012338497
2cd21417,0.00065451977
7a6cf2c5,0.00096409646
17c95245,0.00083366316
14ca7d1c,0.0008782001
d4a53385,0.0006913626
2cb2c7c5,0.00053846964
efdc3cc1,0.001358751
4a345573,0.0016587283
aa7265e9,0.00095688447
22ee4117,0.01469168
612c38fe,0.00051726063
cc31ad70,0.0011245919
60e04b54,0.0008341312
9d462ca2,0.00096623495
4a7ad73d,0.001667506
d1550bbe,0.00071067543
c0ecf990,0.001058916
d350d65c,0.0013521165
b41be29e,0.0029843808
7e2e4795,0.0026295122
72186738,0.00072035805
53d41da4,0.0007683812
d65048c0,0.0016460402
e955b20c,0.0010253164
b0278316,0.00051437283
3c90a74d,0.0006131802
5cae59f7,0.0008220138
4aa59f41,0.0006531504
295bb97a,0.0033013362
c655a6db,0.0013332086
3cc33385,0.00076896866
bd52d2a6,0.0041868677
1f29fffe,0.0025604104
bba76eac,0.0006336515
7842fe7e,0.0026946997
3c76bd79,0.0007684661
44046fcf,0.001597453
7327a574,0.00056124973
09821ea2,0.001990349
bfcc7021,0.001116188
3a502717,0.0009849224
5f6470db,0.00066776364
1fdc82d4,0.0019025349
4c98ed98,0.00063640345
4b23ccaa,0.00057351054
ed711b64,0.0010406189
59fe6b36,0.001509466
49bbe148,0.0011160616
2858fac5,0.0015822832
81b2a2fd,0.0012466112
c0d63963,0.0017978649
4b915d2f,0.047998134
8e383ff3,0.0008122753
c9e70573,0.0013364046
029eb364,0.0011667724
49194122,0.000888813
b08874be,0.0008607727
f6938ef8,0.000654798
b9ced5b8,0.0007163498
4148e154,0.0012373757
f7072e14,0.0007257146
40a88087,0.0016725225
765b1705,0.00066771527
9628d1f6,0.00336788
501bf419,0.0011460803
c4993d13,0.004081707
b416cceb,0.00051297614
9f564869,0.0010695521
0e448a91,0.0016359955
7629c8d9,0.0010165297
ca99fb7f,0.005344376
b0791fe2,0.0013031599
ec83c3c0,0.001134591
c48e70bf,0.0010977983
cb5be966,0.0006375308
c8256487,0.0006442711
e7beccde,0.0010520332
cc039162,0.0007336641
df262cf4,0.00065649423
2ad9c8d3,0.0016304121
ff25c52c,0.0007777602
37c65be5,0.002659038
27255622,0.0035576068
10e58002,0.0007225678
c3f3f4cf,0.0011739547
f0f343c0,0.0029525456
08d52e8d,0.0007078039
d5b83605,0.0011564262
37e2a254,0.0019064222
6ae75e02,0.0013098577
cb54f007,0.030921295
b76c712a,0.0030153177
28b28bcd,0.0007820853
7d0f8535,0.0030912845
2067508f,0.00083715137
bf7cde21,0.0016842481
381edade,0.0021234408
c9586526,0.0012622054
1f022cd4,0.0011186166
3c1da4b4,0.0007729385
a83f22a7,0.00083127746
b8dd728d,0.0009898654
2832db20,0.0016170494
e19c6320,0.0006616675
68187ef9,0.0010703492
b2ba6edb,0.0014424119
6541332b,0.035362154
5259eeb5,0.0007972224
e12e5f0f,0.0011798819
0eedee2d,0.00093455514
9a67c270,0.0014947555
2f40f6a6,0.0011910491
f0cc3407,0.0010521696
c19ca868,0.1788096
409ec644,0.0007452793
a43fbe3d,0.00064105185
30641024,0.0013849252
4af2428a,0.0010554715
a5f89e25,0.0009588795
fd2207a1,0.0010522928
0abaef04,0.0007603927
873383ee,0.0013901633
836ddd6b,0.0011860937
ba7e45f3,0.0006915794
f7109cb0,0.0011875067
5ba27b5a,0.0012591099
083cf619,0.0007921597
fd046d99,0.00090914004
470fbf4a,0.0010667498
4508c9ab,0.0007308198
32b780cb,0.00090559456
177bdb1e,0.00070055394
ae24dfe8,0.0008648665
175952ea,0.00077467685
5acad779,0.001087477
da99c80f,0.001131676
74a641be,0.0021646773
d7d2dc9b,0.0011384028
7c4302ed,0.0007828522
b98c69a4,0.0006592419
aa6b598c,0.0012069254
45c0475f,0.000768346
9a61fc0b,0.00061307504
9e10c6e7,0.0009673047
f1f19f69,0.007887446
86ee58b5,0.0066565853
cf836cc0,0.0031019743
a6d88ec7,0.0011784284
4a54d364,0.0015261082
0c8121d8,0.0005816552
7743c361,0.00082230096
a6465f8b,0.001983402
311d1eda,0.0039038013
d7b2689c,0.0008657715
83593419,0.001771506
666dc8c0,0.0016985728
10fb179d,0.00086365145
b3f2685d,0.00065985764
aad8860b,0.0010408647
3d78601b,0.0026271846
a6a42ebe,0.00065867766
e713d444,0.000992956
2e9aeb94,0.0008915833
3d1347f2,0.0015462833
bfbe301c,0.0011044103
bf12fef6,0.00090217026
65c38898,0.0063567115
23b64850,0.00094235234
07ff3384,0.95670986
d0ca6934,0.0010261724
89744803,0.0006309463
cc091e2f,0.0021521666
be5fede0,0.00074340455
e45592f8,0.0012762302
69e86803,0.0008601741
d2ab4041,0.016199216
7df67b5f,0.0010419114
7d59c089,0.0006576129
b0ce7327,0.0010462855
0478dc5a,0.00055768894
03aff127,0.0013025245
b78876d7,0.0023753413
9ce70661,0.0012386952
52ac0751,0.00070976577
0776a7fb,0.0008303081
bece1992,0.00089551794
c078a1f3,0.0035891663
a374b134,0.0008246943
58961225,0.0012632061
246d91e8,0.0022883269
c6da2312,0.00063036627
fbfb5d31,0.00091272633
de96a850,0.0012510665
75a71f58,0.00089096074
f42e3d80,0.0008066641
4deaf36f,0.0012158226
854cd304,0.0037511347
65939e94,0.0007516329
7600d40e,0.0006199119
f44e1dfa,0.0019539439
330576fe,0.00107945
9fcf0e81,0.0062338077
a07eb4ae,0.0009016435
edd55d30,0.00192794
b6e042e4,0.0031355452
e14184d3,0.0008509475
996a4971,0.00074158434
742d63d1,0.0017146987
f0202da3,0.00086641015
a940a906,0.00083899446
8e6a82b4,0.001055655
891abdc2,0.0009800979
75a21a95,0.0007298287
0efbee42,0.0009343606
17432bad,0.00093418075
1116e0f9,0.0021489575
6cf20a80,0.0015011238
e8bb4e42,0.00073001516
dc7123ea,0.00067587534
ae64e0e8,0.0011377323
5e8ffbc9,0.000900269
db548ddd,0.0008627615
4538294d,0.0022283122
59fdcd2b,0.00245633
8b2a3050,0.014012709
9e8951d6,0.001872037
457c991f,0.0012796548
2a0a111b,0.0006997172
5547b199,0.004312511
ca03fde4,0.0008107136
cfe4c241,0.00093044416
7c968878,0.0010797353
265e2fc2,0.0016616675
5762a4e8,0.001323983
d4d4ad38,0.00056036643
e5f7d792,0.0009293522
fbf3905e,0.0009078831
34c746b1,0.0014093716
eff0989d,0.001119447
0157379f,0.0025101497
e91de562,0.0012113047
9241a564,0.0011500875
be898cbf,0.0009382546
a0335074,0.00093898294
909441ef,0.0011727576
16212d58,0.0022671474
84da6a17,0.0006506221
10254b8d,0.0035019438
7f5e69da,0.0014339397
f0be8d4e,0.0010487889
dd866a3d,0.0009226134
45db728b,0.009019133
e7a094fe,0.0008629551
a2309788,0.00095316925
f3bbfa45,0.001680308
9489ebc2,0.0007214036
df983a80,0.001127538
5c5da8f4,0.0008464964
841382f0,0.0103809
d49b2ea3,0.00066834746
e53d96c5,0.0020972346
2518c57b,0.0009091565
fb9a0c3c,0.0020659843
65774f9d,0.00080855534
1c1c4f65,0.0015250506
f7312526,0.0014573898
d4ec92ee,0.0010332424
9bac0816,0.0016215468
006a399e,0.0008370318
c4c07da8,0.0062872227
328b997d,0.0006994748
ac2bae60,0.0010089008
f35d58ba,0.0044482276
2eb527f9,0.00073322444
1f185d16,0.0011624497
eec71505,0.0015554664
4e2c381b,0.0023991787
938b818a,0.0019246404
fd2882fe,0.0013894864
c7bda3d7,0.0013394604
8e7afe58,0.0010926422
f0185e84,0.00069769094
1f6033db,0.0009701114
3e10a802,0.0015585739
08e35462,0.0012129194
175d52db,0.0008056828
37e4efb4,0.002090356
fffb07cc,0.00067078124
9dd36385,0.0009092535
b718b7cd,0.00086157356
7324358c,0.0023969247
76d78a0f,0.0009603121
bb8789ef,0.00090324704
87478483,0.0009002271
b7014903,0.0009884429
973c0e21,0.00067318085
d617dbbe,0.00074468047
639bc82e,0.005142374
8c686c1c,0.0007919333
5942fba7,0.0006436516
82d6d268,0.0012738555
517f095b,0.0044491016
5539b3bb,0.0028837014
0a6fac39,0.011295702
743b0c0e,0.0011153383
8ab7ae78,0.001683578
0b95b068,0.0011766909
9f4d8c88,0.0010723431
5bacf12a,0.0008511312
e7a17de5,0.0030566074
9de09d00,0.0007031933
a5773f39,0.0006784416
84deae74,0.0014461833
f5e6952d,0.0018376277
1c1fe269,0.0006795634
bdd390e8,0.0034598901
78c80446,0.00074402825
3556de65,0.001718411
c2e74232,0.0006694407
b68991aa,0.0008207748
3789e486,0.0009835089
a043248e,0.0006583573
d8aaba12,0.0007902608
a0f10745,0.0008917659
1c4ae4d1,0.0017567622
a1270055,0.0019773205
f60026bc,0.0020397303
d580ccc6,0.0016202048
9e0c92e0,0.0011912896
7ae88466,0.0009604938
16f2ec08,0.0008989559
eb7c06cb,0.002961001
7897c88d,0.001222082
08688ba2,0.0005852378
8b5e030d,0.00051756983
fb16c2e0,0.0012096317
e8d20c0e,0.00076601387
efc37a73,0.0012699957
3a1bb349,0.00087851356
34647ed9,0.0016992901
bcc33568,0.02752357
9563f0eb,0.0009002099
8d908358,0.00091908156
f8cd2d8c,0.0008219238
8c1e38dc,0.0005741888
f1fec001,0.000900953
7ea9348e,0.0014700077
e3eb3de3,0.0006785102
c09e9d17,0.0021864001
dc8f445a,0.0006671832
f8452ed6,0.0005793806
4553ea60,0.0007538146
79144380,0.0010874795
c16482b5,0.002120963
30bdfc7b,0.00071807764
6fcde0e6,0.002671062
dab8108b,0.0025547978
1b2fb5a4,0.0009240985
ac4115b4,0.0016965452
0e70cd49,0.0007987791
5c537dcb,0.0010313857
e612e52d,0.0007517017
9530a11d,0.00082542974
c851e363,0.0009742359
36514209,0.0007577777
c782eca8,0.0031509898
1285cf45,0.00087511784
43f4b712,0.0009808948
d4485882,0.001160465
87633208,0.0010510229
0ca6d905,0.0015081313
37ec81ed,0.0010764443
bed76275,0.00090970023
faa7a7b3,0.0012327736
80cfd1c0,0.00093104143
cb3509b4,0.000700377
d8c76991,0.0030016333
71088dfa,0.0019143387
9f9f163b,0.0014917885
14d6a367,0.0008473413
37f82ffe,0.00064135465
22dc48fd,0.0023987624
0bc54f45,0.0008491575
b1288ea4,0.001467488
3a6b1005,0.0019486701
53790106,0.00084158714
63e0f689,0.0005916413
ce1ddb23,0.0008995964
5c1320be,0.000939845
9a169e79,0.0014262525
8c3ff840,0.00077591796
dad3f0d2,0.0006899606
9982b833,0.00096675195
f1ce933e,0.0006675953
db29fdc1,0.001876256
9f04f764,0.0007875522
63d9b87e,0.0015591126
8fe3cb1d,0.00084431656
4eb8c26a,0.0011626724
4ee69e6e,0.0006867775
c74343b8,0.0010651717
28622b12,0.001485919
923853d3,0.0015747607
ad68e698,0.0044656615
9b86c659,0.00099481
967fd813,0.0022597816
77797670,0.0022505084
c4327e5b,0.00066397886
07f8dc1d,0.0012794768
ea9a4e54,0.0016997723
759c1d69,0.0009638375
75f63851,0.0019526557
8387535e,0.0010553669
9f037123,0.00090281863
12dab0ca,0.00077633513
c6752d83,0.0008466061
2b004a81,0.0019618706
236a4c1c,0.0007128039
5f97ea39,0.0006707295
486952f8,0.0034593213
73925452,0.0009651691
8b8c7ac5,0.001147706
bf426b95,0.00069957017
d5f66bf9,0.0011890285
26be4ec4,0.0018333528
a36a0640,0.0007209112
c6686b9a,0.0013946926
44c4c956,0.00350638
74d69f8f,0.0014864397
c823cff3,0.00096805935
91003fc4,0.000705499
b54385e0,0.000618472
cdc94187,0.0040359725
3eb43d32,0.0011279936
a0659973,0.0009576169
15364382,0.0007855698
8a5dbe6b,0.0015302021
9b71fc9c,0.0008858437
607db17d,0.0008264482
ed910750,0.0024101667
315bca02,0.0011654989
7478a67c,0.0011802629
430aab8d,0.00074047176
87b41878,0.0008736665
51f164fa,0.0006400116
b4ab5f94,0.00075210544
09ff50b6,0.00077065034
897509b9,0.00085421256
ab2ef818,0.00091435533
5b9ae375,0.009042736
a39f5694,0.00076155004
652e8edc,0.0012701579
4c0d6306,0.00074553647
602fa0da,0.0019979968
93954305,0.0012862791
c27a7bc6,0.000829594
788171f4,0.0015413138
a64217e4,0.0010199347
34403489,0.0006868548
6dc5b5a2,0.00083391776
62dc3d5d,0.0018168576
4a58d891,0.0011030035
f1592147,0.00072880706
e92f3b37,0.0017240708
63b425b0,0.00069340813
2857b090,0.0007944869
ae910cd0,0.0007125499
75a1579d,0.0006384943
cc7d58a8,0.0015801995
7c2316e9,0.0008101248
b2b812fe,0.0006281006
c5587525,0.0016841262
843972b6,0.00064322015
4c3f200a,0.0004996486
578f0171,0.0007833779
d85ae1df,0.0008091311
87f68e43,0.0014113017
9f81ffbc,0.0011144944
40f8aabb,0.0020999978
ec5fe18e,0.0009007959
53059f57,0.0007789993
78e13694,0.0012917215
0e7476b3,0.00075565826
f80c9047,0.0008882204
c6c9d2fa,0.0016039892
9c333e77,0.001473261
7a2fa03b,0.0014145573
ad183a65,0.0010162857
6b8f47eb,0.0012054709
7c788458,0.000821452
3f2f70e1,0.0043281224
55e4b771,0.00056297594
a314f66b,0.0008497451
4e9a30c4,0.000870993
4835fa4b,0.0006347879
a137d1fa,0.002424287
d4260ea7,0.0013588552
27ec2a37,0.0011589216
a4964907,0.0009210966
992bdae7,0.0014159892
ca439315,0.0009116468
e0c3d4bc,0.011236739
528fde18,0.0007466862
f61b354a,0.0041182814
2673fcfc,0.0006369335
830fe62d,0.0015348288
a80a0ab4,0.0021972498
db6b00af,0.0014668482
a53a5652,0.0010093763
9aee7e12,0.0008621263
85ea99fd,0.0008035409
13d26dcb,0.00076959026
08baf510,0.00069141533
cb974f9e,0.0007233049
2b60a160,0.00077280105
8c40e176,0.0008624664
7be09535,0.005296918
bcb092fb,0.0018529518
3bf2f830,0.00053037505
56d98d76,0.011827117
8e99d540,0.013260903
87932e2f,0.0019018294
7c82e5bf,0.0008025014
4f013a06,0.0015257653
5e73d6ca,0.001080272
c22b9a51,0.0007713936
8a98af25,0.0012280389
7e219410,0.00084860704
3904d0d1,0.0008095769
174941da,0.0016444277
339d0734,0.0007500337
eb04235a,0.0013020328
549af470,0.0008509199
f5b6fdd2,0.0011365516
db806c4d,0.0007148283
29288066,0.0015490612
8fd0ec72,0.0018426585
656e2758,0.00063124043
7b7cae21,0.0007856981
f11dea22,0.0006373418
ec987c55,0.005409896
3266bb49,0.00079840235
cb8b4499,0.00077027775
2749f094,0.00083702855
f8eba475,0.0006170607
c6716b19,0.0012714978
ccaadc68,0.00066787313
2c294075,0.0010889445
b50b7636,0.00667143
519b998c,0.010620026
8766c0a9,0.0006285033
d0f5ba9f,0.0012447117
534878ff,0.001631639
1ad9f159,0.0010834427
bf351461,0.0016231417
b122c93b,0.0016199203
41ec5413,0.00068569847
aee2fd75,0.00091799285
b924d007,0.00088486687
f421ec48,0.001808331
fc85a3a2,0.0038932187
7d9b21bd,0.0006151974
4e155523,0.00093357975
982ebcb6,0.00133876
f3875fa3,0.00084546854
55bdb3db,0.0009451894
eefff2bb,0.001104986
9a217613,0.0010646244
571813b0,0.0018931301
d2dc056a,0.0013171321
94d0bf41,0.0009901833
6586443c,0.0007777746
b7fe941c,0.0012133932
b99d4337,0.0006365678
a9a3c2f3,0.0009306764
8e87355b,0.001408018
ac288355,0.0009870736
e31b9495,0.0012377499
3e5d0b8b,0.0013534629
6f5c798c,0.002236183
18cda7af,0.00928367
00433c3b,0.00080073875
3d84125c,0.0009262564
2373dfbb,0.0029933867
abdd6f8b,0.001582003
041ce98f,0.0007678088
7d896c1b,0.0019625747
09d0fd63,0.0011871906
6b3f6ea4,0.0008504125
f8c60a4d,0.0010055634
f29670cf,0.0009215096
0642c97d,0.00049661077
0c1f6068,0.0014233264
dcb1c9ef,0.00097165245
81af6e2f,0.0006733111
821dec8c,0.0011082444
d623800f,0.0009052373
b5eaa1b2,0.00070343394
dd4234d1,0.0010713311
e0694263,0.0023229988
e13e58b6,0.0010548015
366bc1d2,0.0008494775
4939671d,0.00055656716
0639733f,0.0017090394
969415ef,0.0013999449
06e51a46,0.00063721824
11c28994,0.0014846447
a1a4cbfe,0.0030097438
60450b9f,0.001145802
d81bb58c,0.0007770538
285fa7a0,0.0010390293
2193577f,0.011597128
a93a42a7,0.000987673
53744d68,0.0009555507
28b5dfaa,0.0018015628
9c19c569,0.0010950645
9ad19e20,0.0012929905
bcebb9e3,0.0010076906
53891840,0.0014793664
61f75374,0.0011288996
62f113ca,0.010393463
332353cd,0.0012059198
7af61414,0.0016162297
0abb0eb0,0.027256014
f4a6ce27,0.0005934185
a02fce05,0.00066085515
5fb33759,0.0008012677
e0b2d2d8,0.001009083
7149ba40,0.0015439946
ddbeaad5,0.002200977
8bfffc31,0.0010311857
2a87ed71,0.0007839925
89cfaa31,0.004279647
017938ed,0.00068156334
4b79e8ce,0.00089096586
8503a002,0.0006176646
743e45bd,0.0025064442
8e2ca3b5,0.0008280299
d20c6d89,0.0022141659
12ad0e26,0.003500111
73559e6b,0.0011750959
034c5161,0.0013328227
546e3cfb,0.00078598387
49e8f88f,0.0008515826
1d3a4f56,0.00086439244
c4e71208,0.00070419256
aad6b8c3,0.00080459594
c02ced80,0.0019090535
f1a95559,0.00066157326
6ef90712,0.0012503046
6ed1b45d,0.00682894
fc0cc132,0.0074947304
e0bf20b9,0.001118995
fe230f24,0.0021389674
24c618ef,0.00083719287
4a222b80,0.00094419933
3d88e71a,0.0015798428
1c0335a4,0.0013691273
1946d60c,0.0013827941
4599c867,0.0025786418
c5454db0,0.0009774864
d87b4c7d,0.0008112994
96447a4c,0.0007153967
687622d5,0.0010871973
9d8f9869,0.0007424813
5c35af05,0.0010341534
37a8cd9a,0.00429251
efc9df2d,0.0019475382
08c5a727,0.00065816095
56c3b0e8,0.0012718557
7e378031,0.0007228374
1af0a3e4,0.0014034342
a0ebca19,0.001630735
5f565718,0.00081846537
3aefd34a,0.0007058433
c456e656,0.0031027852
18a37e14,0.00068485993
cb0e28c8,0.0011767538
e341488d,0.0005097283
b84d6822,0.0023551795
79dd2963,0.0017023828
baa91e52,0.0010329994
8358655d,0.0025949627
8733cc01,0.0017455809
1eb58c21,0.0013563276
686e6bcb,0.0023983687
fb50313d,0.00087097095
add77b32,0.0007743919
7dc820a8,0.001263753
a8798ca2,0.0011660546
62c82cc1,0.004351853
4848888e,0.0013027516
b38fcc49,0.000618429
5078db2d,0.0018542715
76c7b667,0.0007520574
f52b8a30,0.00091241417
4ffe8b10,0.000875303
e682511d,0.00080506457
4ddb387d,0.0013522634
b50c5645,0.0011021884
60a99775,0.00095393247
da002336,0.0031886718
5e7745f9,0.00066663657
7b34da5d,0.0024647368
c32aaadb,0.0008236533
cfc00fd8,0.0007713369
413e1d58,0.0014769702
a6fceae9,0.0008999861
d335951b,0.0007658654
476298ed,0.004561229
1e63bccd,0.004504782
c7b9c85b,0.03605826
b0f9096a,0.001505256
3c9e37d6,0.0011571859
a091b61c,0.008995213
906e41cf,0.00077201234
3d8bb116,0.03342927
a9b3939f,0.00066945417
49fa9e89,0.0013650677
a14bc29d,0.0011777545
57a2d63e,0.00078208157
a0ea14f6,0.0008430327
1e7ca163,0.0018175271
f9da111e,0.0020308972
ac19db77,0.0024819933
31edc8d7,0.0009061136
ab265965,0.0006893717
6bec6393,0.0007358102
cc4ead8b,0.0008133387
9a8417f5,0.0020335317
7c63b55b,0.0010449602
ea60a7cc,0.001774724
20cf864e,0.0017151746
d2635237,0.0024663764
3b169bc2,0.0068098437
5b7a892d,0.00087678287
5ab454f3,0.0007944885
fb71e915,0.0007159171
6bf9f3b3,0.00079323497
c39924d7,0.0018056502
86a9541c,0.0013337968
bf4433ac,0.00086074363
2ed7447c,0.0019631155
452dde41,0.00068454864
da42ec15,0.0014051596
c9d86053,0.0019129744
88c89ff0,0.0013167296
11a8d0c1,0.001248886
7ec44e93,0.0014889012
19f23c0c,0.0013780253
14c8cf28,0.00076517236
9745daeb,0.005245757
b6002738,0.001112379
7a395deb,0.0009696776
aa34f38e,0.00076677493
e0a2fa21,0.0007447085
651a5c11,0.0008132465
eccb0c36,0.0007161826
fb141934,0.0016916309
04952cf4,0.0019283638
965bba65,0.00095592544
916a89cd,0.0017688189
5a3a7328,0.00078554504
6a68fead,0.0014639958
7e2781d1,0.0007400192
a5a01bdb,0.0015250273
d3e8f119,0.0010043302
15129984,0.00072530675
ef42220e,0.0012664739
8993d28e,0.06663298
21db445a,0.0024035035
41680353,0.001043543
b683f858,0.0013464015
6e43281f,0.00076088775
9d0abfc4,0.0032170513
2af82990,0.0011338423
9432115d,0.0005816876
72ad353c,0.0009650573
b785587d,0.0010219758
000243c6,0.0020751306
fb1f754e,0.0008435401
b43e9db9,0.000833378
8809f90b,0.00074485753
8ba81cad,0.000775483
51642a91,0.00083042914
7abdd2c6,0.0006228072
dbc877b9,0.0032472846
97b810a2,0.0015671782
52c47508,0.0006402911
f613c758,0.00093315064
928f9a32,0.0018717981
102e8df3,0.0010174118
15a2b2eb,0.0013072977
f5d671a2,0.00082820066
0d76c9c9,0.007861953
c57b09bd,0.00073600374
46d451dd,0.00057109573
8572b239,0.14206862
aa488316,0.0010209973
9204c243,0.0011692747
dd6b2b74,0.0015733212
5ee49faf,0.00073424773
2f0645c4,0.00091876026
014c28fe,0.0008009498
29256dd9,0.0015417213
8052e336,0.001012275
28ab5b57,0.010302324
7ba669a7,0.002088988
0179e91c,0.00086898153
6a3e3ab5,0.0011514588
0b2c52b2,0.00065323565
ea36d56b,0.00070747646
b1f7c8ed,0.0008284643
df72e78a,0.00090750685
7fa97142,0.0012299786
6fe26b8e,0.00087707455
82a07463,0.0031579712
73396a4d,0.00087978813
0eba1bbe,0.0035858045
895e7a30,0.0009353029
e2df9ee2,0.0008758198
5bcd0d8a,0.001080183
17ffde99,0.0010939382
e998312b,0.001995702
c2e1644f,0.0012172341
a951849e,0.0007395846
3c173973,0.0011294333
8e6b8add,0.0009363542
3c5e7d61,0.00079410133
8afd616e,0.00062068726
2749e531,0.0008938207
e3d6ea32,0.0013577738
634e7aa1,0.0021292646
14509b3d,0.0016887077
2965989f,0.0005495939
3d9a4e1d,0.0006950307
f7c7366b,0.000868115
cb975904,0.0013800137
864cfda1,0.00068155356
4acf1a38,0.0005514078
274449ba,0.0008190036
423e0b1f,0.0006951185
569a4e5d,0.0006639915
e3769359,0.0007425599
e300277f,0.00056656596
d31df1fc,0.00072356453
bfe38aa2,0.0006974782
efffd43a,0.0018131696
c87335ff,0.0007597821
5f77f759,0.00089545094
2dff8740,0.0009849651
b372f670,0.0010268522
483c0619,0.0008564167
6af9f1ba,0.00076280546
5889a37c,0.00097011
6f88266e,0.001803818
7b7b2684,0.000727157
061a3795,0.0009414568
6319ea23,0.0010056176
5037d63d,0.003062102
7c17dee2,0.0015152337
904fe6eb,0.0013441695
da771f1f,0.0017518554
141a46c7,0.00072919397
20688209,0.0006590437
48216306,0.0007233195
e9ebba6a,0.0009867582
931dfd62,0.0024105648
86d48f83,0.00088630297
eec6a3d0,0.0007275552
0cb86f6f,0.003417344
9e497c33,0.0013251145
655f22cf,0.0016851022
54fd0494,0.0007772816
b800b67c,0.0009951086
74746c67,0.009904842
331f14b0,0.0007686481
310f779b,0.00060618663
fe226bd4,0.0009849778
6588933a,0.00070345943
5b1289f1,0.0014967766
115f1bbe,0.00063550577
01c7905e,0.0014963961
5dd60f21,0.0004936982
bc44b82f,0.0008187851
d67e93ba,0.0006512397
a019560d,0.0009333881
c8dc677a,0.00064823235
4e317233,0.0017393485
bbd25c13,0.00057464757
bdf7e825,0.0006970081
bdd51cf3,0.0018222304
40e8f8cb,0.0012277097
c3df02d1,0.00081271346
30a2a14d,0.0006335283
52faee42,0.00096035464
b9507dee,0.0011611892
37c0ee1e,0.0011818198
a4a4730f,0.00073590444
5d06cae9,0.00079041824
e8b53bbb,0.0008405261
d01cab6a,0.0015193528
2e456d52,0.0014724334
3ece95a4,0.0013895248
ccfc3c86,0.00082577125
09d3186c,0.0013969489
18482839,0.0013759559
aefd755c,0.002850075
b74015ce,0.0010821017
3495ddd5,0.00073013344
d3569353,0.0063440595
c6101b29,0.0009838257
09ec1045,0.00836077
7866ff95,0.000872575
98409f71,0.00079228764
6a68f771,0.0013220273
79c185dd,0.0008086968
15353147,0.0007229321
3496fbda,0.0007644705
9de4bea4,0.00084434944
dcec19a9,0.00095141004
67a19012,0.00072241423
8db0c9c3,0.0023169662
730acdf9,0.00081056805
27779638,0.00084568816
19c6a344,0.0010099934
591a5862,0.00075515517
429ba864,0.00050086674
eccebdf6,0.0014633734
acb895eb,0.0011238904
d26b421d,0.0025667863
c1e07de4,0.0009577546
fad3a978,0.0011651864
b426a6ce,0.0008570914
7c24d777,0.0059666825
7621b627,0.001297326
d1d7c608,0.000631189
3ac45971,0.0028633182
7f6561a8,0.00067233073
8b29d1cc,0.00063265284
de338af1,0.0007215273
975a9483,0.0007970333
6a0ecb46,0.0005954854
be8936e5,0.0012522455
932d9665,0.001206942
d0c1b88d,0.0009865203
744403a4,0.0007230376
abdfd92e,0.0006092469
3aa412f3,0.0011348742
9f6f0525,0.0033019125
7e590bc2,0.00070393825
13ef6baf,0.0013846093
1b23c8bf,0.00253501
c51ba719,0.0015429197
fdb46415,0.00069215836
16466a91,0.0017152318
3a90ce22,0.000862307
d0051e3c,0.002803968
1c638ba6,0.0008892327
f3c81359,0.00051712233
ede03152,0.0005136548
fea2ed63,0.0009371516
44947b01,0.0006625866
7ac02f17,0.0007736886
a798c851,0.001139307
c32f780e,0.0006158811
be5d9da1,0.0008440575
b7eba94d,0.002198164
910ad85f,0.0009468785
1e18aa18,0.0006864203
dccbc0b5,0.0009984256
1a8193e8,0.00079916656
1b07d5c5,0.0009997531
c9f97b0b,0.0006921544
1de9e770,0.0010454427
16baf033,0.036736127
41c6be08,0.0008221662
6ffa3b7e,0.0006785396
5ed3f2cb,0.0020481905
78a898d9,0.00053178915
55929585,0.00061628217
98844c2b,0.0009310308
cba564eb,0.0008203877
fb0eab50,0.0009926959
a54589f8,0.0005770296
46276f77,0.0006116489
c0d3b53e,0.00073460717
dc314bef,0.000778419
0239b467,0.010981524
81523e7f,0.000613862
20eb8211,0.0013225903
bb9b59cb,0.00079815247
5056b213,0.0007921374
92eafb6c,0.000725428
33bca93c,0.000934666
25a9a958,0.0005714505
91416582,0.00071085227
b8e0b271,0.001251278
b0dab19a,0.0006536153
ad37f51e,0.0058520576
eedcd081,0.00052209216
938a4c2f,0.0016788802
d7feb21e,0.0026157622
208286f8,0.0011815116
61373479,0.0014621733
9d35c7d6,0.00084393925
d2cc62d5,0.0022147633
ddecf652,0.00060917286
1436eabe,0.001112982
151538d2,0.0018995589
34e66b9f,0.00066491036
07e5f1e9,0.00078318315
34e8f94c,0.0017419362
c3efccf4,0.0010559653
ff8750e7,0.0006305811
a83ae8de,0.0008631665
8652836a,0.001753232
24f7a8c1,0.0006836242
4ef0b6c1,0.0010958732
d35047d4,0.0011006393
bdc449e4,0.0009017749
6fb91c99,0.0009271345
563abf02,0.0006800794
83a44959,0.0022756574
14ac6dce,0.0010653827
790642e6,0.0006965263
08152e97,0.001019449
97837866,0.0005716003
b1f77bc4,0.0005288087
1e4b968d,0.0005116177
6fcfdaf9,0.00092268107
3daeb5fa,0.0011610488
c71d468c,0.00068709574
e0eb77f4,0.00092531607
18de0143,0.00063909485
a87ccaaf,0.0007828973
6ee125e7,0.00068987906
122ed04e,0.0014629059
624399ac,0.001981948
40d57b47,0.002337698
159698e5,0.0008771247
6db01e79,0.0017344385
428be674,0.00080410275
619466fb,0.00058315287
77f12ba6,0.0006274069
4cf42bd8,0.0006163131
f7d666c5,0.00076306105
706741e0,0.00089204335
7bf6d4fa,0.0016852677
2853ee7d,0.00062052195
953c93e2,0.0022033209
581923bd,0.00096215756
3054e98a,0.0021070933
b27f46d7,0.0006026329
8fc77394,0.0006430997
f09a6fbd,0.0011993444
487675d2,0.001363463
a76b4693,0.010818449
70a33919,0.000596478
6c6d14b3,0.00076483004
fcc375cd,0.000672523
198ce901,0.0010833291
61cc7d72,0.0009213476
19dc79df,0.0007065237
06932ca5,0.00098075
8a1b9ba4,0.0005783395
2afd7cdb,0.0006578533
8c0d41ef,0.0006013772
921e8d9a,0.00078529987
22a43e57,0.00096325914
dc6ea84f,0.00086317596
42318275,0.0008256194
54f81ecd,0.0013710721
871d2976,0.0017488268
872f380d,0.0018527894
484e92c2,0.00173472
b1173499,0.005309918
5dbfeeab,0.0014529999
42c72fe1,0.0010414361
fa7f366f,0.0009316066
73870c59,0.003694927
8c8d587d,0.0009346606
6db64147,0.0011640864
756f0daa,0.0011428327
fc3cba32,0.0006264428
12ab467d,0.0024749083
bc8522c8,0.00062319165
43ca840c,0.0008161833
cd7d73ee,0.0016457173
ff90f489,0.0019684096
63af3879,0.0009851687
c701c851,0.0011276631
f2739d57,0.0019582235
f9b9cf94,0.00083707
a91cab10,0.00081361196
9be333b8,0.0027182566
d6699d14,0.0007941797
e72b0b85,0.0010258171
24874203,0.00080739666
638066ca,0.0011448462
9eebba1a,0.0019584564
45322fae,0.0009860876
70644d44,0.0011780458
b5937a01,0.00094264926
9cf3c1c9,0.0009243362
e8530795,0.001591669
9c9c1381,0.0006190688
5ca4aeb1,0.0010161115
22ec3709,0.0007449672
1d2d9e73,0.00075249217
f5f2d674,0.0007499651
bf46a232,0.00075497775
7de4c810,0.0056655654
2b37cbf3,0.0007151404
a7c4b3a7,0.001015673
75b3907e,0.0012706249
42ff1e64,0.0006324641
2ecbe1d6,0.0007397083
68d23cf2,0.0005647891
d5c6db79,0.007837781
d41cc362,0.00068287307
646e2509,0.0015164128
06e4f459,0.0006650308
c8905c2c,0.00090502517
bc271635,0.00063166866
6356688b,0.0006827862
c3e6e2b6,0.0038193623
3b5de4ca,0.00081516406
ecb48afb,0.00094162987
534aa86e,0.00069889013
820219f5,0.0008128498
70b13f6d,0.0012039806
4ea9b163,0.0010666196
eac54309,0.0012042389
7e77fae9,0.00091887446
d20f5ae1,0.0007972961
0e05a618,0.00060822605
b03eb108,0.0016783583
18835e62,0.0013098102
292922bd,0.00081299536
919a2a32,0.0006911449
a409dcad,0.0005760212
1de55fea,0.0019314885
2443df13,0.00081737764
ceab4992,0.0008328493
b5a0e6e1,0.0007634254
2e9a9b4b,0.00084867165
2fae4e35,0.0010748166
5c72278c,0.0010688005
4dd80311,0.0006598652
95b24188,0.0011578184
d805df51,0.0013451377
b96569f8,0.09987526
9e6b3c78,0.0008318598
24425e94,0.00085811445
31c983e6,0.0005612746
4b20a25a,0.00084629474
a7730aeb,0.0008773759
d6d68f85,0.0012061811
446200a5,0.003008189
ae85e5b1,0.00062689016
5e85b5e4,0.0011561684
ddd22ca2,0.001124256
e992e921,0.0012022302
24b913ad,0.0031475064
fb5c392f,0.0010649778
0aaeab61,0.00071291334
88673799,0.0010179097
42dc7180,0.0010721791
32f4050f,0.0006189092
f77d1403,0.000513738
505bf8b0,0.0010279738
d2362ccf,0.0022543706
9a70701a,0.0012436623
77fc4fb1,0.0008453815
65b468cf,0.0014125461
cfa464bc,0.0005192336
572db5e6,0.0016003394
46645c9d,0.0020304064
4fdc279f,0.0016604672
3fc51191,0.0008767663
05d4fae3,0.0006424295
22838e48,0.00074518204
effcd09f,0.00085591455
1a9d4112,0.00069700106
98f11394,0.0005757463
6b5e0c8d,0.0013835054
af91457a,0.0014180149
a81cb785,0.00085806136
be92aae0,0.0017332953
45013342,0.00060794817
21be8c69,0.0010517726
1dc8ab30,0.0011824004
16e1689f,0.0009793106
3d884dd1,0.0012600482
297da46c,0.0012635924
951db2eb,0.00075881067
58097fff,0.0007644297
e0117b52,0.0006315179
a0d20bbd,0.0011340858
ef0006a7,0.0016331908
9d0132b9,0.0006148961
d6c3299b,0.0006440354
8d9aa7f4,0.0017937707
24a3e5c2,0.0011189299
25dcfefe,0.0011345748
889b47c7,0.0009771568
76e388f6,0.0008003581
fee9fae2,0.0028192543
f537d25d,0.0015575079
d56fde64,0.0009660549
78a3472a,0.00198762
7dd77aa6,0.00066436373
48e97ae8,0.0012166754
6a170224,0.0006287831
cc639faa,0.0008480302
e6d700f0,0.0011132344
08487858,0.00084818224
b6fec01e,0.0007837404
32916667,0.00501343
52a71aef,0.00058771466
612d6db2,0.00292739
55662ec4,0.00083978317
c40aa742,0.0007945256
15b652c8,0.0022501478
468e3215,0.00068707607
9e570af8,0.000597597
2ae4cd31,0.002406888
cefba8f2,0.0006535875
8320d764,0.0008956186
b8861738,0.00077114475
27ed4aaa,0.00065402995
6d6c250d,0.0007863037
4c462e5d,0.0018008094
5a7ddcf4,0.00050130853
4a5ec516,0.00068962335
50732fe4,0.0017845283
727d35c1,0.0018690146
af3a6625,0.00290253
108ac419,0.00075774017
49ce0a17,0.0023074162
0c220708,0.0019989393
321a4e39,0.00076397846
4cd5b978,0.0018615032
631c585f,0.0008908007
784d7c4d,0.0010848815
8ee93688,0.000681948
403b3fdc,0.0010143308
a27ed472,0.0016099901
6488695b,0.0006090855
90ca8ccd,0.08202473
00c583f7,0.00078178575
41bc641c,0.0008875305
63240d7c,0.002297324
c125519c,0.0009379529
236197ca,0.0007216983
8194b0b9,0.0011906396
0a3d41b9,0.0011381361
68a2a814,0.0006488359
9407b114,0.0017426038
ed92c6d0,0.0010596026
8b83e0ff,0.00078550016
0b69068c,0.00066411117
07289639,0.00075662456
4df21567,0.0009998354
6c9772c1,0.0009160208
fe978f94,0.0008053036
a3518eea,0.0007735345
2ee9ae1d,0.0017875946
df81fad5,0.0007392404
b2fcfa2a,0.00093418476
e4412ece,0.00087858684
f5e00e3c,0.0018859789
6a64bb19,0.000970785
5193fe0d,0.00062059204
2922e227,0.0011337516
d518599d,0.0008418454
7e705ecf,0.0008376741
3a8321a4,0.00082165905
447bf81f,0.0008100669
c2fa168b,0.0005727242
243eabe6,0.0035270099
8c5895c0,0.0022200276
b124ded9,0.00093641574
728439a9,0.0011610532
07ff7d75,0.00109388
a9b1fa0c,0.0005210355
51daa521,0.0012349396
07e52da2,0.0008333804
fb12ad4c,0.001386742
1dec8526,0.0011373579
de459f2f,0.0006917478
1e3803e5,0.0012696214
e62eae55,0.001851046
f0c03e6f,0.0026056825
c79728b8,0.00061540643
370900c9,0.0007817805
bebe0e9d,0.00071416516
c95074ae,0.0007477393
580bc0d4,0.0008682209
cb71f3a7,0.00080654497
5244c052,0.001498901
502aef3b,0.0011967272
5b374969,0.0011336316
e8bcf57e,0.00092355977
1a1cab97,0.0007013909
21e5902f,0.0008640795
fea30f13,0.004385798
e226c94c,0.00085315586
c365d964,0.00096017175
d651fc76,0.037073117
fd82a7f1,0.0005739256
c4c0c33e,0.0010698818
3b10c0fc,0.0013231057
5135a966,0.0006926506
5daa4ca0,0.0022877043
f877a277,0.0010048059
002499eb,0.0011227652
c4801b49,0.00060629525
f0116791,0.00079728704
b211fbc5,0.00058016466
d1a2e269,0.00077521073
0d586f47,0.002729287
425e650b,0.0005793916
064678f0,0.000558242
301a3353,0.0006479899
13495eef,0.0011005003
09dc40a7,0.00089070265
ade6cce4,0.0020266166
1e3455a1,0.0019104587
77414762,0.0009742169
600fbe28,0.001913619
fc30ae59,0.0005157217
772496da,0.00067331083
5db2bd7e,0.0019143714
c40ca3ab,0.0006189614
6ee532fc,0.0011780693
557e0817,0.0019894359
1dc87ca9,0.001222443
587eae75,0.0011312993
8ece37a6,0.0012165084
0fc52af9,0.0006665181
12f145c0,0.00087583525
84c93167,0.00074969325
1a899ad9,0.004142457
4a3b97f0,0.002411901
6fcb6517,0.00085647014
bc0f5a55,0.00056739355
c6f61824,0.0012509074
5ea6827d,0.0015800678
73d3bbdb,0.0015106236
14435830,0.0018284094
bf920ae2,0.0007779266
a8ad694d,0.0018224248
1de8a3dc,0.000709282
a1446457,0.0007848955
acf61776,0.00084289565
f9e0c525,0.0011056799
1a6e6e20,0.00071326934
48df2e37,0.0008609335
decb0026,0.0024003282
818aba22,0.0008780002
67bb747e,0.0018092842
6a4bc3ca,0.0008228061
1c4c3fef,0.0014739599
3eacbe89,0.0008517328
ea9eccaf,0.0008604103
3e9fa667,0.0008316451
ac5535fa,0.00095300947
9adb4711,0.0007908334
f0c4749f,0.00058185507
6ae057f2,0.0005512202
5bfecc91,0.001229954
3524917d,0.002493737
c7e2a64c,0.0011679344
dd71f749,0.0020888427
f2e9f70f,0.00081582495
b1ed0c29,0.0004989178
9e8b8819,0.0007047888
9ae609cb,0.0008470281
33a7e886,0.0006141575
06d1c865,0.00075252267
881bdb38,0.0010321455
ce1a7868,0.0009125459
dd253975,0.0012533906
4de57e4a,0.0007967227
56e90953,0.00082007115
f38ae24e,0.00087970466
19b3e5bd,0.00068551034
4f203906,0.0012546446
6e195858,0.0006383087
82f44d8f,0.0005219424
becd2ab5,0.00081640267
dc9599e7,0.0008423437
3e35333c,0.0006992919
feee539e,0.0015459278
b1f12720,0.0007590157
0ce101ca,0.0015892877
8d913349,0.0006280204
23c14f72,0.00073928933
26b2c4e5,0.0005940982
674d653f,0.00074090797
ded9240b,0.0005402981
5c68e8fc,0.0007305288
eb5c2dca,0.00073952676
a52429c4,0.0013946892
085ca569,0.0008318127
78edeb29,0.00070519786
0ab49e4c,0.000530438
6b198821,0.00074738957
31fb3fb9,0.00059478346
3890a36b,0.0006993012
5816218a,0.0017771036
d13c04f2,0.0022899485
0c31d92c,0.00091882725
472795cd,0.001277301
ca93dbd3,0.0006483933
704c904b,0.0009113759
f6b980e6,0.00073028693
ac8ee8d1,0.00057769596
f3a03606,0.0008739716
2b05d1dc,0.0005913137
8fcab73d,0.009273961
c4efc8c3,0.0011148188
2ef7d534,0.00086641597
f2b1a4d3,0.0010984177
8ba7c6e3,0.0010544112
0a6c0f3c,0.00082011265
6346c7b6,0.0010858916
40ce36e1,0.0008519024
519b53d7,0.0008177018
55d4948b,0.0021287084
fc8b7c4b,0.0007954505
d452156b,0.0005772474
ca8f7220,0.001038924
f70eaed0,0.00072913844
02efb582,0.000733763
42ec7f95,0.0006377155
ecb28fbb,0.0008095006
7836d8b8,0.00082870154
9c4472d7,0.00074347254
abdf8f0a,0.0012485606
a62f5d21,0.00062191987
a5cc5b53,0.00074829394
3337db19,0.0016517194
09030342,0.0012596078
f4832a6d,0.00090234476
ce6d3484,0.0007468253
17342cc0,0.0010331549
1637b7a3,0.0007692464
9f0c43d7,0.0010145642
713b0129,0.0009247661
57897a88,0.00055133086
caef17af,0.0012621905
cdfb2d1c,0.0008413322
da09ffc5,0.000983804
90a7ea5f,0.00055635924
fde7beca,0.0021546418
12218539,0.0007049748
113b15ac,0.0013224398
737c7331,0.0013092988
aabee3b1,0.00062941987
a80e690b,0.0009083897
2be8db95,0.001360069
45d6ec95,0.001229742
5a96351d,0.0011246465
8430082e,0.0013197503
203fe747,0.0014883362
9e9efa39,0.0007615101
98b3e9c8,0.0012450353
95d34455,0.0013073649
fbeae7c6,0.00086757087
71d9d45b,0.0009047269
5f918789,0.0010607333
1e108946,0.0029401053
1d5a0597,0.0006680316
dffcc1a9,0.0007458736
4a269e36,0.0006392322
9f286493,0.00087398913
1d4cd924,0.0009225712
236bd5b8,0.0013912116
40871b2e,0.0007742926
5350b0b7,0.0010683383
47c47d57,0.00064168265
146f0c48,0.0018565182
1cca33c0,0.0011593649
b789127a,0.0017134005
36a55d26,0.000635524
da81a902,0.00096467993
a464644c,0.0006660063
f80c4813,0.0013722942
e1da5552,0.0011159026
b13559f2,0.0007996723
0ad85f85,0.00089611113
2bab52bb,0.0015242972
c39dcd92,0.0007370285
cc1b6a69,0.00064386445
203ad523,0.00085507974
2056bfcb,0.0010113241
3130b6c4,0.0013388487
d15db5ff,0.001027223
a15e3787,0.0007234429
d1806287,0.00068316696
d3da9479,0.0007469438
21f72061,0.00084502436
1dc5c190,0.0008672808
4ab9c4b1,0.00065336865
cd96582b,0.00092818675
efd13af6,0.0009936236
c486bc28,0.0009394322
52d0c884,0.00067574915
e8e0f948,0.0010263807
35eaea15,0.001143333
ec754b9d,0.00091727806
5326e651,0.0009813602
cda2185d,0.00076871476
d8c8ab32,0.00090259756
8feac93a,0.00075262913
05798658,0.00095999474
f89c5e58,0.0010714388
a3d83793,0.0009240844
db45463d,0.0010284485
5b12b26b,0.0008053458
120fc425,0.002710076
40f9f038,0.0006439025
afc6d093,0.0014708387
996144bf,0.0008714873
103b9cd0,0.0008139671
d7f52f07,0.00051270437
4343266e,0.0008610065
c22d24b4,0.0006322694
2afdef89,0.0012196725
e9a34583,0.0010657087
d9dacc30,0.0011947311
8e8bee58,0.0006370012
7ffe67c6,0.0011841446
87ed226b,0.0007635789
4088ab42,0.0013980318
2ad20c03,0.0007558996
3c79d8fd,0.0055784252
bf8d335b,0.0008592854
195bdf42,0.002373953
232aa5e2,0.0007458882
2af6c506,0.0024582597
3573b346,0.000691031
8190a596,0.0010009678
c5d93b9c,0.0012441825
8bd9e08e,0.0010450707
ed58452a,0.0025165621
0ba5ef24,0.0008865791
6ba76fcb,0.0011560087
88e6062d,0.001086825
1c6f5090,0.00078314205
d78ab102,0.0026303602
8cd73879,0.0022211876
a33d849d,0.0007911259
3e7cb3b3,0.0008863056
5cfe7466,0.0019416339
9196fc30,0.0033669085
beec1f12,0.004126298
e2cab352,0.00097559625
578a5a6a,0.001123436
89673f63,0.0009103882
eb775676,0.0007890696
5f59b6a2,0.001224817
b990d272,0.00058354985
310c41b9,0.0027927626
79ce1679,0.0011365988
360590be,0.00061140495
a8dd9aab,0.0023148616
63d57a31,0.0015092776
0ff8f4ee,0.0019753934
da6633d5,0.0018934673
a0730d55,0.0015376974
5c240775,0.0011482264
4d1c0763,0.00083555863
bca6a104,0.0008170214
e1026805,0.00080296036
199759fe,0.00071001
c90d8017,0.0011010047
b7f9078a,0.00074769947
6a044da1,0.0008264333
43c25749,0.0007286682
2a63aa41,0.0010694818
b37d1a1c,0.00066779257
5a678620,0.0007651701
6b88f304,0.0009771632
d16121cb,0.00080686173
5d25cd3d,0.001308941
35594ac6,0.00070730323
937203e9,0.00059221813
621c810a,0.0007730316
a8a7c1be,0.0018915379
49ba5677,0.0012995215
fd1fbd68,0.0015804704
3dfd5914,0.0025437328
6dd7a91b,0.0006455625
d090512f,0.00090418826
f6b74467,0.0010592792
21e21c60,0.0012886911
65b5fc00,0.0011387641
dcba6472,0.004204747
490cae53,0.0009638857
cccf3376,0.0007132894
4728e45e,0.0010464087
5cd05bc9,0.0034255725
32bc1b89,0.00078897795
57336878,0.0010757477
b768055b,0.00055016496
b8af2425,0.0015733893
ac71b5bd,0.00095967366
d5b1bd1d,0.0012051695
7913b5e2,0.00060209556
1387ae9d,0.0008230002
6000c101,0.00062934274
414a6b6c,0.0008281273
a96b0442,0.002126018
6055c70b,0.00063041557
e14b9bb7,0.0010126164
d131a105,0.0008057242
ac505cb2,0.00084476155
2e3b3eea,0.00074815063
e8944581,0.000682193
84003ba6,0.0007786608
0fc4f62d,0.0013956712
c585e42e,0.0010379732
9b8104c3,0.00063745846
e0f07a46,0.0019314407
c375fe84,0.0010332908
7d933cc2,0.00072581525
f916d70e,0.0008046002
8072a6b0,0.00061851885
713c22e9,0.0007825464
2840027f,0.002029448
80b59673,0.00071172667
423d6853,0.0008020981
5827b13f,0.0006971994
7c860114,0.0016631759
33e6c7e1,0.000612184
82e75615,0.0021709525
7d3ea2d5,0.0008710723
329df457,0.0008886936
5b6231fb,0.0008426945
8c02d3d6,0.00064594345
6e1a3fe5,0.0005717378
6791c047,0.002091337
b6e0303a,0.0006173765
bc0f1f2b,0.00066982553
7df22801,0.6334767
a9361eb1,0.00077880034
ad10fec2,0.00070165034
6a27adb0,0.0011987796
d2868ed8,0.0014374296
56b7d211,0.0051252893
96d31caf,0.0016438281
25e192b7,0.0017887027
ad6075b4,0.0010487849
62b2654f,0.0004710264
6b7ad45b,0.00067594467
45a5ef09,0.001115899
ee1724d0,0.0005667379
07c52bfd,0.00077940617
a00d61d4,0.0007383473
5d8cc719,0.0021569405
5bb646a7,0.001105446
69b7dfd9,0.0007772371
7c57c619,0.00071087934
df0c8637,0.0009845771
aa2039df,0.00055915746
7d09a311,0.0012489252
7f428064,0.001019888
6b8a8af2,0.0010794855
03e73fda,0.00073215546
bf33f1e5,0.0007183015
b4c5d511,0.0006874094
e3a8ceb7,0.0006200951
115c2c48,0.0009039307
729f50b1,0.0007838238
ae4af6c2,0.00073839095
73951aa5,0.004919884
c0c2ece2,0.0026036683
a67055ea,0.001120634
8bd74df9,0.0023830677
ec2e1efb,0.0007500709
41b78925,0.0006389396
21d9ce6d,0.0011923811
7482545c,0.0006798889
e593f554,0.00066434726
a2961e7c,0.0023932925
65f916b1,0.0009183485
f06d9495,0.0009315654
8f095ce9,0.08169834
7309c9b5,0.00066009536
34c086cb,0.0014438165
68dd8bae,0.0026204886
b61a3b61,0.0005203201
c90e4df5,0.0015814262
84179073,0.0022842349
233a3a1a,0.0006952623
614538d5,0.0009288618
e8be6c12,0.0018715995
ffceb1f5,0.0015163926
0a142eb8,0.0009680571
4230ee4b,0.00096071576
b2d91509,0.007976463
4725784c,0.00055213756
e1875a59,0.00059298653
c9649f14,0.0011896902
63cf8886,0.000660264
c033418a,0.00061852386
54d5753e,0.0012919442
e38ff52c,0.0010837297
07fbd89c,0.00097179966
4248df45,0.005875323
07188275,0.0007255704
c0eb69d2,0.0011559338
1c120080,0.001422611
81d209c8,0.00061035174
7ba50ea2,0.0012804643
33d62702,0.0011005464
9db3f1d5,0.0006498434
88e92c82,0.0017194794
71159c12,0.0038095724
090fb779,0.0017935989
b77fa97c,0.1844242
b2ae1256,0.0005685252
fd860c39,0.00090070063
0b193b2c,0.0016896768
b010c797,0.0006453244
f276fb3f,0.0008737218
ea207d03,0.0010223454
36afcf39,0.0014761623
c08f46f9,0.0006019071
9575d56d,0.0008935521
ebc36338,0.0014132129
d01e941c,0.0013199345
1b45c2ad,0.0014988326
758e90b4,0.001031142
24af6a54,0.001256542
6cd47562,0.0008374738
e98d2e52,0.005647301
96095cd1,0.0015473164
3058a5c4,0.0010954646
939f30d3,0.0006247754
8d80107a,0.001859092
d9bc6458,0.00070496707
a6b0e81c,0.001689507
732d76f6,0.00073668576
1f29ff0b,0.0012634721
4d1eaddc,0.0040873457
62d9e137,0.00064612756
f8674a0f,0.0008297007
cc2f9b21,0.00073744473
e076b7bb,0.00083521917
395f2811,0.00084935245
342d7f83,0.0010963859
31e5559e,0.002026274
4011eba9,0.00092566444
ce84efe0,0.0007806977
77fa35e4,0.0010128156
27ff5faf,0.0009768942
4401b475,0.00066452834
f86c5c77,0.0007884188
96355abb,0.0009577204
6d055c12,0.00072504586
6b5d6ef5,0.0014337227
ff65613d,0.00060612045
63bcd43e,0.0009172055
3e57ce99,0.0010578664
4ae6df68,0.0008285649
f3cd4260,0.0010029571
17ede621,0.0006325268
ee915e61,0.0032661015
e0ce9be5,0.0109238885
212a1c03,0.0005735445
89272596,0.0015722765
85611c03,0.0011867271
e6c6edb0,0.002447614
c16d1b45,0.00091254985
918e8545,0.006605276
78cb57ed,0.0014845782
8b576ef9,0.0015517665
b87e6be8,0.0012989709
7f537770,0.0006445137
2222da04,0.0011452264
46b65a66,0.0005082951
f85e977b,0.00069173856
c420fd97,0.0011204872
eef8e0d2,0.0009699876
291247d5,0.0007239676
d74d0e54,0.0006672642
9934854a,0.0007834556
eedc514f,0.0013127102
1c55f409,0.0006503069
febb312c,0.0008822621
1463ebda,0.004344863
548e83f4,0.0024410528
55b7814d,0.00072571286
3e3a9c69,0.003075282
c5a61121,0.0012014111
6b06c6a2,0.0008967513
f01b0407,0.0007569682
e57f5304,0.0014435153
89f78e8e,0.0007120859
78ecc6f0,0.003757323
087f5f06,0.0022230567
e68f6255,0.00069140445
37384e7a,0.0007420364
13b04422,0.000745534
afa4a1a7,0.00084888
e858d2b2,0.0009285087
214c829b,0.0016399706
2ffe3782,0.0005803065
1be7114f,0.0008776167
4eb1a4d7,0.0010134276
a49f9b4c,0.0012787483
9f7ed18d,0.0011111298
7d2fc717,0.0007016684
dfe25b4b,0.00078239763
92ec0cb1,0.00087157614
5019c304,0.0009164835
c9e47316,0.00074624305
f03c41fe,0.00062424655
1cd79cb1,0.0015062598
14ee7658,0.00086742325
42266a09,0.0006044815
db99f545,0.0016134906
6511b2e4,0.0006786605
50ca9122,0.004842164
fd62c2eb,0.0005040781
dcc98ede,0.0007160389
e29dc1ac,0.0012933636
1cc32049,0.00068169
1d2db75a,0.0009416156
c841b043,0.00082188495
956dc626,0.0008965458
d32463fb,0.0013890829
5ac191c4,0.0007617489
f1fa26cc,0.00073207135
8ced5c1b,0.0018755114
ceae0dff,0.000690737
9460a950,0.00076439214
8d3c8478,0.000604508
55d41439,0.000848601
519ffd31,0.0005268825
336aa517,0.0008236164
082841cd,0.0022004303
b7c81a0a,0.0008822671
49727937,0.0007460624
148a0af9,0.0013450878
3e4d735f,0.000644808
d726d06b,0.0013318723
438bfd80,0.0009821001
b497b82e,0.0012964582
f6666893,0.0033184811
88b3418c,0.0007385007
d306410e,0.0006257879
f1a15fd0,0.0005801138
4008d743,0.001181053
47fd5ee2,0.0054817125
0eb196c1,0.0020815826
751f038e,0.00096533727
8697cb01,0.00085607194
23d5b16d,0.001517289
2ba75831,0.0013201747
7923401d,0.00081109925
38df883e,0.00073809153
cf72ba3b,0.0014199561
8f830a74,0.0010441188
821cad5e,0.00220742
8121c114,0.00052529236
03ea9cbd,0.00080652547
99aa4740,0.0006573228
a46e1a14,0.0009846039
246e6777,0.00055509777
d8e8b0ec,0.001555967
cbbdfb13,0.0016129429
22f7b3d6,0.0005548053
c895a1c0,0.0042508813
fe6834f4,0.0008660289
f4d4770c,0.0007818987
7e5720f2,0.0015513499
1f3cc858,0.0013173341
72346226,0.0024929482
f4d2d162,0.000853556
f9d32ccd,0.0018066973
e3517110,0.0056050033
2a278ca4,0.00094516866
ce443a8a,0.0007142982
983df878,0.0008041188
852c81ce,0.00071867945
4e1db6b8,0.0009414165
a519b661,0.000670867
3baafa42,0.00214188
16018dcb,0.0011059168
b4b17917,0.002006245
b5c97bea,0.0008020324
3c6e3b11,0.00085042225
f78c9719,0.000890822
1e3a5675,0.0013635565
f3102d3e,0.0005637637
a1295879,0.0035023484
cafe4194,0.00080715085
2d167208,0.0015698897
4f179b77,0.0006400177
dbb0b98c,0.0007253565
660eeb2e,0.023193575
55e6309b,0.0011096558
2262ca01,0.0010408781
ff00c4f9,0.0008329366
f58c0b92,0.0017831255
34f44d0c,0.0009000804
bfb11763,0.00077902974
ab9f0f34,0.0023381237
b5e34eb1,0.0055835987
f76c6b61,0.0010314721
8d4b5494,0.0008269744
4faa7bbf,0.00058676343
c7567f70,0.0013838527
bdc34948,0.00074780843
50802374,0.00085465296
2cab217a,0.0014318737
0a94a787,0.0008060168
b9162984,0.0005490656
780055ca,0.0015812967
7eb69907,0.0011680963
9973ddcb,0.0022113055
aad27cda,0.0023452914
ae66d729,0.0016000347
afaf53b2,0.00078796997
38308c5b,0.0010619457
ceba0594,0.0007671388
0287b85e,0.00077948417
e6529ddc,0.00067448197
b3977fae,0.0008118257
3ffd2353,0.0009545211
02bbfcb5,0.0035314888
bc0481ca,0.00076460774
e688d7e1,0.0008393647
07677915,0.0005703837
ce91d340,0.0009872486
2017fa49,0.0031792223
4a0306f6,0.0015464004
a05e33a1,0.00088064186
d58003e6,0.0024512212
d89834f0,0.0077552944
d0adff17,0.0072412053
aced66b5,0.0027590955
a0864bca,0.001411908
2e2ba8a0,0.0010234143
9d2e7236,0.0014217212
bb5e306a,0.00066680816
d2691f75,0.000672332
dae0a373,0.0012274238
7d04d80d,0.0010511881
456cc24b,0.0012231283
17141899,0.0007166223
924ce18b,0.0007291548
cbf61805,0.0007896421
f279372c,0.00094163715
d59fa522,0.0007120761
7d1087ae,0.00062604353
5ca2740d,0.0010484483
6dd9e62a,0.0011715541
29778a6d,0.0007100506
1947b523,0.00076954335
583b3103,0.0006688515
e7954665,0.00072265696
2b69f580,0.0007027006
5563f188,0.0009969486
b1282801,0.0012927313
2ffcbe68,0.0008405561
3b392396,0.0011656415
4d49d81a,0.0011574114
64b32d08,0.0009773923
fe53eb29,0.000986113
5b09481d,0.0006473918
49aed0c0,0.0016355647
71f8005b,0.052659977
0c7500f0,0.0008459827
4846433f,0.004639967
9ad935c8,0.0009883144
33581cb9,0.00088929245
55817168,0.0007943999
15732041,0.0006676545
e056d95a,0.0012758548
ebe42884,0.0009559959
a1b5c5f4,0.0011688065
51423428,0.00059233524
58ece760,0.013070429
89673d2b,0.0018143567
e6de2201,0.0007129812
1137ff51,0.00055505417
294a3d43,0.0008589997
6ca564e0,0.0016854897
b91f7133,0.000679306
15bfbf61,0.0038298466
5f3cacc1,0.0007669115
91339174,0.0035893042
d2600277,0.0067598317
4f1a198d,0.0016653966
9be954c1,0.0017746945
87b18604,0.00085336115
bfbf1a53,0.00096571725
c85128fa,0.00083152106
097a65c6,0.0010570529
0e4643f9,0.0009895227
15f1d448,0.0006114848
fca91485,0.00095632987
7a836a22,0.0008511936
90877bc3,0.00086023274
cfab5830,0.0012429944
5e1d8b0f,0.001297864
b5349ad4,0.0011397256
8949ab21,0.0007981152
d5620bf5,0.004492746
e09dbacf,0.0011770547
7c48cc0e,0.0010912733
08303751,0.00093937584
7c34b42e,0.0018976515
c929a030,0.17842537
661cad0b,0.0009046014
39f0323d,0.00083150243
595133a3,0.0010686427
9329df58,0.0009320115
9eb90f7f,0.0009899607
f4f7dde8,0.0005848823
aebf235f,0.0007251539
9eee9ef2,0.00087513955
0bca990d,0.0015497243
e51e2bda,0.0011247209
f4f9a460,0.0008411975
9ebce667,0.00078154664
692f6623,0.0008414905
bdc95849,0.002332567
c3409a0a,0.0015182955
a8928a60,0.0007242682
c4f7f13b,0.0012358757
2a19c5b2,0.0007100621
b1f90205,0.00067649083
1cca93ea,0.00062883407
46895594,0.00055635214
ff8781a3,0.0010413101
b019d3fd,0.00091738557
4a373fba,0.00224597
aaf5733c,0.0011385179
f2f86b22,0.0008747169
117bdc8b,0.0019387954
07b26bdf,0.0008881887
f163dad9,0.0006535548
2fa0c76f,0.0010355376
6a15c0a1,0.0006391439
d3ba841a,0.0037086231
76205370,0.00080779754
8326ca31,0.0007397337
587c25ae,0.0075022755
2c4f9768,0.0006339258
d2c2774e,0.0008186057
8f1bd3eb,0.0016019662
2339f2fa,0.00056463276
35e6f14c,0.0008673072
2845edc6,0.00063902757
fa90d27d,0.0007191563
8f7264f3,0.00088048086
de7849d7,0.00079523266
9c6f3624,0.00087401655
9a875847,0.00077403785
393c07db,0.00081059587
ae620e66,0.00079005904
3b6dc5c6,0.0010374424
bff141e2,0.009778537
3672768b,0.0010019572
3265c882,0.00080001843
534ba378,0.00063695776
4aad53db,0.0020007
049862eb,0.001201968
81280575,0.001235765
73aa3c19,0.00064970506
b8859643,0.00081186206
c2253c8b,0.00082820066
d48b9dfa,0.0006460124
2d34a0e4,0.001118705
0f7bacf8,0.001324719
aa1bffe5,0.0014664948
18835570,0.0013661882
6c8ba26b,0.0005115906
3df688cc,0.0011281891
38523539,0.00070453284
9c335573,0.000708008
969128d8,0.0017884789
4bc53d90,0.00095470075
f53ece13,0.0006967311
e7384cc6,0.00947281
2a683456,0.00079304905
7a34a987,0.00066503836
f8a50123,0.0007477529
e29905f3,0.0012012887
2a40b9b5,0.0009889492
ea28504b,0.0009515986
c0394762,0.0006542313
6e8f97dd,0.00078935473
058bb630,0.0007591719
6f856ec3,0.000908965
58e6e4fe,0.0010515322
bf909e84,0.0008845271
0f87e7ee,0.0010751699
04cf33ae,0.0008296912
02487df4,0.0012382495
da2402af,0.0016961802
63b5be44,0.0014068251
27309220,0.0012212144
c81a29eb,0.001725469
a083f032,0.00051611976
4e92f071,0.00076218206
5316836b,0.0009505284
b8106c21,0.00065481395
5f251953,0.0023336546
c685ef9d,0.005283629
b2dd79f2,0.0005871757
52c2c200,0.0007806631
8141e06b,0.0008132069
1934a0c7,0.0006690444
2094e1e6,0.0005947897
26840f69,0.00085544324
9ad41a55,0.0008365151
4d8f8653,0.0009910605
fb7f7691,0.0008418968
a5c8e309,0.0005975159
a95686f1,0.0008027722
d98de576,0.0014659655
9e535b6a,0.0009720123
aca592ac,0.000858177
c4f47415,0.0013342034
1aa388f2,0.0005967723
be4accbf,0.002634795
f05ea92f,0.0028446405
343bbfd6,0.0006408347
ec7fca13,0.0024243905
2ea1b762,0.0009375414
68870f38,0.00079547975
0b2bd6ab,0.001938028
35c03dcb,0.000687137
ef6b1f1b,0.00077434804
9474c318,0.0008352574
a06ea7db,0.0017150375
bd06aae2,0.0006951702
6aa7291e,0.0024391972
edef1653,0.0018308862
13fb50ed,0.0006501033
20f6c6bb,0.0007537834
1fe69a21,0.0010910435
afcc3e86,0.000678699
019cbd36,0.0006408982
075a0f11,0.004390137
6c432498,0.00066100946
868e1970,0.00086622493
9f678741,0.00075205276
6d7f139f,0.00080506917
3838a399,0.0006293782
6571d8c9,0.0014239488
81178a2e,0.0008506318
1902ffbb,0.0009983649
2670fb35,0.0013293935
8b90f166,0.0007033642
b441424a,0.0008020695
bd795483,0.0006096047
34ff8eb1,0.0008403663
3ec6a076,0.00129692
cb2cacc0,0.002490156
cc8bdb16,0.0011196731
41af08e1,0.00071135577
090a9c52,0.0012441664
30e56455,0.0008717141
e4dc328e,0.0007884612
3954c8d4,0.00062482926
6b169bf7,0.0034617847
328f45ff,0.000949128
6d0282d2,0.0015188291
19db2a52,0.0014408606
2d282837,0.00086305174
dbe6b1e5,0.0038226927
d87017ac,0.0013903772
bee587b6,0.00088658766
7d8eaf4e,0.0016596707
bf0f476b,0.00094017055
8baac585,0.00075765495
f25ca02c,0.000704108
31615f9c,0.0008518513
6d259682,0.0010566254
20e45131,0.024062207
52ee5afc,0.0014018593
9fb52f2f,0.0010003814
57c26c4e,0.0011052638
4cfe56f3,0.0005884627
2a31b969,0.0014728381
e016e032,0.0006872713
7ca92226,0.0023191476
e3d382cc,0.0006334804
7208fb5f,0.0029014288
6d348620,0.0011948426
f40366d9,0.0010691758
7b514cde,0.0015919624
105e8cce,0.00089876534
2656752f,0.00057512894
8b1c0f81,0.00094820565
b1157972,0.0004715161
846a4e22,0.0009731997
32be14c9,0.0007895367
19e58e95,0.001250594
3d388432,0.000998052
a2170c4e,0.0052991644
3b12e549,0.0011239536
417198dd,0.0011556256
816c8459,0.00060135
a895782e,0.0012624153
b5165f04,0.00077402743
d507b1c0,0.0018055805
9ddf9b94,0.0011558838
c2071a1f,0.0005338638
123ce698,0.0006822756
61030292,0.0012099573
85673b68,0.0007958634
14d05a17,0.0019474641
7b9a721d,0.0007681052
b38825a5,0.0012664505
b16e5ea9,0.0010188833
e8e9194f,0.0019008134
bce40c6f,0.000979487
d23004da,0.00097033696
141fd23a,0.00080715277
45c4bdd7,0.0008462197
46fd1ed0,0.0008541218
00c91b9a,0.0028149998
35ba3faf,0.0009249221
b92371b1,0.0007646217
198a225d,0.0008510043
f8e0a996,0.00071798527
6234e702,0.0007237042
eb46e8c3,0.0008308249
6299aaa9,0.00061810954
ea913125,0.000844
3a073180,0.0017337607
72746400,0.00087708875
d9542710,0.0010406178
5726c678,0.0010089768
0c853031,0.0005502297
5e918fe1,0.0009189138
81d7e8f1,0.00056542497
c6e1c81b,0.0009155099
d0ea6aaf,0.0006238403
04e1ab3b,0.001020288
793b74a3,0.00093957584
15008169,0.00048257687
edaece1e,0.0015199229
6a2f11d3,0.0009452992
5db85a61,0.00097100093
89422690,0.00082578225
1b0ac733,0.00062377966
99eed317,0.0010028329
5102d3f6,0.0012995932
e5632867,0.0006763683
7ae25db7,0.0006337772
cae53724,0.00061601645
613cdeba,0.0009195524
0b9f5302,0.0011075031
7f9376db,0.0037284244
2cf30ace,0.0022368927
484296da,0.0007447007
f2aa277e,0.0035631508
980462a2,0.0006840837
89457645,0.000773445
6149a458,0.0013974075
f1c58887,0.0011327098
51018ab5,0.0005670397
ff9a286a,0.0014820003
5f105d92,0.00074253185
ec1dc17c,0.00100739
ff9e9fd2,0.00069059816
d710bed9,0.000698974
ddfa9e2a,0.008928127
daf861b2,0.0007629258
0a592281,0.00075972266
43d22f10,0.0009130142
02fb12fa,0.00069526024
22c58ad2,0.0014430495
7d427c9b,0.000712686
bb5722e4,0.0013499298
00a105ab,0.0011027897
fbccbe61,0.0011541129
79bcec8c,0.001125735
0fffedec,0.0010002971
2b98f512,0.00085929595
9b21536e,0.0012088997
893a6570,0.00060491054
96d6bfab,0.0006928685
c7e364ff,0.0011145481
127d70d7,0.0019909153
cc66597b,0.0007064921
3dd174f9,0.0007448026
a58373fe,0.0009860834
1e16ba1c,0.00071264635
da981795,0.00072202715
090fb576,0.00066842645
3adbb758,0.00068843615
bc6e36c4,0.0018505845
e35101b9,0.0011427646
d27149fd,0.022581717
29802132,0.0009590869
17b652d8,0.0007904397
b6546ba0,0.0006528097
3fe1073d,0.0007990542
09cff9d1,0.0013199685
6f6045f3,0.0006750955
47be3cd1,0.00076093414
e2f1966d,0.005746069
9e87c821,0.00096212456
d361fa45,0.0073400987
12986325,0.0020361023
cc7d6893,0.0010431629
b0fd736a,0.0007150157
d0f14333,0.0007754797
9a5667b6,0.0006465612
dd80ef64,0.000755117
775ed5d8,0.0008342671
d5018adf,0.0006959384
64e734fb,0.0010869286
1dde3eb4,0.00065338635
7730e13b,0.00087061257
af03afde,0.0037019625
91851d2f,0.00093061477
9ef1dd3c,0.0009129012
c6f4c7a9,0.00088337576
6c75a970,0.0007728438
8fb071d0,0.0020860317
915a6fbc,0.0010939237
35aa4b22,0.024947276
9bc52b01,0.000643474
3b4fcc1e,0.0024377343
27864504,0.0007274713
3fe37976,0.0006433084
7aa625ed,0.00065688224
89d9b692,0.006199726
5d79566d,0.0036640777
80ebd4e0,0.0011942806
49ffe74e,0.0007344553
c7894388,0.00071741623
356b9d1d,0.0021196583
c5b09aac,0.0011535381
675a93a3,0.00073408615
7522e2f3,0.0013066019
da5fe49e,0.002548207
616811d8,0.0011854244
c190a76b,0.0007817303
0e907493,0.00085351605
feef3b4f,0.0008033985
342b7ae0,0.00071716605
954b4ec3,0.0009362543
ebd0fe89,0.0020556892
05bdac3e,0.0011644718
a736b00e,0.0011065239
a57503e1,0.0007620245
4b7173b1,0.0007578369
cd17a291,0.0009817479
91e7d10e,0.0008295639
f7374f26,0.0021050991
d9265777,0.00086752296
0e6f3c90,0.0020197174
d1383864,0.0010243347
a11f8f87,0.0019100887
d07028a8,0.001451563
31330bdd,0.00070912956
da50b158,0.0009944026
3cd85656,0.0006836766
a1c38dbb,0.0014153968
a0bdd654,0.00068503944
b28ececa,0.0006783886
66bc2cb5,0.0022805994
eac94932,0.00074050494
416028fb,0.0011093492
8a39ba7f,0.0022304007
82a8931a,0.0010509084
fc0e70e5,0.0007487116
6b743908,0.0005106525
fda46570,0.00070084067
c00efecc,0.00078157533
393fc19b,0.0016996185
fef20822,0.00064718083
afde89e6,0.000947152
a8e37ac4,0.0006489915
de8be753,0.0012626793
afbf29cb,0.0012596474
1dc20067,0.00068266323
2224eb04,0.0014221607
0112f833,0.0009477621
b5b76169,0.0010891727
9a4c1813,0.0012021787
ecd73ff9,0.03256977
10d3627d,0.00072815374
b69fa642,0.0010485812
ddb83f3f,0.0007214882
0b3db08e,0.0011043808
f574894a,0.00061142363
49a73032,0.0020189092
9c87d4b4,0.0009686633
4828bdaa,0.0013542617
74d30ce6,0.0014720683
fad3c69a,0.0028212308
d2acef11,0.0007713318
deeef99f,0.0011144944
412d3c4c,0.0006108583
5aa23499,0.6960285
15b35328,0.0006526949
37b99f6f,0.001396034
f14e9718,0.0016174805
1e93fe0d,0.0012725785
66785aec,0.000809182
0520e281,0.0027149648
1e4bae0b,0.0011677135
4ac49e8a,0.0011717041
4d2d757d,0.00084521645
f74df3a2,0.00066759886
bf714cfb,0.0005386244
548ccf67,0.003023218
bf5865df,0.0010161133
f02ec770,0.0009072155
4c2dec33,0.0009340089
115ca1fa,0.0013704331
b1473f1e,0.0005165984
8b1b69ba,0.0009166901
3a906f45,0.0010605332
4a0bb7e1,0.0010892178
22426e7f,0.0025164306
851ad672,0.00081892486
1f687244,0.00057560793
0a2197bd,0.0010785414
461e3855,0.000921004
9139554e,0.0014001897
6a821cf3,0.00068564294
330e5ba1,0.00071467
6a588d80,0.0010248028
dee8a85e,0.0011023281
53647e30,0.00315327
9b25ef64,0.0031312914
cc092158,0.0008254876
fa1c39db,0.0013355197
29b4b3da,0.001085555
f518a133,0.00082950824
8820624e,0.0013779321
a10d776a,0.0018141476
981533fa,0.04203809
7095e14d,0.0009373874
98ec78fe,0.001184007
08511130,0.0011514198
82387a78,0.0010989886
04dffa72,0.002471646
5598665f,0.0015906685
b4ff0d51,0.126741
cfe25f4c,0.014797394
19c16075,0.0006587326
0732fd59,0.0013495557
a04082dc,0.00073925767
4a0568d8,0.00089564675
2d820f63,0.0007091498
b74c24fb,0.0006174778
f618f055,0.0014491514
d2d3247d,0.00063719123
f7e3c7a5,0.0011327874
3365d09a,0.00088039984
81b5eb8b,0.00061572355
4a12e999,0.00086570426
a5d2d689,0.001107001
c8766e18,0.0007881093
037d1295,0.0013250477
2cd183d2,0.0006650745
b655db2b,0.00087923044
4c0f265c,0.0009904734
cc97c1e3,0.0009801198
dd5ececc,0.0009097838
9d91622a,0.00078665966
4bba879f,0.0011617474
7a1572d0,0.0012206197
3ad5d1e3,0.0009905107
cb486664,0.0020387094
c8408171,0.00081328483
9b238015,0.00087763637
760e547c,0.0009500522
b79bb7e8,0.00082423195
46a6efe7,0.0011174771
76edefe3,0.0007503862
f6fe1d29,0.00065467635
268e6f64,0.002421052
99f2086b,0.0025832988
86781407,0.0009052529
b4abd7a4,0.0014846518
66b2885f,0.0010884425
24ec5ae5,0.00055279915
4019bdce,0.0012538048
af3602a8,0.00069779134
2eb3cf51,0.0011593617
45dcc84c,0.0023854452
a6c46bea,0.0015638957
21575de4,0.0010520036
5bf7464e,0.0021660023
a3d024a3,0.0010752124
7b64b622,0.0019791704
5ba39f4e,0.0017563441
640eafaa,0.00073952466
e0623822,0.0008917905
90ee1194,0.0010262682
cc22c9ba,0.0017317828
40d6f7fe,0.0038155396
8497b2f7,0.003794899
4eae57f5,0.00081058656
7226852d,0.0010088105
0ffc0e52,0.0009636814
63103502,0.00083782413
56b7f7bc,0.00063784077
340214ac,0.039026435
5f49f9d5,0.001023801
f2965e10,0.00093185564
46a4fb33,0.0014503718
1c5b892a,0.0011043162
54086724,0.0022619704
5025634a,0.0018728587
62c9ab6c,0.0010321185
88310da0,0.0013652171
99c199c6,0.0018371223
f736fdfd,0.0007295527
8c990e33,0.0007019483
bca70a05,0.0009774021
bafd94b7,0.0008042223
4c877aba,0.0016623782
509f0af5,0.0012343627
910a66fc,0.0010585075
79ccce8d,0.0009692513
635526c0,0.0013317848
f10dcd85,0.00057949236
182690af,0.0006469887
7d6367f1,0.0046223802
808eec20,0.0012253696
e979fcd3,0.00092351844
f31751d9,0.0014145983
89ac44c2,0.0013878457
9c57d965,0.00083956035
e0d9e6ee,0.0016209239
0ebb1bb9,0.0010073157
cb0da666,0.0016408
e5b3cb71,0.0020925086
e70c94b8,0.0009414941
f78c519e,0.0011974867
bc700a2b,0.00065612956
f662605c,0.00081828516
ee080c02,0.008313538
54722480,0.002296549
30a75f68,0.00095827034
92bf7cbc,0.000965329
f5530308,0.00088961876
1b59c094,0.00068293785
26cf4cec,0.0005278533
b44cac70,0.0022716562
724ec2bf,0.00071902195
b0b08461,0.0010586961
35f9265e,0.0025374903
b0180331,0.000990023
7a55679d,0.0009524372
8421757b,0.00084603066
d42dc00c,0.00059716887
24a58f61,0.018217774
71c5f066,0.001321296
dcc47f15,0.0012223196
16df7cb9,0.0007011363
ebd210d9,0.0012703551
b42ee41c,0.0026059304
ec74e84b,0.0018557919
f5a3e6e9,0.00057435845
c1814896,0.0007319371
9873eea6,0.00080067007
f3db1a2c,0.000597871
283e5fa6,0.0010451085
b91dfda1,0.0006802123
92bbdbb8,0.0007921352
81286064,0.007144507
e2954492,0.0009939782
aa8f77fa,0.0018782305
627ae7f7,0.0005471319
9aeb2355,0.00080907485
ecaef122,0.0016207496
b4681d44,0.0013694592
337a307b,0.00114494
0cd9dca9,0.00081195333
c22ef2fc,0.013154309
4809bd13,0.0019078992
01e33346,0.0016404549
9e4e666b,0.0011197696
15679f3c,0.00080069224
cde3ac73,0.0015839263
220d9131,0.000818077
c2b9034c,0.00325575
2eb35ac8,0.0011131591
00b33163,0.0006824388
7a05ffa7,0.0007492954
c46e1eaf,0.0010297126
9323c52e,0.0008506342
41c472bf,0.0010276115
b4cbff02,0.0008170712
a168fecc,0.00091378967
0e23cd93,0.0010472204
72605dc1,0.0011354614
bd3fbfef,0.013912005
9c74d915,0.0011579043
4c5194d3,0.0008487675
2d2633b8,0.0006532955
4cc3fe77,0.0009565732
67b2d10b,0.0045328834
5cfded17,0.0009811419
14181ca2,0.0018739535
bcac5dac,0.026455248
685f1d05,0.0009153124
9eaa2ccb,0.00083867717
3a06d16d,0.00074894127
cac832a2,0.001290139
4df8e5fb,0.0012081589
39bc3a83,0.0008761174
b9e99e76,0.0016179804
eb2bc24e,0.00058916665
b04025ba,0.0006447856
020661c3,0.0014202076
847f2952,0.0012606833
d522d84d,0.002280554
460be3ff,0.00137516
bcd304aa,0.00079219777
1c583bc2,0.0014880742
25a4b7ba,0.0007185414
132154fa,0.0016206091
71c25adc,0.002023213
b7e05cbd,0.012771386
3bc336cd,0.0012086326
b5c681cd,0.0011663028
f83a5b4c,0.0013235076
6ba1592c,0.0012699364
461c2e53,0.0013778297
76765ec6,0.0006071167
446fe6a1,0.00073802966
56950910,0.0007442899
ddb6f8b4,0.0022760665
a484b20f,0.00057278073
d5825bb2,0.0006793248
526664c4,0.00067246624
c84e5f1f,0.00079969177
6713bd5e,0.0023142265
54a87323,0.00072244246
96a357d9,0.0010159787
26fff265,0.0018901655
573b86d5,0.00086300983
e4a6444b,0.0007563752
be47a5c0,0.0009312237
99c99c6e,0.006856748
afe50985,0.0018369684
9584e611,0.01927747
1f461800,0.017514143
9d08c5b3,0.0006521608
84659295,0.001335039
7e113bba,0.0075475764
2025fd5b,0.00077923905
9573a908,0.0014413298
76f9ed93,0.005354639
5fb75d2e,0.0019023934
616fc5d1,0.0025135812
95359cc1,0.000865618
2de66fe9,0.0020488699
d676bfe5,0.0019575348
f0ed1718,0.0016585271
9b353194,0.026728956
9fe0cf2f,0.0021914323
29bdd805,0.0013720858
a430fc18,0.00083679333
96c0b1c6,0.002450946
acd85763,0.0029701742
bef48f51,0.00087531965
2b9fe04c,0.0040770713
94105c0e,0.0017329182
feaef6c8,0.000913002
815819bc,0.0015967672
a7553b9c,0.0018213824
07a75ba5,0.00079083117
9f633703,0.0010256857
759ec082,0.0009047355
826fb89a,0.0013018765
837efb01,0.00094212976
267b193c,0.001063828
073b57bd,0.0007076046
c939be12,0.0021037292
900af991,0.0069525936
ec1616ba,0.82983947
2346d987,0.0015542079
711b44bc,0.003003906
48b56a77,0.00070817734
919bb2e6,0.0011857913
c0e7e39a,0.0011035217
dd19538d,0.0027640015
570d6104,0.00068285124
eee8021d,0.009718669
9a4e0d29,0.00092966395
95ccf450,0.0037520113
a6d4bcd6,0.0009649419
74395426,0.002406786
ede08595,0.0030406641
0594ea30,0.0011797245
bc751cbe,0.022961253
22d6b0c9,0.0009281474
63b670d8,0.00067738205
0fcb950e,0.0014559354
315f3747,0.826743
866fc107,0.0009688931
4c6bc16e,0.0009993993
7b6670de,0.0015136603
6d37c0aa,0.0013138152
907db46f,0.00057886087
d74a470e,0.0006826821
0979bb54,0.00076563767
28883934,0.0024518135
6f378058,0.0021100391
fb934917,0.0030567718
db66b47d,0.0020708465
d1fa57d4,0.030258685
42c65399,0.0012484781
22d293d1,0.0005255806
526eba3d,0.00046396817
636eaa08,0.0018267245
bb68e8a3,0.0022918046
708103cf,0.0009676947
c1fa65b8,0.0011547881
9d511125,0.00068315235
090f9112,0.0012591957
721a7d8d,0.0015830601
d909fb80,0.0012374552
be2a6636,0.0011815958
d6bb10d3,0.0013282234
13ef7123,0.00096672255
d3befa0a,0.00070979894
2656bd01,0.0011134465
42020442,0.00069793366
1caff603,0.0009991198
ccc7a6c6,0.001550424
7d873654,0.0012977448
533cb4ab,0.0027829292
e2b8cb04,0.00058507966
6a21713e,0.0005390964
570ca8d4,0.0018762104
6579230f,0.00073260773
e91ac9fa,0.0006050654
e36e59e9,0.0011414526
6c40fc39,0.0010825208
b8f7c02c,0.0010120744
4c6b6392,0.00072246586
990cddbc,0.00080957374
bce7441a,0.00087200524
8dd72604,0.0007180113
ec152ea2,0.00060604594
58f8f238,0.00096770347
b0fa35c7,0.0021296244
54c3c7e4,0.0016234393
dd76eb7a,0.0030490016
bc03a69e,0.00089105545
e71bcabe,0.0012249005
00732aed,0.0015029516
53bef6a5,0.0014875443
fd4bb361,0.0012104881
1856fc1a,0.036195878
6122f395,0.0011634479
5843f0e5,0.0010903536
cc422b6e,0.0010248111
1c004001,0.0017785447
fcd78a75,0.0039660623
49fb62d4,0.0032226865
f3140ad0,0.005894206
ffc0088c,0.0009769938
2466944b,0.1334957
755d7fc4,0.00089402305
76bb6ada,0.00082944136
824768a8,0.9154216
c5129c76,0.0013186742
b05eca23,0.0009396381
624864ee,0.0009771549
f739a744,0.008530334
0eb2aea5,0.0005656702
04565663,0.000696922
3a0431ff,0.0007190473
e64148be,0.00064379146
ad2a6418,0.006236174
2764945c,0.0005561949
9f7f70b8,0.0014656361
54d4684a,0.032521833
3e0429b6,0.0012977418
f5a35d2e,0.0008468816
749adc58,0.0007424063
354ee1c5,0.0012599895
8f55ce6f,0.0034783266
98f91212,0.0005615462
3003372e,0.00071518513
713c5eb8,0.00157133
3f90ea0b,0.00086759654
b2bac15d,0.00074663747
e13e6157,0.00096259394
ec0ddfe5,0.00054807897
5ad57c7a,0.0007853273
a09a20ff,0.0014946237
85ef94e7,0.004875612
f3514df8,0.0012358233
19d27cd2,0.002745569
ba6385cb,0.000683279
52804366,0.0012894867
b34da55c,0.0012450769
194d4cea,0.0008127762
a03a1c13,0.001021969
70ea3a43,0.0024502992
1497fe87,0.0032160366
729337f8,0.0012453129
08455ec6,0.00094560377
beac7863,0.0018555465
86dd6114,0.0007199792
1d3947cc,0.0009056467
d8686cb6,0.00096333993
fa303340,0.0016303555
e8a93f24,0.00082172797
d6b6af43,0.0007675205
321c5cb2,0.001717437
20df80b2,0.0011805131
aa5247a2,0.027879978
15f9dd7d,0.0026439931
98c6d7ab,0.0014401397
4f084228,0.0012232163
7a4e4a4b,0.0007838842
78971648,0.0028412137
f106c1e5,0.0020074274
ff90f43c,0.0032125912
9c01980a,0.0028909855
40ee2baa,0.0010955939
7d21b6ab,0.003338433
f5cea960,0.0019913332
7433396b,0.0017275343
049a4feb,0.001095655
a1531b63,0.001320484
8914867a,0.013021073
5a9dafdd,0.00089998776
912edc58,0.00090770493
34e5e73b,0.0010872496
d09dbc6f,0.0007201926
514365d8,0.0021633746
89c6c854,0.0015661117
574bef75,0.0039402684
8f5a498d,0.00081445783
4ad26d7d,0.00077324745
f05ca3a2,0.0007927438
fcaac806,0.004376752
448b65e7,0.0013437426
d8f43fcd,0.0013555895
50917946,0.6295641
d6d8a0b9,0.0012057784
38fbba06,0.0013518635
54515192,0.0016093457
707dc955,0.0007708905
0528d0f4,0.0007601518
634e2b4a,0.0007327547
8b964ba2,0.0008543021
a3227eab,0.00085734384
f63f74d7,0.00059681665
3f8d5f7c,0.0031553002
088cd99d,0.0015571393
9fb53477,0.0037361355
74778559,0.0013496515
917a23e9,0.0010880822
b6999431,0.0006157042
18b00b11,0.0019205658
6ddeac90,0.0017302535
755cb615,0.00096213835
9c4446aa,0.0015542597
b7afaa72,0.0006710671
2ae92afd,0.0012438555
31ac184b,0.0013913587
8a963238,0.00087849394
00e02246,0.0007867137
238998a3,0.00073715067
96b68255,0.077733174
e59c4700,0.0009301238
a0600700,0.002191762
b4cd61bb,0.0013057241
1230106f,0.0023530896
39ac0d2b,0.0014560221
5a02a2eb,0.00063240924
cdac25ef,0.00059846736
cbad0faf,0.0022307818
65431e41,0.0011981959
c307d569,0.0012896698
97b3a1b3,0.0010656071
07fa10a2,0.0006493847
6c7dae2f,0.0010275578
2e376206,0.0046391236
66f7282f,0.00074139604
1916ae29,0.00056385883
061c1414,0.002028832
1d9267f0,0.00081939553
47abe023,0.0038300469
7cadcff5,0.0055459337
edbc37cb,0.00072714896
31cb53fe,0.0013482409
3ccca7bb,0.0013142119
63bb64d1,0.0022289124
8b93a4bb,0.0014087075
09917ba4,0.0009973524
9635ae28,0.0011349813
de7919ee,0.0011311236
2147b93e,0.0006067008
75e427b2,0.00068067404
623795c8,0.0007361882
2c49bac4,0.0009905711
10acddfe,0.003678044
54301f17,0.0067670876
389c445d,0.002373448
b11ce4a3,0.006661572
1d9a6fda,0.00070938305
af323d02,0.0009076712
c9e0dcbe,0.0018901036
de4a9e40,0.0008389289
33cc799b,0.0009827277
35180b04,0.0007495207
dd79f746,0.0011240183
31dda7e3,0.008543656
dd4e6fc7,0.0018017653
8871b6ea,0.00089598866
9c3e450c,0.003922809
6926a3f3,0.0006206352
d3654adf,0.0037023195
712d5c98,0.014244631
8af68e62,0.0009678621
d907ba32,0.0026071328
307a3a89,0.00088028243
199e0afc,0.0015524551
6847031d,0.00066189584
20243eb0,0.00078540883
6e0f9773,0.00088533235
4024ca1b,0.0011645766
105b2423,0.0015206466
d623b7e5,0.00064641517
594a45bb,0.004156834
74154aca,0.0009290198
4d9abc71,0.001539932
b3686da9,0.00055509066
35901e7d,0.0013135431
4320936d,0.0019289568
dcafb521,0.0007354705
6a50a201,0.0016049738
2e7e2369,0.04350841
06a114bd,0.0010686824
cab4da5a,0.00080582174
6d313332,0.0016982113
2ca13e0f,0.001419785
29659b80,0.00069146213
fdb1f097,0.0007306861
3a7c782b,0.04361619
33561d36,0.00069963787
806729f4,0.0014048357
613a37bc,0.0037257418
1ce4d9b0,0.0006696625
b549f1f6,0.00096198707
6badf5d5,0.0018732955
9e31e54b,0.0013732767
7be2a5a3,0.00095092785
2bc9095e,0.0007346548
95d505ec,0.00066085893
5f8c25ec,0.0006088591
b6d560ef,0.0009008925
60b47913,0.0011939764
35524675,0.0015844406
f7189746,0.0014713437
682d4743,0.0017195302
d9c6bfb0,0.0005216676
65dcba2a,0.0014453062
2d939a57,0.0009851955
41b77109,0.002124119
d03e2ef5,0.0018008908
674db252,0.0011527581
be33f517,0.0015295962
606d4e65,0.0011946178
f1911392,0.0006468882
e5d406e2,0.0005870823
5f425fbf,0.0009863883
94c00223,0.0007125044
fc2d14d5,0.004320887
9f6b05ec,0.0007857449
5264ebb6,0.0008968043
8dbc07ec,0.05044051
073ede1c,0.0046430314
d9878de5,0.004756448
e2aab0cb,0.00077584625
773e5134,0.0015962541
9820e5a6,0.0018554899
fbcd50fe,0.0011943129
2485821a,0.0130211525
560e4568,0.0035400349
15dee3b7,0.002734637
8590817c,0.0009000595
68295a96,0.0042414484
688f29fd,0.0015986109
1022e368,0.00075706816
7b9fbbc8,0.0015801919
db4710a6,0.0015549747
d28681d9,0.0009270554
0b06c65d,0.0007272869
ecd394b3,0.00066639617
d9c790ff,0.04188079
b18aaedd,0.0010078936
3ec074b5,0.0010781618
af650b7b,0.0016267054
2acd1f59,0.00094394473
a894a8bf,0.00096873567
18a77503,0.0007895413
971ae56a,0.001076691
ac5ed25d,0.0029100443
674ecea7,0.0004922131
03215f82,0.0008429893
9df1a687,0.0011218608
7b84e18f,0.0008306326
b5bc3db4,0.0025767388
93f7c920,0.0008508591
7470eb3e,0.001565493
619eba1f,0.0006826183
62bad014,0.0007209167
013f8633,0.001079936
f6a0945e,0.002215443
6f252b82,0.001430844
b2921367,0.0010328115
001e9490,0.00096856826
21266fd5,0.0007149841
9241d5d1,0.0022171796
9f3fcde9,0.0010491147
448038d6,0.0007365763
8a6f88cc,0.00083179603
8060293b,0.0010242327
7cc4f80d,0.0008889638
70089976,0.0006888148
aa391379,0.0006783705
5d43c9b7,0.0043101874
7439c43d,0.0008931005
b279760f,0.001066385
c295feaf,0.00096396054
880e1e02,0.0012351908
931c3e5d,0.0015730776
21633fab,0.0010034398
e939394d,0.00093149306
6f02b845,0.002033725
7e7035d4,0.0018890406
899f61d5,0.0012539339
c3a450ea,0.0011150525
58dd6037,0.0020087154
a7587408,0.00055754196
e14324f4,0.0006955042
43128306,0.0021810285
df96b6f0,0.0014069363
60e74ae8,0.00072140497
ee8f7473,0.0018620153
27e7b954,0.0007955813
656192e6,0.0009872782
cbf98567,0.0022253871
86bedf56,0.0020972607
8b62c4e5,0.00083833997
674a6f93,0.0015687144
3c975ed0,0.00181064
45a44998,0.0008775908
2324f264,0.0040957825
665a3287,0.0015789533
987549dc,0.00075933116
99d9d39f,0.0013145831
f128b92e,0.0028227929
c609c150,0.0031416754
88c00c05,0.0008277076
36d42229,0.0010230752
283fbaa3,0.0011746897
8f085caa,0.0018949781
779aa116,0.0032291904
6713bbfa,0.0021083872
bdd78107,0.00085742964
54ba1f4b,0.0007764542
0617b402,0.00079586223
93db59fd,0.0009905116
716cc89b,0.0028594038
d3805663,0.0014711287
70feb083,0.0025408051
893dee0d,0.000877776
d6fe9428,0.0005490499
97982196,0.0017414179
92aa4c97,0.0006734562
e72a18b8,0.0010057718
f77175e0,0.0010612463
7ecbfb90,0.0008451323
272b6656,0.038679764
9c714e88,0.0011218602
8343d94c,0.0010123729
f3cd88a8,0.001033847
b8597a4a,0.005656019
a3ecf905,0.0016817237
4a11bbfb,0.0030206004
bd9c82a5,0.0006794637
e264f066,0.0028655697
3c2495bc,0.0006038259
528d28d3,0.0041479473
e8c37585,0.0009938342
c2021339,0.0010800018
fcb6c71d,0.0013930154
f6f40f7e,0.0009783482
e1991f04,0.000706656
22dc03b8,0.002425454
14d5534d,0.0014103613
0f2aa1e1,0.00046670192
f537a659,0.0049606776
7ee4d15b,0.0009114462
8bac8920,0.001264184
6ae8d4b6,0.0010400271
9d659da0,0.0026419593
37ba7eb4,0.015705789
8ba004e6,0.002846482
c61df9a3,0.0058625946
d2499215,0.00087192503
825208bb,0.0028346302
75c108c5,0.0008017164
8e131079,0.002608894
7e7a0823,0.0016735913
527cb1ab,0.0015382239
5f7d60c0,0.00061165035
08c017c1,0.00071027695
4b0a771a,0.00076463696
3a0ae216,0.0015589655
9f304b8d,0.0010207425
8e8f1a54,0.0020487946
2e1bf507,0.0011143597
99f87eb6,0.0025491128
8811b5f1,0.00060550927
e489833e,0.002475152
5e76f3fd,0.0014469789
f47125f9,0.001223161
ccf80de8,0.0020501425
1ea6fd7e,0.0030103992
af8cc750,0.0016737985
542e1f76,0.00061025255
eb6f90ce,0.0021585906
668262d6,0.0007510658
ef62d63b,0.8398664
533af99b,0.00088005984
d29cb46e,0.001221634
81d38b40,0.0014071991
952505fe,0.0009671518
da0a5f64,0.0010094643
da7341a0,0.0012616611
44f262dc,0.0026470127
6316b580,0.001480205
7c32277e,0.000989475
07595df4,0.0008091177
2efff786,0.005615676
1706ecc6,0.0033957427
29b4be09,0.000855409
fb32dccd,0.0013759112
260a0619,0.00074012217
032ae56f,0.0010959201
b1548183,0.004805831
3b780417,0.038080864
0d4d0660,0.005144524
d9221685,0.0010015039
d0be0bac,0.0013781677
17942383,0.0009210667
bb463564,0.00093224813
483ccfb3,0.00094675674
b6f9e4df,0.007731835
eb073bef,0.0024575978
c8446da9,0.039073117
e7e3753d,0.001300994
f242ab74,0.0007543615
dbbee7c7,0.0011878466
c6da508e,0.0007012779
7a237b19,0.0010870772
0fbb4c54,0.0011531415
36eda05d,0.0007306795
5a433364,0.0017895135
96650316,0.0025495065
10533cd7,0.0011393739
e34cbe0b,0.0010844717
38a18aa2,0.0010304241
8aea4562,0.0011853002
a9488469,0.0008642623
938c0df3,0.00068841875
836240ec,0.0033285967
fd08ffc7,0.0026606887
04c06f6b,0.0027687172
618bf3bf,0.0033571033
04f18b6e,0.0006989281
f46a9e7b,0.029042372
96f3915c,0.010298843
a08f97fb,0.0005672165
825ebe34,0.0018270288
f601f57a,0.001452199
6cb46dc7,0.00057740364
1c7dd60e,0.0009951039
a6675710,0.0009513466
29df35fc,0.13896678
334d7258,0.00068826426
d8b9d77d,0.0012579544
63397e5f,0.00096830894
6ec9693a,0.0010441849
747c1695,0.010796345
42c7e6d9,0.0009509307
2b72440f,0.0016188478
bcdaedbd,0.0010434302
7ec521a1,0.0011306206
c5c923fb,0.0020274238
929f0f60,0.0012585531
1ab5b7a8,0.004624228
f809f325,0.0011113659
57056899,0.0009896033
abde2aee,0.00092150824
d1f6ea98,0.0010907603
2ad61e20,0.0022407402
402ff4c2,0.025497686
12c67be5,0.0010422405
d569f1fa,0.00055526046
06df3455,0.0077018323
7ed0eb57,0.0018383537
ff5a43dd,0.0019978627
7dd8eb9d,0.00067359227
b8ad1cdb,0.061803106
bd702165,0.00067848235
7e395a8e,0.0037725253
55425e70,0.004895258
08852fef,0.0009035212
f3ef53de,0.0008991264
928af646,0.0009683053
b172f5b7,0.001366945
f3a69ec3,0.00054481765
cbca1cc4,0.001394156
5c2d1f39,0.0010010388
f576a667,0.023754096
46aa2d6c,0.0010491058
72e954bb,0.00061279285
413f89b8,0.0014731159
93a6dffd,0.0007832779
66cb170e,0.0022852253
d71c6e75,0.0014830338
4d6014ab,0.00074718054
5ab9439b,0.0013197038
cda00454,0.001071345
6fa8eb84,0.00096371945
70247ec5,0.010444988
9949aa1a,0.0005718076
388fdcd8,0.0015424003
9edd6abc,0.001002584
2dcf3257,0.00084310176
522b2fa3,0.0025406373
ba894d14,0.0031369107
3f61df43,0.003227797
d9d8e2c9,0.00076896645
8ce47f54,0.0013858863
5f6bad79,0.005715885
d647b536,0.001162931
33b89095,0.0006962572
dc11e368,0.0012124516
e077912b,0.00062703295
9f49662d,0.0008198028
cf2d220b,0.005421382
3fcb8821,0.0030078713
497d1e5e,0.001287931
fc6c7cc1,0.0015626699
083ab3ea,0.012557684
1655c765,0.0007368536
6a773ee5,0.00064028584
bee35d33,0.002139345
3fb77f10,0.0010445392
73e64ebe,0.0018066216
32e0b5ad,0.0010788965
a4d9b23b,0.0045164446
04e97442,0.00095331826
280288fc,0.0064463033
18e62441,0.013546109
09802f03,0.00060267426
6bf824fd,0.0020270546
96d76730,0.0011800886
01777b87,0.000997559
ed0723e7,0.0010341052
ceea2f80,0.00079190533
b1c41ee0,0.0008719433
661c80cf,0.0056259446
192bed23,0.0023113736
4668d68e,0.0033240009
70b31ca9,0.00088116777
b328a546,0.40416446
c545090d,0.0010976953
a43a7498,0.02891124
b9325112,0.0007589991
8ecbf3cb,0.0006059232
e7b42142,0.017245848
add52b60,0.0014526256
bd28daf4,0.00127168
d8c0c29d,0.00079153455
eccf00ea,0.017796261
d1b4e4cd,0.0010389091
6eb2774e,0.0011212849
60900cb3,0.001619608
60293da3,0.0007300225
5b9c0fe9,0.0005294719
c412ba93,0.0009939849
d1b5f379,0.0011995478
fa098f80,0.0007087131
4978cc77,0.0010527902
774fe236,0.0018339944
1c132a85,0.0015467627
11bf928a,0.0027682672
2b22dc19,0.0020736607
b9a14905,0.00097463
8c7901bf,0.0014495578
7f0f981c,0.0020182454
b83bb31a,0.0014950488
b216a1c1,0.0007052228
d38a5a7b,0.0009014725
1b052641,0.009579334
1d15a919,0.0007335316
bb1edc8d,0.0013756924
f5fd3147,0.0016610428
6204a376,0.024356883
d870b54b,0.009310127
627822b7,0.0007961558
a289dff3,0.001498772
390f87ad,0.0006563153
a1f3265f,0.0015512272
3b8b67b0,0.00069545803
292092ca,0.0016436044
4f2684ad,0.012390668
94e92ad9,0.0006295014
f9b5d1b1,0.00086444267
9e5472d9,0.00093777373
0b9d9c63,0.0017141837
9cab0da6,0.0023048325
620a9aa5,0.00284303
b4b22e19,0.0013544874
a0b5b03f,0.0010399052
09fbf24f,0.008659834
9d80861b,0.0007365362
91b54111,0.0015532381
88cf451e,0.0006414971
606bf3c2,0.0014800027
8f8b313e,0.0008486341
72848da9,0.0017224303
4e865eb9,0.002744004
bfa14d7e,0.0007610654
ce108b42,0.0010676123
46cbce69,0.0018327171
d52cd392,0.0013307837
cda06e28,0.00077398395
c3d53559,0.0023494721
1b8d82dd,0.0011492398
e801ee70,0.0009766998
54384fea,0.0005371141
415760c0,0.007299014
dd88e0f1,0.0010612564
b7e94e24,0.002195931
b41b0402,0.0008245147
92ef3826,0.0008833168
9182da7d,0.00074551086
7d6725f8,0.0067480025
905d8d1d,0.00097653037
e44b3d6a,0.01032633
32d76866,0.0006152766
9f04e097,0.0009058499
341d96bb,0.0024503001
3ede0529,0.0008663598
88d4e7e9,0.0018758775
a690eb26,0.0015054804
cf032bf4,0.0007288821
1183c022,0.00073086756
44c68617,0.0005150167
ade4a7ec,0.0020279305
50df1a53,0.005407931
17370056,0.003006582
fc155780,0.0012890399
aa523b24,0.0023348026
dfe122a6,0.0006691901
1941c6ce,0.001114427
e8d4f0aa,0.0016116551
0ed43c0d,0.0012575866
b43ab5db,0.0015615016
22d60bdb,0.0026091821
79bd4c06,0.0009140474
bc73a879,0.025035718
634c00ab,0.010605611
8fe5ceb4,0.0006951391
837166e6,0.020510409
f3329064,0.008819683
689a24c8,0.0012885511
0f031c4f,0.0007702932
9d095b90,0.003499906
56b6c30d,0.000954332
ad8f944f,0.0011608851
56a854f1,0.0045407414
cd2aff9a,0.5112606
320e2ffd,0.0016687306
79df3ea5,0.009057027
a09ce6c5,0.0018348554
150695a2,0.28535795
685ddfe3,0.0009412747
41181bda,0.0009929087
5261e8e0,0.00113517
ed7a1792,0.0013024136
c66728c3,0.0012438382
fbde350a,0.0007298392
64f12f59,0.00095624925
8954c822,0.0022512034
42919544,0.001632523
1d9c8099,0.004532554
9de4cc9b,0.0032545836
4b1a7fd3,0.0012427222
d8dba677,0.0019259965
9063cdfe,0.0023864282
608442a5,0.0012561585
d8d63913,0.0017733839
7d6cde4f,0.0011265407
fa2c52c9,0.0009451308
7e80ac91,0.00071184605
1d35a2c1,0.0010716235
35c3beda,0.002158946
684af5df,0.001016186
de056594,0.0008695136
51eece81,0.0010522697
4b65a4fb,0.00075059076
c3988e70,0.0015507487
bef004f3,0.0006610246
9942bab2,0.004793049
b9e57d49,0.0006596121
b2113739,0.001112237
55e0c16d,0.0015759923
67a3a855,0.002500506
8066a105,0.00070701813
0f1eaecf,0.0014682289
44524b72,0.0008986899
6e9c66c9,0.0008059922
fa1368f9,0.0009510059
44488581,0.00096881646
9adfe0ea,0.00087757705
1880eff5,0.010511991
e3a54351,0.0010571228
3f3b51b1,0.0010188421
a02ff9f4,0.00092359236
5a07644f,0.123385325
088f61c6,0.0059014824
93d6a4e1,0.0006852712
0f75b886,0.0014237413
d0f92294,0.0006261417
1f3317d9,0.00086588284
b0fe557c,0.00061528536
ffd963c3,0.0010784987
405b4654,0.0021713492
c77d1dd5,0.013123736
cdcaaeb4,0.0013543635
52ba9061,0.0019171379
02cf1b9c,0.00087423855
ddbc1e73,0.0006540904
3ed6a975,0.0011844429
d26a276c,0.0032160534
50e93c8e,0.027412267
eccdcc8b,0.0008481236
3719f536,0.002827521
da059857,0.0020890655
2b1b0bcd,0.0018942801
6ec45b83,0.0016560622
7d63e3ff,0.00073622924
38997f43,0.0010080026
dd7a6ef2,0.0026001143
3980a361,0.00062574015
55a89ced,0.0011212213
046d171e,0.00077083946
633a5495,0.00062075676
f3134da8,0.0038136134
483da6fd,0.00094766467
635244ac,0.0007907602
d6e9d5de,0.0007840732
5c9a2ab9,0.0007128847
70b71987,0.00076839357
9c0a26b8,0.00082354894
8d99f10b,0.0007676163
46e80705,0.0011236516
35aa5160,0.10548526
b630917a,0.00086574716
3d35ca07,0.0006880918
95eae2cd,0.0033824649
a8b7222a,0.0006359978
087a472b,0.002440297
1c5c1055,0.0028701182
b254d0e1,0.0023834489
947d6dae,0.0025211964
004471ca,0.0020683184
981dfb91,0.0021393695
45a2b03d,0.0011951517
090d2108,0.0011779368
ffad9692,0.00090993824
473d5dc8,0.00060394703
57d24fba,0.0009046657
d88e5b21,0.012360618
7f213e05,0.001447932
b736383c,0.0015110335
7bc9f4df,0.0010599939
a03814c7,0.0021904693
4e80bc6a,0.003994118
e60a53e6,0.0006887111
31328393,0.000601665
d43f7444,0.0046427143
1e92d9aa,0.001558674
dcfa1e99,0.0010488438
0ad565ac,0.0021821142
4507d477,0.0009754908
a35feabf,0.00088404515
25adba96,0.0015041806
4887d35a,0.0007911477
1cf32b03,0.00074719865
5d34a95a,0.0007212015
9b1b7bfd,0.0013687608
35e5ef00,0.0006621791
b7978867,0.0063678264
2857f505,0.00065611483
023e6645,0.008236605
cf915486,0.0012025245
d5e0cc5a,0.0010017338
f0e35ded,0.0011951136
bf5069fd,0.001293809
35f525ed,0.0014213056
853540e8,0.0014491465
df540b21,0.0013839377
b12507d3,0.0012346479
3c4c3888,0.00084401603
6bb0b615,0.0011403869
dcc9f0a2,0.0009422446
2cb15166,0.0013459681
685107dd,0.0015211101
23fd2b99,0.0005949243
44d28b29,0.00093198265
e0ed0865,0.0009027816
92bfb960,0.0008846401
11acec7a,0.003257298
95218b11,0.0011546342
b16b242d,0.0021703949
83e1ff9c,0.0006501814
1593bf34,0.0015600482
a2a3c3a6,0.00085893745
cca1a532,0.0012795841
030eb0a8,0.0019638725
b8c9a7ab,0.00076104945
a3b1adce,0.0009837244
1e6a709a,0.0016578237
ddcc8b15,0.0029784956
6b124f09,0.00068814063
a73f7258,0.0016081602
f1c1cf21,0.0021124592
bbfec0e9,0.00066776364
8c8d2b8b,0.0014419848
b94ae498,0.0005975686
172a8b9e,0.0040394086
4dbb694b,0.0021274034
1f2a26ac,0.00086780655
61c7865b,0.0007772349
6193935e,0.0005680995
6244e792,0.0033305602
727f48a9,0.0016084418
a5ff5f08,0.02046214
bfc84c0d,0.10838445
d2b3bd1a,0.00096229557
2b168b6a,0.0011853148
54c7581d,0.0012420611
64b25d65,0.0046127783
a1aa3583,0.00070970325
37748b2d,0.0024081727
6685dc4c,0.002680987
c01d9f78,0.0012006979
9459b67d,0.00073366135
6d598690,0.0013574641
6cdbf996,0.0009406817
82ed92a2,0.0011305166
01d89d6c,0.0008137247
aab48577,0.001080308
8990fe50,0.0010130984
a6a7eb5b,0.0013093855
0db41883,0.004461826
a7f4358c,0.00071549765
998128b9,0.0008684285
7f13d835,0.0014259069
e95f0da8,0.0010970535
9537f018,0.0014183235
01fedb76,0.00058072567
c4cba583,0.0026086844
b8fd3bdc,0.00093069026
ec1d409b,0.000865614
0656a78c,0.031878453
06d922c8,0.013208191
462fd94b,0.00066748366
bfbe6084,0.039493352
c09cb7d0,0.0011952234
a5952930,0.0010516329
dc4c80df,0.0016057305
81c89075,0.0015581873
4458920c,0.0010677014
fd231328,0.0019785461
b7047a49,0.0022696576
53c63c79,0.0017537327
65c63265,0.004056834
adbf56c0,0.00079364027
048d5889,0.0016824851
bb557946,0.0007372283
12e3e4c2,0.002330965
85fb8c4b,0.00092876534
f91938b6,0.0026402136
f885f466,0.002722523
77a2dd4b,0.0013320055
fcdd64e1,0.0013370266
530d0bda,0.0033718226
ad2751fe,0.0013011595
61b84150,0.0010744439
2ff0a3ce,0.0039461846
f349b023,0.001052399
8a0e55e2,0.0014464924
2b1d25b0,0.0009801852
8d7d297c,0.0008758269
4883619f,0.0071213683
4e820221,0.003406743
6ef63869,0.00093122816
a0abace6,0.0021418016
4c683e77,0.0019218205
2e8eb6cb,0.0006100025
b0b9fcb4,0.0018806333
3e587d48,0.0024794256
56a2a79f,0.008330632
2a933e08,0.0012292619
1b92eecd,0.0019878708
13926711,0.00096279354
75855340,0.00082153536
44cc59d3,0.001059369
481e8a46,0.00075499393
0bc0acf6,0.002760023
17865b7b,0.00060832634
ca21c25a,0.00084274675
a8d14623,0.0014606453
051a24d4,0.009673089
044cd949,0.0024824883
c95b2628,0.00078562804
48470c9f,0.00057351
ae7c5550,0.0017209288
b386b8f4,0.00061096344
3a88122b,0.0025310197
6704ff2f,0.018974064
f56791b6,0.0010006903
47f80fe6,0.0040259487
ec8b28ee,0.0018088322
5d809cfc,0.0010859257
8b64decd,0.0008564077
0cda0fa0,0.0007877691
1b5851e7,0.021816667
85de12ba,0.00076576136
28a8e623,0.0006044181
90242dbc,0.005082279
0b297f8b,0.0014830763
e3036d6c,0.0013645712
1ec794c7,0.00075821835
3532f369,0.0013092571
bbca4ec1,0.0011699315
ffc14d3d,0.001214125
245d0613,0.0017401056
5fad9c99,0.0019911313
d0244db2,0.0007131328
e7ea46a4,0.0008580057
7ed71b97,0.012004612
4b0ea10e,0.0014446815
88bb51ba,0.00074831676
f76d57fc,0.0008077714
8f698608,0.0011630013
bb005222,0.0009267092
ebf5a851,0.00081507035
60df60fa,0.009516946
39ddc27c,0.0009034631
c759ce8e,0.08358658
e8db5ecb,0.00071984023
94a30b5a,0.00076206983
804c23eb,0.0014715189
0645e44c,0.00084506907
65776a79,0.0012412316
a9a49040,0.003684767
45bd2f88,0.018761992
f8f0237b,0.0011789235
0155831c,0.0018234156
c4910d96,0.0014308466
46e31df8,0.0007021159
2a2050eb,0.010720062
5447936a,0.00090057834
dce07706,0.008590951
1e9a5384,0.00086590135
e7456fa0,0.0016685089
e83eae7c,0.00068711047
53c143ee,0.0013090058
eff61952,0.0047723134
5b370d0a,0.0006991696
32c0893f,0.00062989845
f767ad92,0.21014574
bbbce9cc,0.0016120725
7eee49ab,0.0030481233
f1a51a44,0.0011151306
238195b8,0.0054490785
48837542,0.00063435815
508657eb,0.0010036243
28e35776,0.0022639988
8e76592b,0.001686538
78a8bc31,0.0012621394
b1d4cb74,0.0012941937
ca2e8768,0.0006927404
ec340b88,0.002809322
7cf67813,0.0010737915
4cb2d0ab,0.0010411334
406b5762,0.00058813096
b928c6dc,0.0011379052
25da47d0,0.0022319877
7c030df4,0.0018392324
00f16e4b,0.002968457
e377cb3d,0.0014032399
7ccda820,0.0012209226
c425e061,0.0014058154
c7c6f232,0.00081360806
8b8d0b20,0.0006054905
317e3f5b,0.00069222826
b3607485,0.0005384866
331454db,0.000874744
82638e7f,0.0017428254
cebf927b,0.0008392016
cafd5094,0.031445872
95ebed3a,0.03934672
0122e474,0.002062786
c80f7859,0.0017797379
ef977e16,0.0006834011
2bdc20ea,0.0014689077
6ef63c29,0.00095551834
8fdc75d7,0.009977804
c893a975,0.0015972074
3b4abb20,0.0058293203
540aa657,0.0013330182
ecffbf4a,0.00061797316
01a6daaa,0.0017623428
1e3c9d2a,0.00086073007
25411c56,0.0007471467
7588bbf0,0.002611188
22a367b7,0.022552919
7b3212a0,0.0030378236
883dd128,0.046526615
327d5cb3,0.0014231177
b9f4f578,0.0012786746
98719075,0.00066345005
3bf2428f,0.62251383
c27c398d,0.0025499566
80705b14,0.0006753464
12c6d267,0.0013178713
a0999796,0.0011740851
044a75ec,0.0018150181
b3b4e087,0.0007307345
b97c440c,0.0073589534
315bd14b,0.0028125192
52610fc3,0.0009291565
88fab8b0,0.0029250612
04bc4b14,0.00059183274
047bdac3,0.0009196952
84ae93a0,0.0007733808
b80105a1,0.00881001
681e4223,0.00093227
1d7da676,0.0031079738
4bc992aa,0.0006324174
abaf6204,0.002414872
bb54e8ba,0.0016184226
269e0931,0.0008193057
a7ab0c2f,0.00078613963
3964216e,0.00086368184
986b3e67,0.00073207106
663fd237,0.0018842133
470ea04f,0.00529877
2e330ebf,0.0013264872
91a0b10c,0.0018789109
70be59cb,0.0007750076
8b0e4ada,0.0006654213
337dec7e,0.0009290587
ad42909c,0.0048940387
c51035e8,0.0053128954
d29ae445,0.0006274855
af0031d0,0.00074995327
8b66d340,0.0007206581
824aa4b1,0.000997046
b585fd56,0.0016133161
c327fbc4,0.0018502461
08cfbf68,0.0008589047
68255a5a,0.00063692953
3577adb9,0.0019544072
9a1d2887,0.020796876
93a74519,0.0011078307
8688c113,0.0008995038
1a85ea64,0.001250197
131d0ba3,0.0009500277
7016a4ce,0.0008659278
66eccdfe,0.0010548503
4e16a639,0.08212428
dab4d957,0.00047837183
8286e2ff,0.00072689477
454e7ab2,0.00084266963
eadfc41b,0.0012439128
d0b62efc,0.0008884282
99596f3f,0.0031626371
ab92a788,0.00052882987
ff597c53,0.0009346321
82e7efd5,0.0007965215
a694a7db,0.0005473799
a7935068,0.002559136
4428c7dd,0.9091894
7a29650d,0.0008402602
692f28d1,0.000719122
1e3976ed,0.0015670969
41988386,0.0010306598
bcc59502,0.0015583542
9388d519,0.00069162395
381c2504,0.0082898345
15a37c01,0.0006007362
28863d7d,0.0006559664
5ec2fd3e,0.001723334
468c084d,0.002445617
1a629119,0.0023127769
82e82ab6,0.0010277623
ac61b170,0.0011107494
3cfbed7a,0.004389195
dbe5c0d5,0.0008900885
8453cc04,0.0005767544
47c316e5,0.00055326044
c557e5ba,0.0021011443
c167eff0,0.00079865346
45245a04,0.0011659863
38365971,0.0025244192
7b0016b4,0.0018667609
5958f7f6,0.0011444188
ce4110c8,0.0010865192
11ff6122,0.00083087117
50c7517a,0.00053148106
449037c9,0.0144701395
2ac9c7ca,0.0011684491
9a6b1fa0,0.0006934518
2b3ad425,0.004818596
eb529bcb,0.00070115697
35042fae,0.0007307614
d21c5825,0.0012257133
c76f0af4,0.0011855199
a60a577c,0.0005583599
2348da83,0.0009871465
48cea4be,0.00076791964
94ba6067,0.00063110597
e9f484d1,0.0007178847
dc990f98,0.0010066187
2901eb3d,0.00050954294
5606a025,0.034020767
ac1ec95d,0.0016827512
7012b18b,0.0014128401
a3fd64b5,0.00062284636
b0ccbf99,0.0009254475
35b22ff7,0.007091652
0a15a0ab,0.00071758166
19348e9d,0.0016279675
4b563bbf,0.0018766125
6764a707,0.0005330073
efa5cc35,0.0007474013
b0b241be,0.0021906714
0fe7ff1e,0.0007448015
784965de,0.0010628261
9bfd2534,0.002975505
7c212be8,0.0011412966
d89d71a6,0.00088093145
e7550e7e,0.00069780997
e74949ad,0.00070040434
74439b53,0.0010902565
db22943f,0.001218192
b3813423,0.00063448393
a4adc5d2,0.0008325589
4b3c1508,0.0014814078
f253fc18,0.00075945194
1675b6bb,0.0013100298
ddee73e6,0.00081053755
b88963c2,0.0006833401
ee52b3d1,0.0004524694
c1019606,0.00076209486
c01cea20,0.000694557
1769d8e4,0.00093160005
34669e96,0.0006335739
62cea698,0.0008053465
49046178,0.0007578373
6998cd01,0.00058076775
8c326dee,0.0009113016
db296982,0.0012864266
e655078a,0.0008593971
145bf2d6,0.00062593014
bdb940d9,0.0011893219
1a1d7724,0.0009518589
71bb5fba,0.0033621471
ef92cf88,0.0020690016
aa8dbd24,0.0023194167
959bb124,0.00061313546
934b286f,0.0009601786
e4851f14,0.0010167384
8ebdbe65,0.0036970011
aeaa5647,0.003251448
8382dc2d,0.00081247813
90178cfd,0.0012851886
d1016604,0.010196101
6bb75edd,0.00071893836
dda7ac90,0.0011770211
435eaea3,0.00060881994
524f65f1,0.0018381736
c899914d,0.0057995184
1a321415,0.00070500607
e8a9769b,0.037476588
4f191ee1,0.0013013205
fae902ff,0.0005255027
a61a0666,0.0009792154
49e31fb2,0.00071316876
c6c13a11,0.000676358
0c6f0cf3,0.025367575
2f2d7ba7,0.0008271581
36220bdb,0.000772239
0683c948,0.0011342355
f1d6e0c2,0.0007214362
87c1bf8c,0.0031472133
9aaaef57,0.0006699137
057a8848,0.21105462
167dcd79,0.0010072533
18a2849d,0.0007339229
62052ab8,0.0005908881
dee9416d,0.0012420659
b16f1e33,0.0017800819
fd247af4,0.0006032061
68f42a08,0.0009095546
290e9920,0.00092845125
a2c45424,0.0006620157
51a499ce,0.0007263681
af3276eb,0.0016727216
33188b81,0.0011037315
9e6b98d9,0.19689076
e90d1948,0.00076375436
de0ba793,0.00095406245
61684ba6,0.2661286
161eb2d6,0.00080697093
a4969d0d,0.0008401841
9c7cdf4a,0.0007072102
a77e44bd,0.02929316
1fb0e3d4,0.0018161668
0d05f880,0.0015455995
5002e93a,0.0014697663
803527b8,0.017006254
ce137105,0.0008592059
0632e838,0.0007793401
bcc1b9b4,0.030774591
9406cb56,0.00056464056
c30022c7,0.0009118944
972f06f6,0.0008661617
adf06792,0.0006820864
46e42f55,0.0008113497
428472ea,0.0007961892
49a78c5a,0.0037930466
fe4e9167,0.00451866
873542aa,0.0005534395
365a8b7b,0.0007093273
65684c52,0.0008286179
1b3011a6,0.002946035
5c6c48b3,0.0012694999
59bc28ce,0.02232112
de7a45e1,0.00054335804
a0aa42cb,0.00062690146
62b7c442,0.00053105794
5c093dc7,0.0017088408
241da5a7,0.0014771395
7889fd1f,0.0014656808
d250c831,0.00073889276
b514b144,0.00058683107
dc084db4,0.0019356092
e2e082c3,0.3337065
b134d8ea,0.001336229
813b62bd,0.0010184194
b67320fd,0.003000351
2fd875d7,0.0007655662
fa9ac725,0.001482856
f89c9158,0.0010277996
e266041e,0.0007118169
3cf1b320,0.0007688122
bed4f95c,0.0009436839
67fd5b52,0.0014557879
e66bd95c,0.00059344905
dd54b587,0.0011911432
500edd0b,0.00055643776
196bfeff,0.0014109927
978633e5,0.0034658536
e670eba7,0.0008062357
a8177938,0.0007584749
d032d187,0.0005997407
33470386,0.0030567339
1779d00c,0.00072240294
1f5fe7ff,0.00080057286
0c979e1c,0.0010050097
d95737f2,0.9907102
7095b024,0.00068072364
5b36ba69,0.016756961
d182711a,0.033918887
51d68c4b,0.000594193
b21db711,0.00084648543
66b791a1,0.0011274844
2e51158a,0.002123739
b4c49b3e,0.00046995608
a5486cb8,0.0008100044
bd173f52,0.00055996253
3213a425,0.0005745594
742995c5,0.0007080748
9020248c,0.00081277004
349366f7,0.628886
1f58691f,0.0007900967
dffc0bed,0.011819719
c3a67182,0.0019054943
3cc10de7,0.0007895736
6596d3a4,0.0012017597
7c74f686,0.000839956
8c1b60d8,0.0039049215
c3642838,0.0006788044
2f720273,0.00079918175
d5eb2dde,0.0005559869
c4023789,0.0010140202
7f3dbf01,0.24825083
56d6e11b,0.0016742352
b6e95864,0.0007712436
01e06309,0.0052091433
3f3d2124,0.0018366325
a5380836,0.047595005
5cf69885,0.00062189763
c1200758,0.0029524963
e83e0524,0.00049380615
1303f23d,0.0005935339
2615f2a4,0.00094722863
25264fd1,0.0009729832
04832394,0.0018870654
e650877d,0.0015075583
bfbf2c60,0.002408576
c123f7d2,0.0013203751
28000896,0.00079975044
0e4168a2,0.001039823
bba227a2,0.0007717671
f138c676,0.00063086156
c7e14ac5,0.00955115
d620cfc7,0.0006768526
db57d9f5,0.004827946
0cdb262b,0.0010343624
734eaaf9,0.0015994658
c64abb7f,0.00059377606
757d7c04,0.00062203547
7234a4a2,0.0009967245
94907d90,0.033541787
2d37e82a,0.0008581026
c4ceb490,0.0019524521
1860f4f5,0.0010502858
d39ea00b,0.00097199326
bd356839,0.0018620419
f49aeddb,0.00064587325
29ea5d90,0.00077443215
fe961c48,0.0009711194
c6649d2c,0.0010023772
2400f81f,0.00071466964
7d57555e,0.0014144455
60104dc8,0.00068087707
86db3b20,0.0030080345
ef1230f1,0.0008458312
447a3a53,0.00066192297
1840f0d5,0.0010974883
0d9de05c,0.0011929963
06eac357,0.0009704104
f9265323,0.0006854342
7c60fe91,0.0010764987
70c54f64,0.0006305871
6c7130c6,0.0007069966
ffb6d6c6,0.00074491865
031c02b5,0.0008465157
a03c09e8,0.0010540306
671b85a3,0.0012006606
e4f6571d,0.0015942164
39f8244d,0.0010106176
418e9902,0.00058838073
1d5e3308,0.00093823986
49f80218,0.0012602906
25665384,0.0011395084
c25009d7,0.00051167206
75e8e47d,0.0007829216
bfc4ef1b,0.0007652124
2f9f485e,0.000685654
b44454b9,0.006605495
216ea7dc,0.0011350678
9f175b4a,0.0009030255
1ebbd92e,0.0004610986
dcb9c4bb,0.00068700605
39ccf9b7,0.0007042646
55af9d1f,0.0007568698
cb644047,0.008327308
e4bcfa88,0.0020083848
bccf9d12,0.00062083814
b2522eab,0.00082145
80e7b25c,0.00085142197
134f69ae,0.0010411603
f1a4039c,0.0014077177
acc5fb27,0.0009134258
0fda54a0,0.000605179
36332281,0.00061361224
2c50d42e,0.0010046728
4eac04e9,0.0008097597
4eb18e9d,0.00087762123
53b0f7d8,0.0005634135
a54622c5,0.0043824655
5c1c060f,0.0021174347
076cc889,0.014987452
314940cc,0.0007213335
36cd5a04,0.0012969903
6723eb13,0.005374974
62956fad,0.0005329667
74369561,0.0026444998
f9c1956e,0.00059380155
2c40ede5,0.0010419338
7d093cf3,0.0011137855
c6f6183f,0.0007465019
fc6b4f8d,0.0018688036
2b203ed8,0.0005927159
08a041d5,0.0011302049
810cbb05,0.0016246383
ed17b71f,0.005586046
b22024c1,0.012590561
e54a7992,0.0025311932
9f07a797,0.0013877393
f468c827,0.00062029576
5bf57112,0.0061057517
0648a5a7,0.0061694216
418c5b6e,0.0010323043
19187afe,0.0006851713
e1a5fbb7,0.00062399317
4db208f0,0.008506954
55afabbe,0.0009327942
456723eb,0.023512375
225195c7,0.0006079511
2e4997ae,0.0005714047
b41eb4c7,0.000588574
b4fad657,0.0008208252
171a163c,0.0010678326
01c53f20,0.00088114804
dce0e348,0.011803217
4297a3e4,0.00090268016
9f9f88c2,0.0005623247
b465416b,0.0006760081
70c6c7fc,0.0022876086
ec877bf9,0.0009768263
080fd5cd,0.0006803556
076057a9,0.000908585
f35193ec,0.0009024866
a5f552c6,0.00059471285
aba9a24f,0.0017472568
b4b72d58,0.001418395
c0148187,0.0007070336
43447dbe,0.00060875586
d91994d9,0.0008469929
584d67c1,0.001393475
5306ed0a,0.003104709
5b642d96,0.024696033
c6bd53ab,0.035379604
d44fa658,0.0026884994
fb5d6733,0.0012394228
e82c4f1c,0.00087952067
62386bb7,0.0007909698
844c5d10,0.0030977835
cba0c227,0.00055169436
1936050a,0.0008419248
748012ed,0.007306273
6399783f,0.005086896
3c7c3161,0.0015100188
9cf245d7,0.001123161
141b26c8,0.0015310323
b6b78862,0.00066871924
c6d3f249,0.0005599305
2fe9b971,0.004415338
bd05d385,0.0018491283
dad5e9ac,0.0005302363
30a56cbb,0.0006065628
67a8a679,0.001369542
ee9ca50f,0.0011712684
d4b1d52d,0.0023951991
4c6c660b,0.0008897697
a722f51e,0.001571594
39a6c080,0.0027925728
3520f3fc,0.00095939316
2492ec26,0.00072899775
9df6edd3,0.006332227
1abd9929,0.9629964
cd53c4eb,0.0006713802
42a32a2e,0.0011425192
a2ebbf80,0.00075078744
794f45ae,0.0010465736
772089fb,0.0007783122
555fae51,0.0018347305
528c46f1,0.0005761541
4a3a093a,0.00065840053
84a8ffdf,0.00076929043
6351bbed,0.0005824438
a20aa57d,0.002919201
0b65f371,0.00077412295
911dde6b,0.001371266
fb337b03,0.0007220432
b93f3a92,0.002417958
6448629a,0.0037139442
90313e9f,0.0049952
90bb9e8d,0.0071860375
b59def9e,0.0012174271
bdb87aeb,0.0023864997
af96dc6f,0.0011092648
f8020c55,0.048236366
e142b864,0.013117697
49d797b3,0.015835252
54ea3b16,0.0012006052
6c2587e9,0.0005308158
8da53c94,0.0013245833
adb169c3,0.0006721286
2a2671c2,0.0009977748
f77275d8,0.0010470429
cb85ab18,0.0006131159
d4f3a2e7,0.00079522625
a2b3a511,0.0024184552
da34c8bf,0.0012089089
5882e801,0.0009344852
2153b40e,0.00085090374
91cb6192,0.019563872
4cfd6748,0.0027091405
a451f901,0.001113298
56e110ef,0.0012608465
e8930af6,0.00066144526
2c6e063b,0.0008504612
ec8d26a7,0.000799451
03cb1d53,0.007956389
e707c771,0.0012294211
ce0551d4,0.00089994405
59a2832f,0.003482471
c0e11116,0.0005786979
9f65ec53,0.0008060068
b4475606,0.001494103
f0a0a70f,0.00085504475
0c000de7,0.0006825579
3908c306,0.0013378265
3fd99b45,0.0062837293
b882c094,0.00074252055
c5f2400d,0.00073079683
789ed5b9,0.0009546416
cc451169,0.0007374584
d03eed08,0.000783363
4df881c5,0.001213559
e8250b79,0.0011075621
45ecc26b,0.0005246621
b7dedee1,0.0034225446
fd98b1b2,0.000708068
cefb097e,0.0010678057
d06862fd,0.00079580344
e73aef6f,0.0010997426
887d6664,0.000757018
1037e3f8,0.0013544888
a7904eb4,0.0011336571
2b69df90,0.0010417849
95e62b99,0.0017521256
cc025c0a,0.0010209312
3a338e4d,0.0009367642
528c659b,0.0014813232
6d6cf8ce,0.0010070303
481b6193,0.0021189353
0ae6ca77,0.0005758462
12eaec03,0.0010118609
663e2fa9,0.00057673105
2898206c,0.004992423
9ff7f70f,0.002918732
15361d8d,0.0016536453
7be9a46d,0.0008101021
4ac3b678,0.0012405621
1be37266,0.00097376783
422d5126,0.052814312
680b897f,0.0019189195
c6edd27d,0.023866588
ab1c6ccc,0.004519621
37eea411,0.0016206091
3deabc1c,0.000782901
b9bb91e6,0.0005031871
92a027c7,0.0022255438
cc7607c5,0.0006664031
c2b1eb15,0.0006840713
8fa435e0,0.00065453164
c5642c0a,0.0060409415
94e5335b,0.0019107269
1aa5f4a4,0.00078082865
76297c18,0.0009902861
4c8254e9,0.3048509
889476ad,0.0009773755
9445ee58,0.0009920426
48a7c964,0.0019617053
4c3ca987,0.0010135097
11ba3be2,0.00088741595
bf445c22,0.0008790905
489a2e1e,0.001152559
03a30ac0,0.018960698
8efd3d39,0.0006682698
fcaf184b,0.00057361554
815bd789,0.9091705
76cbb2e9,0.0012090206
ed0f7d49,0.00324328
fa551549,0.0007428214
d0df2533,0.005066996
aa6239ce,0.0012390327
896594d0,0.0008027664
410b53ba,0.00062216766
fe9966c6,0.0010574593
c8f6b516,0.000885127
8ecfe149,0.0005686428
deed7809,0.0008952548
5e6e3cd6,0.00091146445
6b68ba06,0.015407464
92d6e584,0.01223562
7eae6958,0.013995768
1c571fef,0.0030632596
b800ab3e,0.00085078296
0bd0fbdd,0.0006611242
f017986c,0.0037918447
548a4020,0.00092693267
d7d7c035,0.0013920148
5bc4d5ca,0.0047939066
294100b5,0.00095044065
b62d8a96,0.0007524872
b5807fc8,0.00082863134
3c3034ca,0.0019118284
bb81a6ed,0.001155445
81286b76,0.0022115412
1acd70d4,0.0005253089
e8b6f1be,0.0005501348
229b721d,0.0024089047
6b36451c,0.00687546
0d6e4881,0.0007174836
aaa81243,0.00060262915
cee489bd,0.0011958845
dafb6efd,0.0015480887
39ec6ff9,0.0008490717
fdb0385a,0.0026896847
403af34c,0.086190134
b497d1be,0.001120625
4af4a968,0.0014489946
769e9ce3,0.00075385516
7607c7c8,0.0010067319
5ebe916e,0.0008335142
ec865de4,0.0006886429
1487f189,0.09234021
8740db84,0.006390137
5b7b832c,0.0007594469
845f8f0b,0.0011390114
ced2dc8e,0.00067297404
84ba299d,0.0006935572
1e5aed5c,0.00077472144
a610f56f,0.0007508848
45de8a35,0.0010450667
360dcf06,0.0016324851
a080d91f,0.00070490496
9beb90f8,0.0015051329
6c16b50e,0.00069057767
01d69e60,0.0011244703
65f3fe9c,0.014190459
2748bf24,0.00064926676
b755789e,0.0007915247
9cbd0e47,0.0010359401
73d76c25,0.00083066616
dc6c7dbe,0.00072240253
61ea68b8,0.0011017548
d5220fea,0.00076775934
7681f1de,0.00095628935
4d85609a,0.0019774768
735f5810,0.0009874979
2d288d88,0.006197887
03908e7e,0.020945014
ef127ef5,0.003016628
82b80b56,0.0021287135
bce86d64,0.000986769
9c3e0a2f,0.0019355163
5d51d260,0.0012041694
fb92ea21,0.000562288
8a630581,0.0020222485
04a6bd8c,0.0010091239
f16921e8,0.0008479082
39def42f,0.0008583921
74d9d4ee,0.010726234
b70d1c2b,0.0007936988
3956e9c5,0.0009132643
41e0ed90,0.00059150875
e9ec1d78,0.0037590866
4beb06ca,0.0019905942
a751de68,0.0005213694
7230cb89,0.001582031
5153a82a,0.0019849543
c66e11cf,0.0010357739
1768dbe5,0.0007714138
5cebcc32,0.0005481735
f62dff48,0.0007969979
1713d62c,0.007218835
9acff0e1,0.0037891276
26a2134b,0.00095808227
bb0e6328,0.02009784
c5e412e6,0.002292448
bc38320f,0.0006190963
bda3fc80,0.00058096595
9e19e46a,0.0008434971
180a6473,0.0006463123
88f41a50,0.0019975386
899af460,0.0007232167
54988c2d,0.006442838
926e8064,0.009025784
2cb71837,0.0015294935
b36c58fa,0.0007015955
c387a37f,0.00046262983
524299f8,0.0005813698
b44a411f,0.0006653446
27e4301f,0.0010441089
4805695d,0.0021635466
28e0e29e,0.019067146
526b597c,0.0018586206
53493ed7,0.0009121604
3d5d1207,0.0007070309
46805f63,0.0006016031
5f1af24a,0.000567203
75045e18,0.001623202
6159880a,0.00074945786
e4042e26,0.0017672342
b313742d,0.0004988796
499c8118,0.0005598366
4d75e736,0.00053482637
32ab9aca,0.0012329438
47df6c25,0.00097364676
da580f8a,0.0008139078
7f0e398d,0.0019681782
75b39cc3,0.0007553088
32dc14d2,0.0020555132
1a77865d,0.004060045
b65a8b5a,0.0008604218
fdf70b29,0.00059655734
a2047604,0.0006791743
ec4d9f33,0.0009593318
d884c2d0,0.002406897
54c2d755,0.0007643455
724461eb,0.001906819
0215e6b0,0.0009141754
46d237c7,0.0006659022
23b8a189,0.006340601
53ca1a44,0.0012246876
cde93400,0.0009538966
a33acedb,0.00079000375
a609a85d,0.00086987036
b80d7894,0.0008833749
5403bf0d,0.0007346793
a8da59af,0.0013364237
804883b9,0.0006450176
ffc643db,0.0007431804
c6241e1e,0.0069304947
04f362d1,0.0006429456
2806814f,0.0021236876
2934908b,0.0013489653
8543a6e8,0.0005386419
3f00abc7,0.0012098444
b125689d,0.0005830617
b9262f77,0.0009700024
9948fe77,0.0010966903
4ffdd5dd,0.0015890026
47d23344,0.0022249054
48f9197b,0.027431069
107cce59,0.0011431571
5ce85a26,0.0028880867
74ef819d,0.002351891
b4f22b73,0.0008787149
705f1080,0.0010115813
c179719c,0.000818782
649fbe8b,0.00072234054
3ddb81ac,0.0012583224
135641cc,0.0011449913
b8eb1dcd,0.00068489776
20a97a0d,0.0008131814
9c114f3e,0.0007494879
948a2bf9,0.0021290884
afe5a735,0.0012547654
d99c6319,0.0010231492
4691a0ab,0.0005029706
f4192948,0.0008167622
5cef706b,0.00066006393
d67e060f,0.00083817623
0a23b18d,0.0016417353
497218ef,0.0031495597
42081b52,0.0011362421
fee74260,0.0011444531
49a329f6,0.0009101488
dba33cac,0.0009492687
b2225a9a,0.0010996311
37f19d5c,0.001172508
30eaa1ff,0.0007133829
8476a4a3,0.0012534693
87b75138,0.001023742
4d088088,0.00066912913
31351327,0.00090679893
dd5c5457,0.0011200731
51cd85c4,0.002337341
48dd902b,0.004461568
6904719f,0.000658032
6ca6b11c,0.00082693034
74cc642d,0.0006573899
ed0e65f8,0.0006536243
418473b5,0.0005686022
37a11e2c,0.00072252576
086cc1f4,0.011950171
d3cfe6f2,0.0018353986
6522f6ec,0.00071189966
8996265f,0.019166538
1e58609c,0.000537819
5a767830,0.00098691
082b5857,0.0019603465
4659b446,0.0008445181
c44b5355,0.0039849775
6d11319d,0.0020413985
9f2c92ca,0.0006039203
0ed08dec,0.0010406759
db31ef9e,0.0021830488
04735fa1,0.0022328661
8dfd808d,0.0009221543
f615b78c,0.0024994153
6db98d31,0.015606223
1cdb05e7,0.0006880413
16531659,0.0007849348
ad921552,0.0009010973
4741bce3,0.0006546354
d38e8401,0.003563481
88bd3da3,0.00068956654
ad739cff,0.00044489533
0e3282c8,0.00096229784
09cafd04,0.004435567
4c75877d,0.00064141734
34d946a3,0.0021031147
5a7f12d4,0.003265206
9ad2ea0a,0.006772025
12724760,0.0019377512
b9c04b51,0.99974626
3f719abb,0.9997789
1cd9b6e0,0.99917406
92958a55,0.99944776
26eaccdb,0.99811757
d69e5a51,0.9997693
38727f8b,0.99962795
4832600f,0.999374
78279c83,0.09366581
dab540fb,0.99944884
88d0a62f,0.99977213
34acaca7,0.99977595
f2a4d07e,0.99961734
75d03222,0.9995028
135ecd91,0.99895275
4b4191a8,0.9996588
2866504f,0.9997081
8e030249,0.99813807
23779f7a,0.999752
643c7d88,0.9992902
0e1950e4,0.9997408
b312372e,0.9995472
fb452f54,0.99946827
c369f1b6,0.9997135
de5713ab,0.99826705
b3c1269b,0.99948263
873f6480,0.99978226
e2098121,0.9997843
75ec10eb,0.999721
7e48f01c,0.99564445
9159b819,0.99972194
704fe9a0,0.9996892
dfd2f54d,0.9997805
9c94b839,0.9997149
27c23a31,0.9997646
ee29924d,0.999782
783fa144,0.99960786
2f738b98,0.99977976
1e42f04c,0.97848505
7a319892,0.99920017
f3f5b8e3,0.9996736
72813663,0.9996877
47b7c03e,0.999629
c865f97f,0.99975425
d1155494,0.999723
bcab5598,0.999754
ad5977c5,0.9997639
2452161a,0.9997247
73a20e70,0.9996209
5236e885,0.9987915
9bbf4568,0.99965954
9a805258,0.9995752
16a36deb,0.9983828
83f6788c,0.99977523
1e99e12c,0.9997372
5bfdadd4,0.9997609
15615fd9,0.9997002
e0307087,0.99960023
a5ae9374,0.99977034
5c63dde1,0.9977162
8ec80462,0.9997743
639dd260,0.9997105
ce72e861,0.99708563
5be139be,0.99196047
effba7c0,0.99974257
fe6db5a5,0.99969614
9ba3dcdf,0.9997416
1be220c4,0.9990694
9f527c4a,0.5155204
ec76e2e0,0.04381583
3c991b93,0.9956755
575b8e4f,0.99796295
58eec6a7,0.9997707
3fe304f9,0.9997662
7aa97c33,0.99910176
567e4937,0.9997392
f020f586,0.99944943
2d6fb88d,0.9997738
f1295a28,0.9996668
3e19dd45,0.9997162
f7f1a59c,0.99958974
1c45a8e3,0.9997234
a504af9b,0.9997036
073710a6,0.99978346
3879aecc,0.99978334
e3e98c70,0.99976856
4e402361,0.9995474
2ead3008,0.999729
b795ac2d,0.7632001
96e3e292,0.99976236
eaf17c00,0.9929067
fa6981d4,0.99970067
3d7e5cb0,0.99977344
08c6e343,0.999762
e83fa328,0.99971706
6a28ae9c,0.9996418
b3112aeb,0.99974567
1f213f61,0.99975604
6d38ec46,0.9997017
084a50e5,0.99976283
bd1dd58c,0.9947395
bb8c9994,0.9994886
c663c030,0.99967265
50ec9926,0.999716
7ff9346d,0.9997025
102f3638,0.99977547
50c7f94e,0.99975413
c294b6a7,0.99813867
3f6bbfa0,0.99848205
a63404fd,0.99974114
23882f45,0.99973685
12cfff22,0.97495383
b7632365,0.9997496
dd268ead,0.9997658
7f226fce,0.99974984
f6a66866,0.9997813
81cccd69,0.9995764
bc95b0cb,0.9842637
c1fc6046,0.99975663
5156301a,0.9996902
04bd2209,0.99973696
a4d83cf8,0.9997694
09e51c03,0.9997632
dd5a135a,0.9997577
9bbdb00f,0.986093
0e341eb5,0.9997799
924234a5,0.9997398
2da91aea,0.9995788
f5cba38c,0.999749
1e969737,0.9997819
7ef199a1,0.99975055
67a63a18,0.9988863
d6170b8f,0.999691
ad3952b9,0.9997092
f28bbbd1,0.9985448
ab8fcb27,0.9994723
c4682a58,0.9987915
03105fa7,0.16131438
4d076b34,0.9902762
05303bc3,0.9993476
7b0b5bf8,0.999686
315e5f37,0.99952066
997884ac,0.9996935
4276b457,0.9721863
1b4f92db,0.99974376
daf2ba53,0.999778
52cd9057,0.9997533
d7c04817,0.9996972
f7207a67,0.99976796
913abf52,0.9991141
1c01d486,0.9997539
0b50be51,0.999731
86c37012,0.99964345
df17472f,0.999295
91fdb448,0.9997789
d433da21,0.99950576
3844a279,0.98987657
6b6f4681,0.9991672
419155f3,0.9997801
5c406cc6,0.43278593
9ea30399,0.9997508
f9f927da,0.9997733
111296b1,0.9995448
7818bc39,0.9996731
249b228d,0.9995161
b64091ec,0.9997775
f6d2d88c,0.9995284
4c8b5e4d,0.99964356
19ce9364,0.99960464
f5679631,0.99443686
147c439c,0.9991867
20bf902f,0.9997582
e7701b2b,0.9920507
ba40e0ce,0.9987608
ac814623,0.9997273
13e30d15,0.9995498
e3ade3b8,0.99970955
663f7dd2,0.99977547
b82fb315,0.99975675
caeda720,0.9997818
34e1e3de,0.99968374
2331eaa4,0.99966633
1bc5acf2,0.9997764
42594527,0.99970347
c5d1f0ae,0.9956448
8dfc24ef,0.9995554
508a4999,0.99945134
ecd4a8ad,0.9993923
b42f6e86,0.9994809
11feaf9f,0.9997576
dd48356a,0.99932575
942bed28,0.9997842
5bd67dc7,0.99973553
cd13cae5,0.17191747
3ad65a1e,0.99976486
2cd0faca,0.99926907
edf06216,0.9997353
3a71a218,0.9996915
9d67b67a,0.9993494
dcb079bd,0.99978155
72198166,0.46876308
67c1e00a,0.99977916
cda92512,0.99977773
54f4a674,0.9997619
4bbc2e17,0.99969494
293facd5,0.9997416
2ac7fa9f,0.99970716
2370e364,0.999708
11ed195c,0.9997602
a1f94ad8,0.99978334
97869f3c,0.9989097
fad82a8e,0.9995479
3f74be1c,0.999689
fd34ce06,0.99929035
a6bf373f,0.9996953
41de8722,0.998787
ca5c3e9e,0.999736
8674bd98,0.99959356
53aceae8,0.9994148
03a49963,0.99971884
16ab11ec,0.99976665
a60333f2,0.99972504
60462a36,0.99973077
992b5ff0,0.99976546
b98a4982,0.9996251
00c18947,0.99977297
6cb16390,0.99958307
98e79f51,0.9997776
b35efbb4,0.99904174
151fb19a,0.9997149
1569b715,0.9996356
d0584fe6,0.9997806
c9ac1bc6,0.99974924
c168d517,0.9997472
95f4b3fe,0.9997831
27852de3,0.99978024
d7db990b,0.99974114
a4c473d0,0.99975425
898355ba,0.9997458
93c4cddd,0.9997559
715e32a0,0.9931907
b7be0cc9,0.99943537
8e4a7e35,0.9996791
e1092ce2,0.99975735
949418f3,0.9997062
195afccb,0.99825066
2df8b4d8,0.9989806
9a86074c,0.9997831
8fbc8b52,0.9997291
2d9b3906,0.9990207
9637c2c9,0.99976
223411cf,0.99975413
f36588ff,0.9997813
d415703b,0.9997757
0584a5e5,0.9997644
291c512a,0.99964154
71783908,0.99562484
166548e9,0.99891996
7102b0af,0.9907843
228a222e,0.9997671
33b2cd04,0.9997794
f08647ff,0.9997782
3c24cdcb,0.99978024
43ac0ceb,0.9996934
9b057061,0.99977
0644ad22,0.9995153
91785960,0.9997832
b007df22,0.99951017
d8c38716,0.9995012
cdcebc53,0.99977666
80d5e4c7,0.99977905
33e84d41,0.9997552
4469b680,0.9997576
e6e7d742,0.99977404
bfe687ad,0.9997695
75b9a499,0.9996871
6ba10be8,0.99974936
c3daadb4,0.9997775
7dde3576,0.99955016
eab570d1,0.9649106
8a22f737,0.99977523
b77e0bab,0.8714846
b1f435c9,0.9997781
1c58b877,0.99977857
1180f913,0.99977165
b651cfd1,0.99879825
adce7f86,0.9996637
059354a7,0.9997074
aaa77069,0.9997491
6051c1b3,0.9997564
4a974eec,0.9994466
c659a265,0.99964345
2ff751ed,0.9997731
3b80fb93,0.9996939
ebc19f3a,0.9997675
1fb04cce,0.9990044
e6ba7247,0.99967897
9ca5df36,0.9997824
f73c7b4b,0.9996074
5457012e,0.9995043
5f3a7fbf,0.9996313
2e82c8c3,0.99966514
b75f3125,0.99978405
9261f17c,0.9997763
cb9d4f8f,0.063678935
bc0e821d,0.9997701
beb10a53,0.9995425
01b0612a,0.99976546
7511c77c,0.9892741
0f0967b3,0.05651838
48c7fc8e,0.99726486
ede321af,0.99966514
36fe6f28,0.9995552
fb12726f,0.99417394
73415bab,0.99973804
9415f046,0.9996661
d4cc47b3,0.9997831
6cfa77e5,0.99806434
962a50c4,0.9996624
4b055d74,0.9997377
16065cf5,0.99976605
99eddcd0,0.9996847
f052ab03,0.9993273
e9cb10cf,0.999119
3e442498,0.9997402
7f8e2fba,0.9997727
c743661b,0.9997733
4c308b9b,0.99977046
323cfb03,0.99978596
b32dd14c,0.9996885
f6b30dc5,0.99970204
2de7e0ea,0.9997602
00cc9c04,0.9997433
e1206310,0.99965596
5ac99457,0.9995338
7d1c0851,0.99975175
409d4105,0.9994715
3959d9b3,0.9885218
bd5bc7b3,0.9994165
17d5efc8,0.99971837
5ce781bf,0.9997291
658231e2,0.9997187
f7e879a8,0.9987245
9e7cf525,0.99165136
14d7f5a5,0.99908507
3e983274,0.9993956
f72355cb,0.99976593
d855ce18,0.9997814
da5f8ee0,0.9997004
c9fce5d3,0.9996568
3ce452c9,0.56276715
ed165ce4,0.99955755
c0a5c9be,0.9996879
7feb3766,0.9946732
485cc611,0.9997098
15107fce,0.9956642
eeaca9ae,0.9997485
7dd1f8b8,0.9996294
6dff25d4,0.99978334
1461c7a9,0.9997234
923a2eda,0.99976534
7a7040d9,0.99970704
95d21813,0.9446198
b3131059,0.9997787
94a97d5c,0.9982052
c44559e9,0.9996891
c2cbf037,0.9996947
efd0ea9f,0.9997446
ed43c236,0.99898607
760cbca4,0.99962974
097817de,0.9996486
a34eedf7,0.984783
30cdd7d9,0.9660975
f2b033d1,0.9997409
06413155,0.99976903
27925347,0.99971145
13c34db1,0.99971884
1682f3ab,0.9993906
56872531,0.99957496
5fe614c7,0.9997845
c9540c9a,0.99975914
db3133ba,0.9996815
9b7fdd70,0.9994129
a7032224,0.9997763
90db6326,0.9996741
5a5d09aa,0.9992679
0cf8730b,0.99978155
900df5d4,0.9936707
308c367c,0.99977535
aad4553c,0.9997415
e8a961c3,0.9993581
ee47ed5b,0.9997093
78447ee3,0.9986292
e3079390,0.99956924
bb359b02,0.9997805
7a0e6f31,0.99960953
5b85923f,0.99977845
851cc5b6,0.9997819
2db07ac7,0.99977976
09498e56,0.99973005
4ebb503f,0.9997762
d0e0d5e1,0.99977833
bdf51807,0.999731
c3154256,0.9997106
f64a4904,0.9997718
424c5894,0.999718
450ca2e2,0.9996259
80ef4494,0.99977905
357768b8,0.99975044
8b8d573c,0.99972695
42511a03,0.9995148
ff354aef,0.99978155
9973273a,0.9991949
50603388,0.9994916
c33225e3,0.99967384
bc1a3297,0.99973446
05f167f1,0.997766
b97d3e65,0.999451
4a207703,0.9997805
a4d7c404,0.9997819
5c99e8cf,0.9996892
98bd0645,0.99977964
97284571,0.99969935
053d939a,0.9997733
dce56770,0.9845956
79fc0fef,0.99973303
9f5dfe33,0.99968433
33642e74,0.9883022
b50b7343,0.9996018
afaf8101,0.99950457
983b82fe,0.99974257
b8e66d63,0.99975806
dc8dfe82,0.99975556
c938ee6f,0.99976915
2e4e2577,0.9946478
b0be2428,0.99977785
57001a94,0.9997825
2d64f91f,0.9997658
fa0748c3,0.9994036
8b73bf07,0.5891744
ffc7b88b,0.9997409
14ee173b,0.9997832
ba3b5b5b,0.999741
65ba5912,0.999461
5337412a,0.8927023
9d7f9bbf,0.999683
98ba4441,0.99971324
d8f7e7dc,0.9906172
500a2ec6,0.9978708
69557b85,0.9997527
82eed27a,0.9977496
f6cd6cc7,0.99444026
3b328303,0.9997086
185662b8,0.9534202
5b609a9e,0.99978226
89712e3f,0.99977845
8ca3647a,0.99968576
27be219a,0.9997851
b54bd66c,0.9996927
c65306de,0.99972373
b1b011f5,0.9996873
acc78dbb,0.99972695
9d889a2b,0.9996809
8e35b055,0.9997162
9fbbf827,0.85113543
2fdb7f33,0.999668
9ee6ac5e,0.9996691
4752e523,0.9997552
dee5fa5e,0.99972814
9826e251,0.99961424
ffaf0631,0.9997838
bdc6040d,0.9997321
e9aef1a3,0.9066763
eec591f9,0.99974054
16de78c9,0.9991829
aaaa2022,0.7223492
eb82f090,0.9997837
b100ca18,0.99958485
8bd238ca,0.99969065
3d620e38,0.99971443
feede1b9,0.7902707
eb425e3f,0.9570258
f36a5236,0.9871035
b9e874de,0.99978024
f2cc9f5a,0.528623
d11d88da,0.99975973
649a9735,0.9997404
f7e775ec,0.99967146
2c6e6963,0.99859923
f389f874,0.99968874
a2263d1e,0.99961156
f4a27d1e,0.99868935
62657d54,0.9996941
a4b47447,0.999783
ea673b0f,0.99974066
5d75f2c3,0.99765354
04511346,0.9997609
4500196d,0.9997818
ca9fc28c,0.9997814
e7a2fc7c,0.9997209
cdc9ea20,0.99973077
fa78d094,0.9997805
1e48ff47,0.007840685
af75ba8c,0.9997409
6ad9847a,0.99973243
2aaba0ba,0.9997565
58366d98,0.99963975
d1e882ef,0.99976414
13a58d36,0.99978405
4a05dcd5,0.9997844
54b65c97,0.9997383
bae3d7d4,0.9997682
69c0b4e5,0.9996345
a73a3009,0.9992324
d8e63f2f,0.9997694
8b3c8f96,0.9989405
9d06a26f,0.99972147
73243ca9,0.9997824
d5881382,0.9994894
6a3fdc81,0.9997365
41dcba0a,0.9997844
2a4568b3,0.99978155
3990746b,0.9997551
3a811361,0.8686825
10bac0a7,0.86569816
c21c947b,0.99919015
67be6056,0.99976903
55677f50,0.99967945
aac14999,0.99975985
1409ee60,0.9997161
6162af0e,0.99928504
4b43cd23,0.9997825
fcd10819,0.99969184
348fbee9,0.99977845
c8c20724,0.9996308
8c4c43cd,0.9014186
b29f1c5f,0.9997795
e3ca3998,0.99977833
b76aaf7f,0.99961275
03d6c7dc,0.9992618
9d4f2621,0.99972206
1b049192,0.999608
c0ba6c6e,0.99243766
01ddf5c0,0.9973356
b7ddd669,0.99956924
57caae36,0.9997552
f30e3deb,0.9993766
71c06170,0.99764234
f3ba0944,0.99938905
fb89b2e2,0.9959865
f8201b4d,0.99952054
6dc05915,0.9997652
5200b3d7,0.99957055
3a787df0,0.9995041
a8f5237d,0.9997776
934ba985,0.9995752
8def225a,0.99912804
3f00abc4,0.99976164
6ff29521,0.9995328
4ceed3a9,0.5728593
b05c82ff,0.99974555
325f9cfb,0.9990577
be9c3ed4,0.9997509
4d81269a,0.99960166
5ca056cc,0.9899871
4e7d4723,0.99976224
f1e1cca6,0.9996892
ce39ce8b,0.9997757
3b6433fe,0.999673
822e11fa,0.9997781
e93cb007,0.9995728
e2736c03,0.9996007
31af9c64,0.9996401
dd4decf2,0.9997335
44253888,0.0017042794
3038b914,0.99973625
14262d8e,0.99801195
57df7e9d,0.9987797
6cf3bf00,0.9997743
795b41f5,0.9944864
e200c322,0.99947864
8d30b7a3,0.9997634
32c5e96e,0.9997832
15320eb2,0.9987268
de6274a6,0.99734384
d3a72b19,0.99939466
104ba4cb,0.99978226
2151adb3,0.9997274
25d1f4f4,0.99972504
4a45b42b,0.99945086
9754cfa9,0.99864763
6e4e3cdd,0.9989698
b35f0902,0.9997491
b2998ea6,0.99963176
c397d1ae,0.9997614
4d7f6363,0.9995383
57646525,0.99974054
27303174,0.9997756
70ada70a,0.9996586
f72752a1,0.9997795
40a985a4,0.99941564
7db1d3dd,0.9997501
620d8d16,0.99968433
ae64f79b,0.99977547
f7ad6299,0.20341268
7a78e51e,0.9996375
91996971,0.9993476
f275df31,0.99978274
e57f9c99,0.99924964
4e13fab3,0.999703
2e7be3d4,0.9997662
a7a8feb5,0.007729849
9b5e728a,0.99743843
66327fc0,0.9997142
fe8eb8bf,0.9996836
37dc67fa,0.9977276
c0dc29ad,0.99973446
1a1a1a22,0.9997744
e60d0638,0.99936825
45bac2a7,0.9997371
23fcfab7,0.99882466
bef4361f,0.9993849
608837cd,0.99892586
e6d3bc70,0.99946994
3ce29307,0.9997844
5e12ee0d,0.99975806
f9497213,0.9994024
6da257ab,0.9997278
6787ea57,0.99976844
7c527ef0,0.9997805
a55a77e4,0.99968994
e0f7c211,0.99974614
9e7a8f85,0.9976687
470eae46,0.9997527
7ad0004d,0.999765
d73645d9,0.9996685
1c94a19b,0.999597
92f3fd10,0.99977416
fa06dfb5,0.9997589
26121672,0.9997609
5ec497ae,0.99880123
e467e564,0.99978524
aaf9392b,0.99972254
5fb14868,0.99971086
316444c5,0.9977229
1a1062b0,0.9994987
d9d22a1d,0.99966145
3b2eb37a,0.99916637
eb2ab7f2,0.999463
d75473b7,0.999481
68e8aeb6,0.9993579
2481f77f,0.99978465
0aec5f49,0.99973065
9d49dda3,0.9997651
afa8f46c,0.82660824
341ccf48,0.99969923
0edaeca6,0.99978155
1b201261,0.99943966
711a7f10,0.999757
b3b3828d,0.9989324
e9e0569d,0.9997639
833d587a,0.99778914
71a9461a,0.9997725
24b95c24,0.9994019
7e74ff11,0.99977344
d4cb0524,0.99915075
738ac1a3,0.99975306
c468ad2f,0.99941564
b83ff3f4,0.999448
6ddedd74,0.9997764
5fbb7eea,0.9996669
a4956de5,0.9997458
ca6e6a30,0.9997826
2e020878,0.99976903
66540c6f,0.9997601
60cb2d1d,0.9653338
c4c037b2,0.99914145
8b1c66ee,0.9997614
bb830523,0.9997782
e78b6008,0.98467493
deb4f157,0.9997576
c6169bfa,0.9995191
52911df0,0.9997745
3ccab402,0.9997751
d7da6134,0.999443
d73b0502,0.9997304
dd265d0d,0.9995486
84182d11,0.99973994
3c08f7d9,0.99974376
c2e93ee1,0.9996425
2713b721,0.9997547
3ae32929,0.9994271
c7189057,0.99973077
a84a943e,0.99915266
b1397743,0.9989889
d2435926,0.9997578
f20347c0,0.99959344
ae06c824,0.99884075
dd634787,0.99973553
6905a734,0.9997402
4a6b9fd6,0.9997069
da2ff98c,0.9997451
9f4db9b0,0.9740346
243f0f57,0.99973696
c00abedd,0.99967825
40797787,0.9994795
b01c0f7f,0.99971074
543bb17d,0.99966323
a1eadc91,0.9997845
3cea242e,0.9995435
6744761f,0.9996648
bbbbe345,0.9997248
e4aed41a,0.9997768
ce91c1b1,0.9997068
d9bd1986,0.016407687
70666f23,0.9996439
ec7f4081,0.999775
967c79a9,0.9992078
5ba50361,0.9996637
827ec185,0.9989453
ea1e53f1,0.9994842
5772244e,0.9997826
c34fd721,0.9997737
cc089934,0.9992131
7f853d88,0.9995059
9d38b195,0.9154047
62fdac2b,0.99646604
c84b574b,0.99975485
de9f9473,0.99978
27a1de64,0.99962115
7c661d67,0.9997751
28cad873,0.99970394
20675df1,0.9997776
fd491675,0.9997818
dd938618,0.9997551
17f174f7,0.99976474
036b26c8,0.9996706
b811f495,0.99975055
1c0e0b76,0.9997496
57aee14d,0.0028657222
e627b900,0.99977523
160fc865,0.9997384
b2887e68,0.99970067
4ad4e876,0.9997284
5c395c0d,0.9987463
54abe569,0.99961567
b91b3a2b,0.9997676
6be70892,0.9965166
fc7c1b21,0.9997756
6b07d07e,0.9997186
f2ebdf9e,0.9997818
963df36e,0.9994785
e2ffa22b,0.99974746
61efa8bf,0.99959487
c84a4884,0.9992975
a0a1d9ac,0.9997484
58cb830c,0.99105537
5cfb966e,0.99951124
90b394b9,0.99978524
6ce9db84,0.99975926
ad3fd4c0,0.9996418
ee09b548,0.99978703
321f647a,0.9997136
408cabd7,0.99969995
59ba08f5,0.010133841
180e3404,0.9995912
fc8b8802,0.66610044
6c1ad8c4,0.99977404
58ff827c,0.3079315
2dc4fc47,0.9994604
81281221,0.99977905
c0aa42b6,0.99978155
3a3ae32f,0.9996929
f2ab04ac,0.99978167
79db6515,0.9997743
860f2433,0.99971014
b24ba8f4,0.99975115
a03bbf07,0.9431614
46caab4c,0.9997002
00f502a3,0.9996131
4045a529,0.99972695
1bb6643b,0.99968195
4485f73e,0.999574
76bd9153,0.9997106
225cecb5,0.9993488
9721abb3,0.99977535
4e69fb4c,0.99975866
4bd78e69,0.9992054
ec34a56f,0.9996853
0ba72141,0.99977595
f7d22d0e,0.99937385
1e33e3f3,0.9858058
4e22000f,0.99804014
31756a50,0.9997316
e3cc981f,0.99968874
835c4a1a,0.9996152
4bc2f23d,0.9697761
339c2796,0.99948597
b0be8d86,0.9997632
d8d1bb6b,0.999785
0b370b88,0.9997472
7e2e9d92,0.9992874
3fb54557,0.9997842
d79f7c66,0.7538259
6fdda4eb,0.9997733
c4da8d3d,0.99948335
c69e3120,0.99972695
c72701c1,0.9997509
f1a368be,0.9997398
bc22ec50,0.99976176
2f11ea38,0.99947125
417c5ccf,0.9997631
c4f6d764,0.9994574
131f09cb,0.99910295
8a0ed56a,0.9997515
62da4c98,0.9997172
f14d0e41,0.8292813
1cb80e07,0.9997819
8141f98f,0.99952066
fdb53c95,0.9993736
b912230a,0.99883956
c6c35790,0.9997807
c61b5ec1,0.9989415
bb0e579c,0.99964535
c7784426,0.9997799
5fbcaf1c,0.99942076
7b15d4e1,0.9997086
86186420,0.99967515
6a061560,0.99960166
de00aa6c,0.9997428
21b93b03,0.99972683
e49ab50d,0.99911815
2f40aaa7,0.49725193
65c8c93e,0.9996306
fa72e735,0.99977905
9d276476,0.9997751
3f0ea3ca,0.9997094
621031e9,0.99978465
05fb46f1,0.9992694
2a161b06,0.9997522
6c25c5ff,0.99978393
4ceb92fa,0.9995685
04eeb243,0.9988888
528e1ebe,0.99931383
2a251639,0.9996846
f15c7463,0.9997675
08c1032f,0.9997304
970e750b,0.99977404
8a575d11,0.9997509
2f1c0188,0.9997054
cfaf8545,0.9990019
f2856d7b,0.99961025
45d45a4f,0.9997329
608b6d1e,0.99977297
8edbe285,0.9957332
b00a9685,0.99972993
ba627f53,0.9993678
9cfcbbbb,0.9993783
a4a7365d,0.99976987
fb1239fd,0.99967384
b3814dc4,0.9995808
023f1df9,0.99365187
57e0b500,0.9997665
6238eac0,0.99972147
bf2a798e,0.9997849
92a32595,0.9995309
a2208591,0.9997341
e2dbf26b,0.9867553
3aead421,0.9987845
f73ace89,0.99977285
6b7b517c,0.9997346
9c9c5ff3,0.99947673
80f0e715,0.9995382
c2e04104,0.99967706
aa5c9ecb,0.99975723
7ffc7f7f,0.41128966
2082dabb,0.99973744
7b000ed2,0.9996973
d1f7812b,0.9997303
275b2aa5,0.9996673
24e1cedf,0.9997408
6daabdee,0.99966145
c30d8938,0.9997701
7ccb0e1b,0.99966764
33c381ae,0.9992859
b37310d1,0.9997212
b2e9ba25,0.9997801
64ea674d,0.9997665
e7d60308,0.9997639
4c0c8abf,0.99977714
97fc7e6a,0.9981653
40f2ff5f,0.9997223
5c82f87c,0.9933321
20c14996,0.9997365
36703c72,0.9997272
23316941,0.99963367
01b0a2ea,0.9997825
ca074a36,0.99974185
80af1dcd,0.99942505
5c3c2eb7,0.8296691
4c57aef0,0.9997632
6855bd7c,0.99975747
d8aa39a5,0.99965453
f7e12766,0.9994211
8b972fd2,0.99965656
63294a96,0.99973446
965ae1b2,0.9988543
da6ecab5,0.9996147
30855654,0.99963856
226239be,0.0012868929
2f76c15e,0.99977773
e2e1f381,0.9997483
2541894c,0.99978167
dcc6d3c0,0.99977714
e87693aa,0.9997042
241479b8,0.99928457
d4192cca,0.99973935
80e5e437,0.9997197
1a28cf1d,0.9997019
23d2215f,0.9997255
331311b5,0.99964225
3911367b,0.99978
5bd00c05,0.39723384
ed92a615,0.99971634
06e00a89,0.99978393
103fb0a2,0.9997671
e1b4d3fa,0.99973494
7721f0d8,0.99921536
bb061a39,0.9987204
3147087c,0.99976283
8cec34d8,0.99978095
69826a5e,0.99976677
29d93327,0.9996284
54dc96f9,0.999778
2a6f6d2a,0.99950635
3aa6f667,0.999746
edd90722,0.9997253
4bbbe5b5,0.9997508
002c1983,0.99978036
722fff29,0.99943787
941e44d2,0.9997279
68b425d5,0.99971825
3f5afe5d,0.99975663
cc111f9a,0.9995552
5709857f,0.99975723
be779dff,0.9997334
3b1630b4,0.9197933
22e30cb7,0.99975413
04242f35,0.9997526
5c731a99,0.9997825
f121a867,0.9991917
4babdd56,0.9997199
2d0da2e2,0.9980843
2bf40176,0.9997454
0b978119,0.99947625
4ffb0cec,0.99977595
40335f1c,0.9997844
122444ce,0.9997017
8172e89e,0.9997383
4ac87591,0.99975103
660ef23b,0.9988794
f8a72b48,0.9994831
023755e7,0.9997074
7302057f,0.9993968
b65aac0c,0.9997497
c1326e21,0.99735606
7849a67d,0.9884371
6482ad36,0.9996674
f691cb09,0.99728215
5a381e84,0.99875903
2e11d9ea,0.99976414
1cb103eb,0.99976057
7b0e862a,0.9997818
42012d17,0.9997819
49583b5b,0.9995772
f55c574b,0.9954501
b400c059,0.9997707
5e5e7a42,0.99960846
754116b2,0.99972767
7cce2e2b,0.99972385
11538229,0.9997334
7cb59fb2,0.9997582
b0436b7e,0.99637955
68b841da,0.99976367
c8902916,0.99976486
62aa28d0,0.9997789
6afbae77,0.9997837
618fb2f4,0.9997111
4e6f5396,0.9992198
dbc77798,0.999589
5cd6a133,0.9989504
99327a5a,0.99918133
f77d2f83,0.9997681
e019dbc8,0.9997837
9eefc10c,0.99973863
f9773f2c,0.99977034
6de3c515,0.998985
4e55d709,0.47517174
daa79004,0.999734
a389b384,0.9997197
10d73e22,0.9995797
1ddfdac2,0.9997354
34a33770,0.9997762
23f32a63,0.99818355
7a35b030,0.99974245
58f1f4c3,0.99976784
40bc504b,0.9992694
b8082550,0.9997199
42e342e5,0.8201734
b56549a5,0.9996706
6522a509,0.9997793
2335a889,0.9997787
8b2f5179,0.9989303
fd3f0908,0.9997782
8b79f714,0.9997706
cce56548,0.9982951
a31426d9,0.9997749
a333bc3b,0.99957126
0642ec18,0.9997402
ee74fe88,0.99955124
ee283f11,0.9995728
f68abcf3,0.99713135
01af7c83,0.009088141
3377deb0,0.9996158
b825e7bc,0.99962175
e2df65dc,0.999777
a66933c2,0.99978095
966e2087,0.9996977
0a511750,0.9997757
af89ad2b,0.99972934
e5df844f,0.9995695
31d6ef1f,0.9980229
4b2042a8,0.99978346
c4eaf7c6,0.9997844
42d751e2,0.9997665
f8743268,0.9997664
d81e9728,0.94434935
cf63aff3,0.9996507
0359d7c0,0.9992781
5ecae58d,0.999762
55eace7b,0.9996884
8adfab12,0.99852705
2e53f884,0.9997737
165b3c9d,0.9967739
9d2db145,0.998896
07bcc651,0.9997688
13deea7d,0.99970466
300aba80,0.9996854
35e1413e,0.99935764
fab1456c,0.99962294
b8434726,0.99977905
174d33a6,0.99977237
350f7ce0,0.99971133
97999eb8,0.99422234
dfa7af2e,0.4804918
1afc28b7,0.9983151
fff59a41,0.99854517
5ffaa606,0.99953926
c46cf4d7,0.9993585
0d59c587,0.99970585
2d7c6540,0.95977455
ef2136cd,0.9997472
ede3907f,0.9996344
137c626c,0.9944291
db8e4a11,0.99961853
8f197e09,0.99973017
677f7674,0.9997569
f6a27118,0.99006164
2c2439fa,0.99977416
57071620,0.9849702
834774e1,0.99957925
8622424c,0.999775
9280365a,0.9997451
4f16ca30,0.99975055
7d977ddf,0.9996855
e84bef59,0.99966943
986f73b4,0.99972683
3b13c433,0.9996092
f330eb23,0.9997714
a6af9a3f,0.9985447
e3ef2696,0.999739
ca295757,0.9997607
0d1f2f13,0.9964516
3d6ee093,0.9997397
77d59544,0.9992211
4b2ddb75,0.9967771
c7c9905f,0.9996444
b2f425c8,0.9997719
e9a17959,0.99977976
0a4b75b8,0.99978215
51f74b47,0.9997706
568cecda,0.9996146
e5a1456f,0.9997489
b1599126,0.99974805
2485929e,0.9996619
4f4b73c6,0.9997689
3343ed2f,0.9996985
4fe77e36,0.9996692
de95eb83,0.9997577
3bac7d2f,0.347718
489f81a9,0.99975306
22957f77,0.9997609
2b3cac48,0.9997807
fb05afd9,0.9997758
70b995f5,0.9997477
33c648bb,0.99945897
4e6cec91,0.9994618
eae2e0ba,0.9995166
dd0d88bc,0.9993505
f262f89f,0.9997056
4a0cd94c,0.99956125
8503f2e8,0.99977666
fd1275b3,0.999228
77f55f31,0.99951494
0f2fa170,0.99763906
c6b6715c,0.9996735
d8df646f,0.9996269
79f8b089,0.99937266
737e7f98,0.9996737
795063dc,0.9997327
a9f210f3,0.99977547
2a4322bb,0.99978584
eb6e6c4f,0.998439
627bc8f0,0.9995524
8def1650,0.99958867
ce1cd681,0.9997712
092d68f8,0.99976736
7eb0d821,0.99977916
48e32848,0.99971884
f07596c1,0.99956363
44056c72,0.9997762
57345db3,0.9997774
b003eda3,0.9973701
e890149b,0.998552
cf45f2fa,0.99975854
f89f26ac,0.9997842
d1f30323,0.9997696
414aee15,0.9994055
6f087e3a,0.9997657
6d3711da,0.9997539
f5c2f34a,0.9997789
1c8bd75d,0.9997383
0d584889,0.9993387
803d91b7,0.999757
626c132b,0.9997317
beda71a5,0.99962234
fb3f943f,0.8593493
242f06eb,0.99968624
fd7d34b1,0.9997414
3ee1e377,0.99963105
fe1d02cf,0.99963737
7b8d79ea,0.67619455
c555c2cb,0.9997429
500bef5d,0.9971806
db8dec98,0.99976474
3e79ecf6,0.99966073
47d4c7c4,0.99948716
03f68c7e,0.99216145
d001e1f5,0.9996507
bfd22025,0.9997801
cee16711,0.9996345
e93864ca,0.9953401
02f3d031,0.9997738
7e7c86f6,0.99973553
3cab507c,0.99978167
15fb112b,0.9995993
c9a9940f,0.99968326
3ced28a0,0.99856025
88b2c2c1,0.9929173
d179489e,0.99578387
bb0d086d,0.9996855
067c337e,0.9996679
59bda4ec,0.9997619
2c1e7e36,0.99971384
6572e033,0.9997303
36ded854,0.9997495
9e2f3b66,0.9997776
9fdaf373,0.9997738
c6377e5b,0.9997131
fdb4fe09,0.99972993
9aabae1c,0.99965465
425a12a9,0.9997787
7065e8f6,0.99974924
002a8d59,0.9997644
e203e94c,0.99921787
9cc6177c,0.9997365
6168ef94,0.99976414
73521498,0.99973565
e46582c9,0.998865
d69a6f5c,0.99961615
a7345913,0.9996482
34c3ce9d,0.99943835
dbb9ac0b,0.99960786
9d050a09,0.9997446
371cba65,0.9997261
ff84e052,0.98838216
c6f7b151,0.99975723
7e10126c,0.18437846
f685a32e,0.99975616
84553cd0,0.9997826
a37ea91f,0.9997787
6ff2fd20,0.9997787
0ec2a11e,0.92561346
ab51a67f,0.99965215
f309dd56,0.9996687
713af9cc,0.9997801
401c201c,0.99900013
421fa82e,0.9997706
8d7fd6a3,0.99967337
8c725834,0.99946195
59a3c8eb,0.9996126
8c82a1eb,0.99978095
85f10718,0.99970216
35f3837b,0.99968183
9dda6930,0.99968433
4c65ac10,0.99977773
e224a817,0.9997235
01546c2d,0.99973565
f0a99850,0.9996221
0dfe54b3,0.9989711
43b1d796,0.9980932
e1e2f06b,0.99973553
3ff4627f,0.9997738
3889e273,0.99955267
332634cc,0.9990258
074b8bbd,0.99974626
001686c8,0.99976856
6a701fb2,0.9994808
a83b1275,0.99976283
5e36d73b,0.9997392
eb9bbff9,0.9997217
39064e1a,0.9993362
f47da36b,0.99954706
320c1428,0.9997837
6aea41ca,0.9997824
2208dc91,0.9997826
8144f77b,0.99966824
e78a7214,0.9997609
66d546f1,0.99955493
b70f6e98,0.9997664
fadced0c,0.99968874
6fb0193d,0.9997665
c3ab5cf3,0.99976104
4ff47f51,0.9997166
22c64f21,0.99963915
8d7085b6,0.99977
4ad29bd0,0.99977845
c18869a1,0.9997563
367ee257,0.9988644
9115c890,0.9997136
7cac7022,0.9997651
2e76643c,0.99972147
047be9db,0.9996908
447fc9b8,0.9929865
122bb5d1,0.999645
3d0881bb,0.9997223
9e8338a3,0.99978024
40426c1a,0.99974304
310daffe,0.999734
512218a9,0.999772
a7013c4f,0.9977291
53529353,0.9991763
ea709edd,0.9996768
d611c32d,0.9997799
fb9e21c9,0.99974626
5a7bfe42,0.9997769
5d5f0135,0.99953866
5bccf605,0.99975103
41b5e613,0.993135
7d36ed5e,0.99974126
4bb393b2,0.9997631
fc16cdc0,0.9996319
84a3d131,0.9995474
58085982,0.99977916
d21cbee4,0.9997328
72f2fe44,0.9997781
a16d0516,0.9994423
9b9cae02,0.99957615
9c1ca50b,0.99977916
b20346ab,0.99977547
04942b3b,0.9972976
aa66d922,0.9997631
cec17ff6,0.9997813
7b8c7572,0.999726
4e86ee51,0.99977857
cf329d6f,0.999783
39406fcd,0.9997695
09b6241f,0.06056894
930dc860,0.99972326
09c63bff,0.9996917
2f8a3c08,0.9992698
2b8327dc,0.9997614
69186cf6,0.99973685
bcc6635b,0.9995813
a9f7cff9,0.9993006
f2e6a73b,0.9983491
782464f2,0.99910897
2277b29b,0.99907804
2a14d59b,0.9993438
67a44dcb,0.0024648705
bcc26c4d,0.9997495
7ed6c94f,0.9995789
e03bac3f,0.9996276
33ea9444,0.9997689
6c15a1a9,0.9997056
f0c18392,0.99961734
a69ccb80,0.99961144
f57f00d2,0.9997825
ecd8ffc8,0.99972767
8edeb7d9,0.9997763
26445ae4,0.9989126
5e67e96f,0.96221733
aee3c68b,0.9997259
c4ecdff8,0.9997377
0a240a17,0.9973744
d681d0ff,0.99917597
eb289770,0.9997807
04c3f057,0.99973124
797b75f1,0.077454366
0237ce4b,0.9997613
ada21d3d,0.9995295
adc94060,0.99743736
2f577ba5,0.99500304
fb225cee,0.9995665
79566ae3,0.9997782
b1e55c94,0.9996785
91201e1a,0.99964654
1a41c4bd,0.9997652
78fa9f29,0.9997367
b266bde6,0.9983424
9c5b9625,0.99949896
18fbe8ce,0.99974793
5cee77aa,0.9997553
16f2b488,0.99918765
27d00eea,0.9997676
1e4f0840,0.999764
2d5925a5,0.99804866
5db1f6f7,0.9995384
5dc1540a,0.9997247
84684c6a,0.998389
be67710f,0.99925524
0694270a,0.9997712
d92a3642,0.99973494
ac13d1b9,0.9997662
8f8aa84f,0.99975556
151aa899,0.9997845
93e022d2,0.9997738
1815b8b9,0.99957794
710c2615,0.99975735
ab65922f,0.9945962
6a2de9c5,0.9997819
d177e870,0.9997745
510f3cb2,0.9996141
a808f2d8,0.9996691
b635958f,0.9965994
d6244c6f,0.99978226
04c9a22d,0.99365824
8398ccba,0.99968886
aed1d458,0.99845135
e6361093,0.9997192
881d16e3,0.99955374
3450f69e,0.9997689
da9d1dc7,0.9997768
cc2ec2f7,0.62678367
661bc346,0.99977416
299cc418,0.99970067
7c4df707,0.9997744
8f47a1aa,0.99975246
9d758e81,0.9997832
4eb6f004,0.99847454
b12a917c,0.9989699
0c78e2e8,0.9997744
56fc444f,0.999102
4535e1d4,0.99967706
2e34d8eb,0.99976784
9f1c336d,0.9994635
c6d3ec25,0.9997682
a1287c9f,0.0058697164
6400a034,0.9996356
686b537f,0.99967
efa8a1ae,0.99950755
6d62f851,0.99959296
4692c77f,0.98667765
df05717f,0.99970007
ffc42d20,0.99939
8c4124fc,0.9997323
2ed348d4,0.99968433
620da1ff,0.9994541
9a544ec5,0.99974054
66683ee0,0.9994906
481033b8,0.99947137
507b00f0,0.9997645
1fb8832f,0.9968449
681a6dfb,0.99977714
6b76aed7,0.99976224
0f6a14d5,0.9997811
283e4599,0.9997731
e8c7eb7b,0.99953675
6d1a75dc,0.9997651
bf31a088,0.99977404
fe7d3280,0.9996911
12f4a223,0.9996761
f582d85e,0.9995685
2a51c0bd,0.99956053
977bac61,0.9997589
28e58043,0.9997831
78530180,0.9540181
bb9597b1,0.99974793
4b921d19,0.99933237
04217d94,0.9996257
5d839116,0.99880314
905fa5dd,0.99973494
0aee8bcb,0.9997665
089aae2c,0.99977463
a4e6d954,0.9996886
16fe1d1e,0.99974006
63f82ed2,0.99909127
f55a0b33,0.9997507
207eff57,0.99933785
99beb51e,0.99966943
cf291455,0.99975294
8cdbab2f,0.99972826
8d15a289,0.9997789
2f2edd5a,0.9997141
e5a05e66,0.9992095
a006053a,0.9992637
15d2efe6,0.9997812
ab9fd3f3,0.9997657
2250687e,0.9997185
900d01a0,0.99888176
5cb4269f,0.99977607
ada97911,0.9997571
00ffdeda,0.9997609
2fd69719,0.5784734
8d386bc7,0.99978083
4bbf8ed6,0.99941444
0aedadcf,0.9997321
09a7ca6f,0.9997085
ce3bb416,0.9074407
e36be5df,0.9995926
08fb91a6,0.99976176
83d801ce,0.99975294
f7867ed1,0.9996973
1c4d7398,0.98997915
0a5b9302,0.9962997
1e75e46e,0.99973077
82f7330d,0.99972576
aed21e9c,0.99972636
7b44ad74,0.9994968
3312bc22,0.9990011
270800d2,0.9997496
439b63e9,0.9996426
592ada5f,0.9994848
0404d366,0.9994287
c004157f,0.9997701
d1764c90,0.9996623
35ec6b61,0.9997739
b28296ba,0.9997651
87bd37b2,0.9995561
6e3d433d,0.9996215
daab6f42,0.99952173
8d623b1a,0.9997811
e362d41a,0.99975926
710e995e,0.9990301
a787504c,0.99978346
bcaa725e,0.9992256
c7ca83d4,0.9997265
6f232571,0.99977976
886e751e,0.99974936
ffb8f9d1,0.9997824
00d2832b,0.99931824
5756040b,0.99967813
a42c49db,0.99976605
fc1b8cf4,0.9994616
e5791f58,0.9997806
223f806e,0.94397485
fb05511e,0.9996487
b8df05c1,0.9988399
6b3ad2c6,0.99978
291c2773,0.999062
e3062d6f,0.99975795
7ad8a3d8,0.9997619
86083389,0.9995352
4208d4b5,0.993632
dc4c5491,0.9996699
9edfb856,0.9905239
b6027f29,0.999782
e63859e2,0.9997625
beb8676e,0.9996679
fdb8751d,0.99973375
079473e6,0.99257493
2500447a,0.9997241
17f221c2,0.9997112
3c25c6ad,0.9997824
e08cdd91,0.99976903
539cdbe5,0.0076790536
7fd0839e,0.99975604
9f4ea8f9,0.99947697
1b778eb3,0.99975926
218d5b2b,0.99975044
3979cc97,0.9996896
03d9d808,0.98682076
cbe23ce5,0.9997677
5ee5b56a,0.9991868
e4b6622d,0.99971217
8e97b4fd,0.99972314
e87c9df8,0.9959734
a46f6cd8,0.99923086
58fd0e68,0.999767
f7d10a67,0.99867994
f34d9c85,0.99977285
6fe31492,0.999785
166f0fbc,0.99977833
0c2cd26d,0.9860881
01f51a51,0.9997446
1b7f29c8,0.99975425
01d4c8d2,0.9856522
1f2c0f90,0.9996295
dea36509,0.999741
25073e8d,0.999785
a99ac998,0.45141292
7797343a,0.9995301
7276fadb,0.9997825
72fb1312,0.9996586
5e733665,0.9997789
3e841053,0.9990827
81e4f42a,0.9993969
0a5eeca1,0.99978083
bfe0cc71,0.9996922
2d12edad,0.99977165
ff6891fe,0.99976534
7a7f935a,0.99976665
68f80749,0.8469388
f0187e0c,0.9996972
6e2e3270,0.9996315
6693538b,0.99944717
7890be3d,0.9996686
5cbc171b,0.99719787
10bf45f4,0.99940014
5b63c41f,0.999782
f2c6280a,0.999353
355c03d9,0.99975914
db0e458f,0.8878202
09ab3d1b,0.9931624
763d8b1b,0.9996625
0a7d3153,0.99962354
b6519095,0.99948776
bfddbf2e,0.9944666
f3e3f200,0.99943596
fa349c42,0.99976236
8876c29c,0.999764
9b1116c5,0.9997284
8a11ddba,0.99973613
8c1bd839,0.99910337
ebfff951,0.99978036
090d054b,0.9995158
dfd11a0a,0.99968445
9b9dfab1,0.9626957
edfd9b80,0.999724
d9cd7d4e,0.9997485
8a2b5b4b,0.038220152
702688fc,0.9997663
b1cfd1d7,0.9996427
6e0ad32a,0.9997764
4878f6d5,0.99844116
621e4687,0.9997615
1a8dfa2a,0.9997217
b582e3c8,0.99969137
35363894,0.9997465
cfb8116e,0.9993426
7a4310de,0.9997739
c3be8fc8,0.999723
5ae02c74,0.9997576
befc196e,0.99977845
4504b09b,0.9996686
35fd81ae,0.9997483
938c2a8d,0.9997836
3a8060f5,0.9929698
6a1d84c5,0.91238123
4d84f436,0.9997769
a1ab4bbc,0.99976546
53817dfc,0.8297247
43bd0b09,0.9995844
5a7d86b5,0.99972004
bce66f47,0.9913521
7d0c29e1,0.9995782
eb55e0c6,0.99976593
9b40c7f5,0.9991166
5d6df5bf,0.99974364
37de2c0e,0.99900156
9f7be5d9,0.9997849
55229c10,0.73171926
5bc8d8bb,0.999696
5b3416ed,0.99932075
fad940f0,0.99973196
5c995602,0.99978083
171a0599,0.9995926
634661ff,0.9997745
b94e2dea,0.998591
09604f67,0.9997094
1e558185,0.99894255
2a76cfc2,0.9997522
fd728eb4,0.9995683
ebe69fdc,0.9997683
b395b3b6,0.9997811
f17145a7,0.99960643
e3ba6075,0.9997342
4b829f4d,0.999777
a9e27944,0.99977976
8b377bc8,0.99977034
a20960ca,0.99946016
f069087a,0.99975866
dae5ea66,0.9829715
34cc4a45,0.99978465
af3e21de,0.999595
5f22337e,0.99976856
be671ab7,0.9993193
18a43ffc,0.99822444
a09eb75f,0.9996531
7da127bc,0.99969506
7e7bd19c,0.9997732
2f5a1363,0.9997284
11ced940,0.999729
40534c03,0.99963665
a24a02b1,0.9997336
36dfc361,0.9995426
66be8b08,0.99973565
504aa123,0.99956554
dc7d4f4b,0.99907875
0e57cda6,0.9997811
779276a9,0.99954873
28641410,0.9997842
0ea574b2,0.9994991
72c6dde2,0.996899
ceec9399,0.9996575
8dddbe1c,0.99978226
8b84aa79,0.999678
fc615ded,0.9956037
8f3ae0d7,0.9997385
a92e8f55,0.9975146
a45d9773,0.99972254
79afb69c,0.99967253
d3be166c,0.99973303
36ba06e4,0.99978095
85c80359,0.99970275
4baf2164,0.9947226
7148c383,0.99977475
1c501ba0,0.999783
65a126df,0.9993299
18cc58a9,0.99973506
cf1da6c1,0.9977937
5f2e976b,0.99976856
4c3fed88,0.9996804
c6ce317c,0.9879144
e92084d9,0.9997466
2d3817bc,0.99965644
8d433534,0.9997094
29e093e3,0.9992499
38a7e9d5,0.9997241
3f8e935b,0.9996433
b0b5dc8b,0.8953079
c232493c,0.9975908
cbb8d5f1,0.99978644
8b85ae9f,0.9997538
c2c26161,0.99958247
bc122680,0.9991109
963ff2a6,0.9993625
11bc9ba4,0.9997471
4ac4afb5,0.99913317
98407bd7,0.9996921
e751bc60,0.9997801
4be70d13,0.99963033
866c4986,0.99948823
7800a4b1,0.86377126
033b56fe,0.99978656
06a08d4b,0.99974793
5cd24332,0.99955374
a93b36be,0.99977404
e8d083a0,0.7937395
a1e53593,0.9997558
d003274b,0.9997253
2d88679b,0.99977714
d5fa0793,0.9996234
1c0fca74,0.69668
a3db6b37,0.99961877
0d0e8de3,0.9993937
833c3fb1,0.99971455
5d0ed7f6,0.999099
6bfef035,0.99978083
e46bf99b,0.9995479
06fdc0ef,0.99972767
3ba57b90,0.9989691
b93cbe62,0.9991485
74eff4f8,0.998242
76ec9217,0.9997588
bb119a09,0.99969053
5480ef4e,0.99887115
49380426,0.9994772
82cb1bec,0.9997389
9e8cd974,0.99978226
33518726,0.86386144
44229b35,0.99976975
7a4b9909,0.8553198
f7b28f19,0.9997856
cb1dbaba,0.9989858
82646fbe,0.9997371
78ecdfe4,0.9997756
a19eee46,0.9997658
0011550b,0.9993856
c8836201,0.99312085
46ca2e32,0.999493
1d04c473,0.9997527
075942d9,0.9996834
7abab7ed,0.99975294
8d99d749,0.9997693
90a28c5a,0.9992415
b7e5d392,0.9997222
3bfdca09,0.99976796
6861edb2,0.9997452
0ecdf469,0.99977785
c9f764c5,0.9996567
38359b2c,0.9996698
d8d6b0d0,0.99977237
8416eb7a,0.999739
c4b155a9,0.99961025
24d17c4f,0.9982999
0cf73b4b,0.9997179
d286b317,0.9927856
e493fd93,0.99921453
846d9a34,0.999716
550a6b71,0.99959344
9d89c59e,0.999622
4b6740a1,0.8895384
511f7897,0.99741995
75c1a832,0.9729926
a37913cf,0.9997136
82413941,0.99703646
f2ed9ff3,0.99969757
e3cb5231,0.9997845
898ea22c,0.9997241
ce992a19,0.99975055
ce4ee617,0.9992731
1667a232,0.99857354
e8145510,0.9996599
e4fe62cd,0.9997707
f5ac7595,0.9994764
a87c1798,0.9997811
21bf4a86,0.9995254
7de873ee,0.9948725
82bc3bf0,0.99949944
a26f0efc,0.9996723
9a3cf8c7,0.99968386
f53f926c,0.9997551
710d901b,0.9997775
d7995f51,0.9996263
5b2273da,0.99975914
ea6de789,0.9997794
0b8037c7,0.9997812
c07d42a3,0.9997656
b3efd503,0.9996551
aced7ade,0.9997837
831aaedf,0.99964964
122a995b,0.9993499
9241efe9,0.9991066
89a887ac,0.9997842
9130ade2,0.9997805
baacbf62,0.9915666
bc4e70ab,0.99574006
dbd7f9b7,0.99970645
0c3716ea,0.9997663
14e54b13,0.9878473
2ba1726d,0.99975234
2f2aa91b,0.9942788
aa22b5b0,0.9997733
8537789d,0.99976724
c14c9c3a,0.9997292
201df417,0.9997813
68401fe3,0.9995957
a96e8bf7,0.99977046
2e7969e3,0.99972373
0b893fd9,0.9996749
450a5b2d,0.9997508
8fdf2810,0.99977416
c22bdf7d,0.9900961
a7b67b84,0.99976164
e5562383,0.99974805
3f1f21e9,0.9997278
8a0bc541,0.99959856
ee55c89d,0.99973303
310b9d0d,0.99963856
a02261f4,0.999542
97155919,0.9992526
2d55664f,0.99972016
d68ea143,0.99972826
70b67c1e,0.99972814
d215a808,0.999767
019c90ac,0.9996557
c47236c3,0.9997323
2d5f426b,0.99977833
8e366239,0.9991291
e54f7ffa,0.99957186
1f10b8d6,0.9996544
9100e0b4,0.99977046
7ea46100,0.9997025
83e7d494,0.99977547
c817b8c6,0.9996563
79b3ec4c,0.9993969
3feb59ae,0.9997439
c7936ba4,0.9997532
83ce4ead,0.9997811
51d182b9,0.9985544
b97d8508,0.9993907
4cbd1f93,0.9996177
435a95c7,0.9992599
aff64ceb,0.032709803
a6f7a648,0.9986137
6e9633b8,0.9924805
e0f06268,0.9997092
c258a1c1,0.98614454
9f9bf48e,0.9997608
b91a63e4,0.998971
aa7f93fa,0.9997738
fe04c636,0.993859
ea41d1f6,0.9968599
7f70afa9,0.9991424
e1b99c33,0.99806136
d6b16f4f,0.999694
9db49c41,0.99912626
06582201,0.9997211
db19b34d,0.9997645
e52e96a0,0.99941146
a4792f62,0.99925774
8865563e,0.94710976
d5a65d72,0.9997789
f9fe0a9e,0.9996426
9d3d547e,0.9997588
263ca663,0.98773277
ea7620e0,0.99962187
2a2be888,0.99926
9a5ba563,0.99958223
00476bb5,0.99976283
20ce112d,0.99977475
313eb7e2,0.9990746
b3f42426,0.99976176
ac1d3333,0.99879694
a752c4be,0.999772
130aeb8f,0.9997328
2f640669,0.99976903
ba4a083c,0.99968755
d0aa7995,0.9997738
e87a0d52,0.9997849
bcf7161d,0.9992205
9d036f4e,0.99975795
ef65c0ac,0.9990324
45c5ee5f,0.99977285
a9266d3f,0.99949193
d2ab6c8c,0.9997702
7016314e,0.99748635
27a6a507,0.9997284
61ab0412,0.99971646
2d04278a,0.99977285
f00dea6b,0.99975866
2d41d03e,0.999767
62be2fca,0.54621756
c5e86883,0.9976337
b900353f,0.9997621
e4b23732,0.99969876
dbd6e875,0.9994166
eace7824,0.99968755
58ba682f,0.99968183
d42111f2,0.99923277
01c4c980,0.99977046
94cc66df,0.99735403
5ca64afb,0.9997607
41d2f6f5,0.7760491
bac27146,0.9997396
325e462f,0.99969804
087d42a5,0.9767765
dfbc4b0c,0.999775
ac30c9dc,0.99906
c12638b3,0.9997507
df019a23,0.9997272
d13c6767,0.9997243
8abdd4ca,0.9997825
2678ed2b,0.99936026
5060d17b,0.99527466
560832c8,0.99925584
34012e96,0.99955755
c23e3b6b,0.98790216
3c839c3e,0.9996861
47e63027,0.998892
bfbceb72,0.999767
15510fda,0.99976844
b08d3cfe,0.9997203
a70b12fd,0.999772
363a2799,0.999782
72e2b0e5,0.9997702
256d76f9,0.9918607
7c4fc3d2,0.999747
874a6f12,0.9997608
851af3a0,0.99974793
861c2011,0.9997731
c7d9facc,0.009601369
682a2e67,0.9997725
fccef4f6,0.99974877
95da9190,0.9997769
0e07ee83,0.9994856
a1462769,0.9997038
f2578548,0.9997681
fde442ce,0.9997465
85360750,0.99973243
86523883,0.9997166
587a55c6,0.99974364
4b6d9d46,0.9997204
cb96159f,0.9994412
e6d5ba69,0.99970907
f1a064a5,0.99977773
124e4c31,0.9997569
089c0de1,0.99711525
ed57dd64,0.99976224
da1113d0,0.99971694
6b47eec1,0.9994831
e3a23291,0.9996364
3ab1a094,0.99961215
5d99855a,0.99841034
d96ac4c1,0.65187186
c6af8016,0.99965286
ab3e123b,0.9996136
ee564a8c,0.9977642
926cc722,0.9996258
8db4357b,0.99975723
818e43b4,0.9997844
703f1e43,0.9997553
63c0942a,0.99972206
d239253f,0.99978167
d13ecf52,0.99976903
9841dbb6,0.999546
6af7c330,0.95285296
945ebc48,0.99967325
c961559b,0.9993419
658ad2f8,0.99977046
3bf0aef3,0.9997782
9cfc2d74,0.9972209
ab4ca716,0.99893314
aadd9929,0.66607773
9ad44130,0.9994553
540ff1bd,0.9995937
0e8f3918,0.97493136
8cd6acd1,0.9996729
850f501d,0.9997197
d1309bfd,0.9997534
25620bbc,0.9997656
8d96ce04,0.99965346
04d59fbe,0.9997601
35beb8fb,0.9997497
2f08f471,0.9997526
6c8c2e04,0.9987992
e837fe31,0.9997682
9671ef63,0.99977976
46493384,0.99978477
22e429a7,0.99977857
fb8be934,0.999741
9da412a8,0.99969435
8ec9d6af,0.9982054
75729544,0.999778
6b23d53b,0.9997583
cbd07388,0.99975115
45e101b8,0.99978226
ae7b1d3f,0.99978
e2177ea6,0.99976975
b26d53fb,0.99976534
359e2793,0.9997613
eb3fb587,0.9997552
c95ec078,0.9997011
185cfb4c,0.9997614
9e6bbbcf,0.99960047
a594844e,0.515639
a432a6f6,0.9983078
a9093e6f,0.9993748
7d0d6b2d,0.99793977
93913ada,0.99813217
878fea2a,0.9933535
ecf917e5,0.999485
39cccdea,0.99887234
74aae222,0.9996629
4fcdfc39,0.9997718
47926fe1,0.99977165
6aa3eece,0.9996258
5e088d92,0.9992637
ccb25149,0.9997428
2297466b,0.9984037
47322dd5,0.9997515
ebbfc556,0.99958795
56fcf9ba,0.9997538
e60ed488,0.99938774
c5cf6825,0.971324
b7f982c8,0.9997434
7f128db6,0.9997147
f9652b16,0.9997694
03e7ccc8,0.99936515
851538a2,0.026147256
eda2b826,0.99971455
908d7776,0.99966896
d6de85f6,0.999527
1a2c73b9,0.9990702
700ea379,0.9997758
55c7866d,0.99966645
2ecd8b01,0.99977666
33eb385f,0.9994572
b2a4b743,0.9994142
54594041,0.9997172
22e51475,0.9991738
9a276ec0,0.57273185
3cbd60a1,0.9993855
c1b4dfec,0.998804
dfb28729,0.99976677
a94d998f,0.9997843
27b1350e,0.99977154
2716987a,0.9994796
fa1a1fcc,0.99430275
34530459,0.9995096
8e9c6101,0.9921125
524de780,0.45167503
0bcac036,0.99943954
27d93d8d,0.97503203
945dbb2e,0.99973994
fe5b4760,0.99975294
bf1b2feb,0.99953914
057c1409,0.99976057
da86c735,0.99975985
8a11401d,0.999701
4a36255b,0.99972755
10f32e3a,0.9996166
c9951bc4,0.9997203
92940a44,0.99946684
464abf7d,0.9997696
69423c1d,0.99857295
b7716719,0.99971634
39d465ac,0.99971145
331e4f85,0.99922454
c0e2813a,0.95188504
e0c65829,0.99977595
c88d1358,0.9997205
ecc4d9c0,0.9997805
00a4f77a,0.9995721
e39b19ef,0.99973303
a685c98a,0.99978083
c9bac0c8,0.99975055
4d509d69,0.9996101
dd27e102,0.99946004
492132d5,0.99976104
8495ae2d,0.9997652
d11063af,0.9988673
e9fceb91,0.99977046
593e83ae,0.99974924
fc0a22bb,0.99975485
c3b173bc,0.9997328
ed2a2f20,0.9987551
e5ae0648,0.9997814
e65f0dae,0.9993668
450d8ef8,0.99975556
749660fd,0.99977344
d91768b5,0.9997502
471822bb,0.99976724
d66b735d,0.999592
8c8635a8,0.5036524
4f9be03a,0.99977666
faf5c21e,0.99975127
d388eab1,0.99974245
94d60f78,0.99965227
93fb5941,0.9996854
b6ec727d,0.99973017
4eb446cd,0.9997186
b47a2d57,0.9996817
e466e175,0.9446324
a0dfa506,0.99969494
fd358820,0.99967945
f64a64cd,0.99964595
ba4ba5ed,0.99940085
5830b1f5,0.99978024
f2a081ce,0.99933845
7c4ead49,0.9997811
7772dd27,0.99959224
e056e198,0.98950505
2b4c4c55,0.9997558
38ddab9b,0.99977165
c0c2b736,0.99966955
8ecd6f58,0.9997538
9df61b56,0.9997789
a5f4eb14,0.99786335
8a05ee47,0.9997831
8bf70d8b,0.9997348
17fee21e,0.99977773
c27582f9,0.9997063
dd312d21,0.9997675
2f3c2ef4,0.99457896
0bf4004b,0.99977595
d9bd0138,0.99938226
d6293435,0.9997249
3e9a99b2,0.9997676
f97e6c31,0.005559845
835cb541,0.999726
231d7571,0.9996425
97f8911e,0.99977726
fba013b9,0.9995409
c27ebe2c,0.99977154
836b15bd,0.99846053
97faff98,0.9997234
f93c4bb7,0.9997646
9513ffe8,0.99974567
a18b59cd,0.9996643
e0050875,0.99945635
254712f6,0.9992292
b55bcc20,0.9992091
4a9c5617,0.9997787
4f1c2ee3,0.99970466
4e9d8769,0.999711
a169ddf5,0.99977833
b8402f51,0.9997818
09927c5a,0.9997645
917777ab,0.9991773
3ac34498,0.9997789
f07ebfff,0.9997806
74bd0284,0.9997502
a3cb3e01,0.9997507
83269ce7,0.995946
c79b5823,0.99975234
77871ccd,0.9995796
bff89e1f,0.9997663
d7afbbf6,0.9997689
0886c16f,0.0029365553
9a20355b,0.7965837
0e7fcebf,0.9969959
64eb9622,0.9997664
1fced448,0.9997416
7ceed592,0.9997675
2e003c0d,0.99822944
291bb850,0.99976593
31f4e0a6,0.9990902
efd2f4ff,0.9996165
57c69059,0.9996656
5764be5b,0.99895227
4a71c90d,0.99977726
9c8940e2,0.99802244
49bfa108,0.9988096
07e74202,0.9997745
f0baca7a,0.99800867
ee0077a0,0.9996561
31715390,0.96696246
b1dac12a,0.99962866
7e059e75,0.99970526
27a4b492,0.99974316
f8ce6f50,0.9997477
0f7723f5,0.99968064
2d7ca615,0.9997415
46463e68,0.9997017
9f525167,0.9996743
14f2bcef,0.9996991
0081acfd,0.99978524
6b89a2c3,0.99978286
f738c36f,0.999035
082d0dd3,0.99970967
5e1842f4,0.9997789
355cc08b,0.9996836
2dd04d52,0.99968123
025aa417,0.9997844
7f3f0e35,0.9995326
43f11181,0.99975723
dee49751,0.9995466
26ff97f0,0.99976665
1c8d08ca,0.999495
8450bb1c,0.99960333
83d66457,0.9996867
09beea95,0.99966574
66b850d6,0.9997664
e52b219a,0.999783
87efc72c,0.99976915
29aa3837,0.99977654
785dc91e,0.9997166
f39358a0,0.9848008
f672b53f,0.99977523
0dccf907,0.9997787
3184ba2f,0.99970585
c8d2e682,0.9987895
5e427060,0.99975365
fae745e0,0.9939843
8c3ed4c3,0.99953294
0d9e7937,0.99909127
d90b8c50,0.99963474
943228b1,0.99976844
acdcfca8,0.9997719
1b84d3c5,0.99972564
12dbd6ac,0.99967813
2f797fbe,0.99921453
ca019ff2,0.9957917
ad563db3,0.99978286
1cf0b03a,0.99976665
915a2c88,0.9997651
6f2f80de,0.9996866
281a7e2d,0.9997739
3b1062cd,0.99581224
b82f6056,0.99970716
24e71c9b,0.9997695
2a795fb4,0.99974555
18dd66e9,0.17311648
e305146c,0.99976987
bc5cc36f,0.9996635
39d8e44c,0.99968195
ddaab916,0.9986651
9d0ba015,0.9997727
f1d2db92,0.9997347
5f2a5b73,0.57437444
29360e92,0.9997402
68b02c70,0.9992574
9ab50797,0.99933964
6543dec5,0.9997657
a8ffd5b6,0.99944574
7ad3384f,0.9984541
19ddc9a8,0.99977845
a48e65fb,0.9997608
f719b4a3,0.9997279
76a28197,0.99956673
65c70846,0.9997546
93a9dafa,0.9997725
f579b3ea,0.9997515
fd2a88a5,0.9997842
d82ba6af,0.9997793
ab98e429,0.999767
df4cfd9b,0.9997547
eb298917,0.9997842
5ff90cd3,0.99973315
f29307f5,0.9997472
256e5e7e,0.9993494
8e56294b,0.9996451
8a50b209,0.9994947
495acf82,0.9996958
690caf73,0.99965096
45e485bc,0.99971
4ad40ea4,0.9997639
af1fc683,0.99332243
8bb08094,0.99977654
a1e12a7d,0.9992124
04907e8b,0.99978334
452af01f,0.9997352
82ee57f7,0.9990885
64d0038d,0.99960786
ba316ba5,0.996831
8b96f10f,0.9995295
61209d81,0.9993679
8df3dc8f,0.9997311
6471205a,0.9997595
b3e41a97,0.99967194
dd5569e4,0.9997061
8b5fa678,0.9997441
574fa190,0.99961853
fca49bab,0.98816097
bbce298e,0.9965217
6940dd28,0.99975175
807135fd,0.99399155
bf32a15b,0.999739
8af02a34,0.9996855
f951f819,0.9997652
6a255e24,0.9995091
4372c738,0.99977297
73196a32,0.99976975
fae262cd,0.9997726
8ddcd509,0.9996214
3702d950,0.9997842
328b1a0a,0.9995443
505b280a,0.99978095
286c7b02,0.9869021
bd6891cd,0.99974483
e323f371,0.9700219
992c34f5,0.99977416
0fd28804,0.99940217
99d1c820,0.97880083
575e3f0b,0.9996087
aef7d23f,0.99969447
8a0ce3eb,0.99952805
182e817d,0.9997837
9a33397a,0.9996331
7790220a,0.99976915
c4611991,0.9997657
413e376c,0.99974185
d23a7bb8,0.99977905
c1f8638e,0.99923956
48e8f36c,0.99972004
ede999ee,0.9996213
960ed1e4,0.9324297
6301cc2a,0.9986523
1696e497,0.99977905
c97afe4f,0.9994892
97936b4a,0.9994617
02c60b80,0.9996325
c40af960,0.9997781
b101cff3,0.93130934
2c650d8a,0.99951553
acf772ef,0.99973303
042a0eb5,0.9997758
6f76ac35,0.9996569
2ad40d5d,0.99953806
e1596c01,0.999778
c596e001,0.99976045
da6295d9,0.99920577
7c64f758,0.99769944
300f3dba,0.9996556
d8d96a3f,0.0444153
d38fb9f4,0.9430467
8cd067ed,0.9997142
38711bb1,0.99563485
c44360a6,0.9997495
0258b7bb,0.9997435
1157487c,0.9992781
2af42ef7,0.9997638
de8b3405,0.99974257
b49a30d8,0.0143225435
ec2fab41,0.9997813
1000c38e,0.99947685
e260553c,0.99768853
1d9f3bc6,0.9997067
eed2467b,0.9995933
875c8637,0.99970067
899f14b4,0.99950135
0cb1e637,0.9997706
58d259c1,0.9997789
587d2b60,0.9990926
a6a2323f,0.99938035
a3cd34ff,0.99964833
45aa4d14,0.9997452
c6e16586,0.9997255
fbb2a082,0.99974126
f013bc87,0.9997547
2430d49f,0.99972814
8fa539aa,0.9991641
3bf157e8,0.99974483
d3a90576,0.9996989
92313ae2,0.998877
3b734dee,0.99867487
5e4c2b25,0.9997135
b9867abb,0.99977356
51273ad0,0.4593086
5d12b1b6,0.11354153
7617c75a,0.99757
bb60ce5b,0.99975747
4a8965f3,0.999734
3e008210,0.9997732
c4e31649,0.9996749
158293b2,0.99944335
bfe23e8c,0.9997055
da9d9408,0.99904364
8ff7cbfa,0.9968809
582219c0,0.9986858
178e0dcf,0.9986852
bffc0287,0.9997814
edd2a0e4,0.9997824
63079828,0.9996902
28caca08,0.9990376
48090f49,0.9997811
11551b70,0.9997799
213557f4,0.9997793
c481ff0a,0.9993813
a876a38a,0.9996855
a5e6b7c4,0.9997254
205fa7dc,0.99970347
a04e8515,0.9991171
c88e5963,0.99978477
ab980773,0.9997433
45e6f983,0.9997476
1cea70d8,0.99934345
3f03ddcc,0.99977416
18135845,0.9997665
643c9d61,0.99870193
7a1b5600,0.9997836
5138c26a,0.9996803
86c75545,0.99966955
009508a9,0.99831355
fe112e0d,0.99972075
61caeac5,0.9995772
2f9b3431,0.9997235
697d7f76,0.99977666
441733af,0.99973065
be63077c,0.9996803
978967d1,0.99978393
5ee98a98,0.9997112
334a7f59,0.99975985
369ad244,0.99975306
12bfd777,0.99959236
16cf2a4c,0.9989581
43da8a54,0.9997844
40a4a995,0.9996284
0cf5d6fa,0.9995016
efded04f,0.99457574
e8a7fa85,0.9983621
66441d81,0.9997274
cacdef11,0.99976856
7ee4f74a,0.999775
496048f8,0.99975914
d08907a4,0.99974805
da3ee07d,0.990622
aba6d5e1,0.99758565
d626e677,0.9995146
05bc882a,0.9997116
4a82aac5,0.9995363
9d49ee38,0.9997676
d1dbb605,0.9830351
e9118d29,0.9997627
58e5923c,0.99964917
b05e64fb,0.9997212
7e025c1c,0.99975055
378e28e2,0.9997526
1b0399d1,0.999716
42fe2ee1,0.999762
565a03a2,0.9996319
0a601e0a,0.99973804
b02586f3,0.99975353
cc3e7c2d,0.9997665
c1ba8250,0.99814475
2fdbedc1,0.9997415
94f36b41,0.99977654
bb744d61,0.9997818
7e8bdb79,0.9997255
baf121e3,0.99968886
da038ec9,0.9997801
7ddc34ef,0.9994734
c81e1139,0.9997596
3e9f8703,0.999749
2485f39d,0.9997559
25aa1a08,0.9995284
a9ceb7d3,0.9997712
692303cc,0.99976116
398bb864,0.9997811
abb40312,0.9995085
d055a0d8,0.9997477
461372af,0.99975103
e590868e,0.9984712
68e8f40f,0.9912846
32e0322f,0.99977666
3051692a,0.99939275
3391a4b9,0.999754
8ea1e4dc,0.99957603
7cf37a18,0.9994684
591fc34a,0.99826616
50cd923f,0.9997329
f492f788,0.99965644
f5e94280,0.9989128
3511793f,0.9997733
e72e417b,0.9995297
f8afad05,0.9997842
885dd69e,0.99976414
00d5ded9,0.99977666
690d3233,0.99977297
7d282853,0.99978536
7e2d795b,0.9997249
74241cf4,0.9996698
7ededfe3,0.99978405
bf47b8c9,0.99977785
e1b9c327,0.9994217
eee63628,0.99481404
b57931e6,0.99978286
8bbda933,0.9997354
54df7caf,0.9985972
aa005384,0.9994804
1c680104,0.99976796
c57bf2f0,0.999749
368a641d,0.9993788
6ef76766,0.99935323
71e40066,0.9995209
2db69829,0.9994623
91f0916c,0.99974805
ef5e94a1,0.9997392
fe48e72b,0.99952006
92039eda,0.99975795
fb42b74c,0.99975723
2ad2382e,0.9918074
73a4eb1f,0.9997806
a625c63b,0.99977344
110b41d7,0.99971277
00ba8fd0,0.9993474
91ab7973,0.99977976
0f88e999,0.9997497
3bea69a4,0.99949706
86c3da51,0.99975675
850e6680,0.99976176
d1316239,0.999772
18e5fc7c,0.999699
acc55a74,0.9997671
25b88b6c,0.99975306
67037a96,0.99978167
f3224c43,0.99963784
2f9c87bc,0.9997396
b42be050,0.9997819
16dd69c7,0.9997081
36a55666,0.9971922
cfa038e0,0.99963105
3dfab3a9,0.99935454
92e26b06,0.9997775
94d33c54,0.9993204
2fae431f,0.9995701
07d96eb4,0.99976367
d3b65520,0.9995683
1b175103,0.9996306
c584714a,0.99958736
61c13613,0.9996822
66e506c9,0.9997675
f99fd59a,0.99976116
b9d14602,0.9997217
4ef2ba23,0.9997516
149e5854,0.9997179
a80097ac,0.999647
6a245f5e,0.99971265
5344e768,0.999724
8467bd01,0.9997795
e024c244,0.99938774
7f30825a,0.9997831
4ed6f234,0.99976176
abac5773,0.99964345
9ce12737,0.84790385
152a9ef0,0.99977154
ebe1cb34,0.9997844
583b99b8,0.9996909
c997311f,0.99971884
e2de4c88,0.9997837
54bf44f5,0.99969673
c9d795fb,0.9992951
0cf7de0c,0.9997694
cfdcfc78,0.9997291
e2266ad8,0.99978405
f227f814,0.9997714
cb5f7a9b,0.99972385
84f81ae8,0.99978477
a06ea4f4,0.9995503
c19a17d4,0.999673
5907b757,0.99968183
cfc7a3e4,0.99976796
5c267e0a,0.9997558
e71c1f3c,0.9997725
0ac436d0,0.9988996
5df101a7,0.9997434
570ce699,0.99971753
c57d1b5d,0.98346853
91bae975,0.9997807
9f149176,0.99800926
b6997c81,0.9977731
cb8c74ec,0.99977523
d82c6759,0.9997547
17cc4c69,0.9997818
fb5ccd7e,0.99972934
cfc37266,0.9997718
b0007fc3,0.9994708
a44a57a6,0.9993476
f2e3c0de,0.9993073
3bc26798,0.9997578
2b74b39e,0.9997522
9849104e,0.9996345
74813483,0.999572
54689387,0.999726
e7280de2,0.9997002
c69098ff,0.99976283
04bf4346,0.99972385
3dfea52c,0.99973685
cd729122,0.9997814
ec3e5954,0.99973327
ccb17593,0.9997018
fa81b3f4,0.9993656
1784356d,0.99978036
b4324317,0.99666107
503606ba,0.9995745
aeae5c36,0.9943492
bf3329af,0.999726
1b61946a,0.9997365
9cacc10f,0.99956053
3eb027b2,0.9997818
ca984a35,0.9988986
879719f7,0.99976355
3e0382d0,0.99968934
5295ba05,0.99967515
781312de,0.99953985
bf54c079,0.99967825
bd922a44,0.9997849
f671919f,0.9955622
0a630704,0.9997482
c38aa25c,0.9990269
659daf82,0.9997664
1a890e2e,0.99974626
7a87cd78,0.9997805
768cad82,0.99911886
be0b7759,0.99963915
85aaa955,0.9997503
5a827c02,0.99975246
14c55d8d,0.99975806
1045ce28,0.99954706
3dc8aeb5,0.999749
c86a90ee,0.9997452
20f527a2,0.99978083
bad00e87,0.9991253
be8ba213,0.9996594
68a195ff,0.9997497
a6d941e3,0.9996848
b9014e1c,0.9972682
8fa25f21,0.99949026
48c67daa,0.9997017
597ec25c,0.99939334
58459a1b,0.99978036
ff8cdfd6,0.99969506
2376f682,0.999463
5dd3e772,0.99968815
b1deea1b,0.99977785
2cc8334d,0.99974936
abd0a925,0.9997675
5efa7815,0.9997768
12dcebf1,0.9995109
09f3be7e,0.9997811
feb4d74a,0.9997652
c47861cf,0.9996202
3cd11855,0.99977845
e5a00de0,0.9997497
44dfb94f,0.9997739
56421918,0.9997558
0064ca03,0.9997639
444c7831,0.48804548
48e79a7c,0.99970883
c9bdd567,0.99939823
050ecb15,0.99929345
1b58ddd6,0.99791545
02f0406d,0.9997811
212df224,0.99977237
5f43b942,0.99955887
7c867329,0.014731154
9d83aea0,0.99066013
a8016cd9,0.9997421
d7736865,0.99935824
b8d1e8a5,0.99977404
0a8d6e33,0.9997758
287e330e,0.9995858
c6871e57,0.99946254
e515f41b,0.06351979
ab3feb01,0.99940574
946a033f,0.99978334
2f2c4a07,0.9997745
3eba8f3f,0.9997712
73a983bf,0.9996965
b297550f,0.9996698
c3bfa3d9,0.9997271
87fed103,0.9995751
47fafed6,0.9977053
f71b1648,0.9996222
87cc0dbb,0.999355
091d60fe,0.9997284
fc8c6f66,0.99972874
b71aebcb,0.9997744
eee4e8c2,0.99961853
eb59c25f,0.9997807
5d48b528,0.9997552
287ac7f5,0.9996455
54703da7,0.9997776
c1af64ad,0.9927033
3685b5c5,0.99957126
2fd739c9,0.9997706
9d877c99,0.9997733
f9e27713,0.99962306
693ed430,0.9997607
1cee53c7,0.99926597
f877e1d2,0.998228
2944fee8,0.9997694
10d69c28,0.9996419
1e841af5,0.999744
e576dcd9,0.99978393
a224b7ad,0.9997435
6b3c6066,0.999778
48e12dd7,0.99973875
3c5ecd0c,0.9997757
1b99d6ae,0.99974686
913fc291,0.9996948
38af3d84,0.99967957
10bc1108,0.9997706
23eec3a2,0.9997805
409ab0d4,0.99978405
172c0df4,0.99969053
090c5524,0.9997793
83a239a9,0.999684
f5ae4a35,0.9996933
bfee3644,0.69198334
5dbc90a8,0.99978346
ce67039f,0.9993868
24bb3f49,0.9995467
2513ed51,0.99977344
6bc9f08b,0.9995503
f7f3e62a,0.9997745
f66ca4d8,0.9997385
4a7b61c5,0.9938916
e4605815,0.99977976
9be0b691,0.99971086
c7fba5cb,0.99967134
f04ddab8,0.99952626
753e2fec,0.9997441
723a665b,0.99977666
c49f2672,0.9996371
151fb06b,0.99044645
205570d7,0.99949074
a47f4328,0.9997576
e1aa6388,0.9997831
d86206a2,0.99941146
d16064ee,0.9997739
db444927,0.9997781
104699d7,0.9997782
52f27f7a,0.998841
a727d03e,0.9996377
04013f96,0.9997235
5078e53b,0.99976474
fa87083f,0.99977905
abc3df08,0.99976426
3aeb2883,0.9990392
34aa8880,0.99974793
1dd73c10,0.9984276
0e75dbb4,0.9979522
c1772612,0.9997143
4d4dc3db,0.99811554
39394d28,0.99833447
4f197a8a,0.9997124
3f529963,0.9996668
f6e95b82,0.9997762
993372df,0.9540944
1b84c03e,0.99976534
9b71d262,0.9996909
cd8ae193,0.9997211
88eab9b7,0.99803466
6aa1c161,0.99955004
da6d1491,0.9997178
0c2754d8,0.9997205
55f90484,0.99971515
e6ca6ced,0.99770784
c21e3acb,0.9997217
d69a9bf5,0.9997367
e814322f,0.9996357
34bf71ae,0.9996716
c7e38abb,0.9994597
08f28b16,0.9997342
e293c325,0.9994585
43e59dc2,0.99974793
5fa31116,0.99978167
579008b7,0.9997842
f1eef599,0.9992173
7a909753,0.99978226
8f925305,0.99975413
4d2bae2a,0.9995666
fa1a86fb,0.99973744
aea6da22,0.9997588
c5df03fe,0.8173463
619c1b42,0.9995332
cd2309e6,0.9994784
2094ee99,0.9994993
01958ec0,0.9992416
67b78c6a,0.9768038
769ba0d1,0.99962187
bc414726,0.99724007
e82e3eae,0.9997576
b46f4bf1,0.9997744
16109183,0.99960107
76f29c73,0.99967194
a918f782,0.9997702
96660741,0.2059735
9d37b7e9,0.9988933
42b58459,0.99976915
856cec74,0.97108567
5133913c,0.9990808
9ba445a6,0.9997836
a507c604,0.999765
c7034456,0.9997814
b2f08a49,0.9997793
7d0df8de,0.99972326
60401a63,0.9996332
983f9f79,0.99976665
6d822377,0.99973196
bbdab52a,0.9990513
c4623920,0.9997601
d18a2278,0.99978346
72cf1dbe,0.9995977
c5a414df,0.99976116
d789040e,0.9994216
5c0ed7e8,0.9996282
73ecacb3,0.9995932
84588a58,0.99907243
d77a8faa,0.99977404
4b801647,0.9987097
a1978e97,0.99964905
0ce08c6b,0.999746
58f44adb,0.9996489
73ddce48,0.99976903
d278c042,0.99928683
1a0e1aba,0.9997477
0761c52f,0.99795085
0400df78,0.99966645
f25579f8,0.99973136
6594b224,0.9996474
985f08d7,0.99970573
d32ea666,0.99977
e3012168,0.9997663
6915a220,0.9997681
c955b0d6,0.9917502
e8fc7188,0.9649801
14a95442,0.9997267
35c70ed6,0.9995665
36f45af3,0.9995759
2b8464a3,0.99977046
9b8c36c0,0.999731
0979662d,0.99977106
b859e1a2,0.9997178
936e9ec0,0.9997311
0094c8f3,0.9996488
d66defbc,0.99970776
a52a1530,0.9953917
e1a6609f,0.9997577
ea328180,0.99978393
5d05d928,0.99964905
4c5be3c1,0.60742533
1b308b5c,0.9997774
673a18b8,0.9896115
764e1fb1,0.99973446
d595e59a,0.99976
ae89ef92,0.99974173
64db9b76,0.9997434
56eb17fe,0.99972624
92bb4065,0.9994412
e995a38c,0.99951005
1cbc4c24,0.9995198
3e40e282,0.9990464
70586aa0,0.999603
4a04314f,0.99977416
ac15b4df,0.99974936
bf2ac55b,0.99978536
4a508771,0.9997435
daa00645,0.9997781
7e25d3a3,0.99978083
6a435588,0.99978083
7168ce69,0.9997135
f20e5615,0.99971825
6407d048,0.9537826
55053460,0.99977404
dc19b61a,0.99977547
77ce87a2,0.9997099
ca7dc106,0.99977
be48e22f,0.95205814
51ef61d4,0.9996412
d0f10e29,0.99975437
eb1fe0fc,0.99965525
3b534ad0,0.99978
b5f29896,0.99973196
04905629,0.9997811
7bd82a6d,0.9997447
59a55766,0.9997664
4c83b0ce,0.99972385
6ff852c1,0.9997328
32c3d49c,0.99974185
4af8ced0,0.9997831
aeed602a,0.9996296
bd12936d,0.99946636
fe3f3156,0.07099315
e5923042,0.99978024
464b7126,0.9997769
61ba7499,0.99713445
11ba3a26,0.99976724
e05049ee,0.99920756
8952b645,0.999622
85874ad2,0.9996051
32410717,0.99974364
121ff0e0,0.9997142
d3f08aee,0.9997814
7ea9de4b,0.008699435
10827746,0.9997627
0a3cc334,0.99927026
f2a0b965,0.9997627
46a9b5e3,0.9996798
0ec208b1,0.99978226
7b16d93d,0.99976796
3aab03b9,0.9985825
da9bdc23,0.9230334
00512db4,0.9997534
07dce821,0.94600326
3c185ec5,0.99977463
09d7b87d,0.9997147
faebd9a2,0.99945086
36d865de,0.9997191
b34ba843,0.9997799
79634fc9,0.99960524
e2af0818,0.9997476
bea6541b,0.99966145
34b751a8,0.9997315
33516944,0.9996569
c8e70a82,0.99964106
7152474a,0.99677485
b007bdc9,0.99538296
7511f2fb,0.9997271
e7734198,0.9997632
e66582c1,0.9973687
8e65cce5,0.9997583
f83373f5,0.9995653
f6e76d5d,0.9997794
9fece964,0.9997116
f87038a4,0.9995697
2bc6e2e9,0.9996656
c7b84860,0.99976605
6a31bf39,0.9997652
1237deb3,0.9997042
136f549b,0.99978393
5ce8b9f8,0.9993647
e2bfe0ed,0.99966884
90ca1ce2,0.9997781
b7320230,0.99965966
9a802738,0.9994592
acabb014,0.9997751
734069d5,0.7161848
ab8bf94d,0.9997565
c9899822,0.9997528
ae6fd4e6,0.9996722
d66a28a2,0.9883599
5d49d728,0.9995127
4672bee9,0.99973196
a28407d2,0.9997732
05a1bce8,0.99976784
7ecd5d9c,0.9997532
63bdb80c,0.9996258
339f0417,0.99693215
a9b9567b,0.9426554
5a891051,0.99975044
0aa92d6a,0.9996164
761c738c,0.9995715
e149fddb,0.99977
70d7756b,0.9997105
590aabcc,0.9995024
391889e7,0.99975973
cfc8aa37,0.99974114
fe81e76a,0.9997464
a5b2566b,0.99974483
c368e126,0.9997086
fa9a2a3e,0.99975413
af0d4618,0.9995957
f8bfcc87,0.9997805
d549ce03,0.99787354
13197621,0.9997764
713f92d0,0.9997693
4f713830,0.99804664
df89a8ae,0.9997743
59d26753,0.002386226
f7f4f9b3,0.9995499
521aabda,0.996123
c4850416,0.9996909
91c4cfd0,0.9656255
994b31bd,0.9997801
729d2f60,0.9978574
08b9d933,0.999778
e27743dd,0.9990393
ab33fa9e,0.6544894
cb5667e8,0.9997671
189f1e57,0.9997813
447d25a8,0.9910188
79e564e9,0.99972075
867cef4c,0.9997533
c572f61a,0.8829074
c45fa5cc,0.99975914
20114b26,0.9994247
98770a37,0.9997807
68b5d9ab,0.99977165
68b59dae,0.99918705
92f438c0,0.99969935
aeaa502f,0.9996024
875f2856,0.991789
5c6d2da3,0.9996847
23b87089,0.9995695
9a074886,0.999767
3c9e42f3,0.9936913
da2707cb,0.9995819
d7eb8294,0.9997452
65af5821,0.9996537
d12dda9b,0.9997569
b3204379,0.99975103
99d9d6c0,0.99975806
1b438a89,0.99958485
761152bf,0.99960464
36bca200,0.99964786
0eb784a6,0.9996791
a34c638a,0.9996954
0207a946,0.999762
08baacda,0.9995228
89f2f856,0.99975437
580fd5b0,0.9997805
977a2998,0.9997514
a6a224b9,0.9997656
07d5bfc9,0.9997814
81a263fe,0.99973875
4f0eae0c,0.99972445
996010ed,0.99969494
7c94041b,0.999785
11497181,0.99953246
d8970db1,0.9997644
036c0753,0.99974257
7088a367,0.99978083
e9498b14,0.99977833
07bb0eb7,0.99789596
5fef9533,0.99976045
8acb2b17,0.9992874
345f7684,0.99974436
805bd0e9,0.9996817
6ba68d34,0.99976844
83435180,0.99976605
27d8af42,0.9996563
41f9deb0,0.9997453
5a02618f,0.9996761
60e6c242,0.99897206
3f17f791,0.99960965
2dfae8b5,0.99867815
36fdcbca,0.99970883
cd00e89c,0.9997713
e8d87493,0.9996043
36512cde,0.99953735
2b787025,0.9997533
693c765c,0.9997613
c9411fea,0.999166
e95ef20f,0.9997098
60ad698f,0.9997811
345f6f32,0.99971014
3070fa71,0.9997693
aad9b5ac,0.99974376
a3748b11,0.9997603
192d6615,0.98302114
177ff64a,0.9997849
69ff4aa7,0.99968815
33501d10,0.9994116
91173632,0.9997558
0c16795e,0.9995777
99cb2ff9,0.99978536
3ace0312,0.99978167
da398246,0.999718
c9153a5e,0.9997609
cc6fb565,0.99977463
667291be,0.99965763
d61921cb,0.9997639
0df8f57e,0.2187418
4dec7f95,0.29708382
73ea662b,0.26327702
e6a43591,0.99978477
f740b70a,0.99977225
2ca6f861,0.99978226
c99cd189,0.999278
7495fbc0,0.9996691
0068b3dc,0.9997844
442c0df2,0.99953187
4152debe,0.9981768
76bd74cb,0.99961936
1743d1f4,0.99975985
33b5eba2,0.9997836
747f4222,0.99977404
c16bf4cf,0.99976546
2b2546b3,0.97614914
1f9370a3,0.99974364
21cb5dfa,0.99176085
df07bbc9,0.99973303
cf502388,0.9995875
bfda2c00,0.99977046
15ba3b9d,0.9997603
1736a841,0.99966896
ef743bd6,0.99830854
ea4490ad,0.99974495
29551863,0.99974674
2b35b3ad,0.99977785
41810924,0.9959792
702d6985,0.99937326
3afa45a5,0.99964595
ff52c774,0.99965954
a25922e0,0.9995652
2d64be50,0.9994493
ffefc8ed,0.9997764
30e1fc80,0.98355734
cfdd658f,0.99977857
6b00a095,0.99977285
8332812d,0.999699
5278fbd5,0.9969292
d8793412,0.999561
41806840,0.999694
336fcdeb,0.999749
52eec4eb,0.9958534
c1709f51,0.9997397
b52c9138,0.99978596
f4742a51,0.9979873
b0b38b60,0.99975973
ba335f6f,0.999731
dbbf4346,0.9996238
3ef63935,0.9997836
d6722d90,0.99976987
d8630068,0.99962175
8e02adf2,0.99928325
d955b858,0.9997427
bd239761,0.99956065
c68d663b,0.99977237
14a4889f,0.9997428
33c035aa,0.9880078
091dba00,0.99583685
0c376b74,0.9125044
476272c5,0.99934024
fc10b396,0.9997727
1b1c8f7b,0.99970454
05a030ab,0.9993387
6822855b,0.999778
4292c140,0.99973243
e46b8394,0.9996772
02155980,0.99926573
5d74980b,0.9997217
f8af1a66,0.9920928
b9c16359,0.99970007
ab1ab132,0.9997695
131c55a4,0.9995988
4bc88f53,0.99977344
192034a1,0.69281214
18ab602c,0.9997639
f034b057,0.9997396
fe713801,0.99943477
413dbf89,0.99908316
e6aaee02,0.98424304
9ac88b46,0.9997693
6907c75f,0.9997421
d7f630ff,0.9997824
0f0689bb,0.99950325
3ced75bd,0.99969196
4ee720bc,0.99978524
69b1d77b,0.9994842
92618604,0.99903274
1584ac46,0.9997831
910f6565,0.9994729
c359259d,0.9997582
3da6614a,0.9997366
7a0111fc,0.9997751
4d35d6fd,0.9997825
584c945d,0.9997775
187a41f7,0.9997534
c70ebe62,0.9997843
5be7228c,0.99971014
205eacf0,0.99930215
64b19f20,0.99977356
4b5d1af8,0.9997038
1eae5dd4,0.99969685
6fe834b4,0.9997526
22037c12,0.999785
162ad1b0,0.99978095
4e1f3f6f,0.9997788
a1144f46,0.9997776
95251eac,0.9997856
9212e590,0.9912395
88eca6ce,0.99978334
455269be,0.99977666
ad4a39c6,0.9997696
c6131c19,0.9996754
ffe48a08,0.9942694
b9aac269,0.9996648
3953f7df,0.9997514
107a01fc,0.99935395
33bca24c,0.9997634
652fbf1b,0.9996989
ceacefc5,0.99977654
162450a6,0.9996866
9678e01a,0.99971646
a8f3879f,0.99001604
1d103e34,0.9997472
2eca0a24,0.9996662
c9b6300f,0.9997079
f48fb3cf,0.99865025
1a7fe1aa,0.9997794
899341a7,0.9997789
995037fe,0.99961925
96cd37ec,0.9997832
42aed7de,0.9996189
e4651dfb,0.9997795
02b836b6,0.9997528
6771a413,0.9991165
eac01d81,0.18931462
18302ce4,0.99969435
ac3506a5,0.99974185
b7af9910,0.99972564
e54c6896,0.9985128
8361ad10,0.99975353
88d713da,0.9996685
0bd14b5c,0.9994281
1bf55402,0.99977845
9a6c0f0c,0.9997547
4e78d565,0.9992391
1f088e4f,0.99978036
fc440c41,0.99949145
a8a3db48,0.99196225
0823173c,0.9997662
163d3b5c,0.9997603
39dc8226,0.9997563
f4ec8c93,0.9997756
895bd8fb,0.99968314
9346fd99,0.99955755
d7e68a61,0.99934393
9bc67363,0.9997002
b448d442,0.9975681
f1c148ee,0.99964595
97ffaff4,0.9997471
834d413e,0.9997781
aa919465,0.9995863
570de58f,0.9997049
a489b2ff,0.99972016
43292a54,0.9997247
dae5f825,0.9996258
4a90da13,0.9997087
a383d03b,0.87360036
6d032619,0.9970837
b7af24a5,0.9997009
8007f61c,0.99978024
f9faba13,0.9997404
9ebf4eb7,0.9994536
3eb96db3,0.995447
b9a9cb4d,0.9996983
fd6c8708,0.9997003
0742446f,0.99957925
13a4e44d,0.999734
5e984d4a,0.9991372
5af2e234,0.9997718
59071203,0.9994717
d3cc0363,0.99976534
46e1b02c,0.99950874
50748524,0.9997327
642b9d9a,0.9997769
7d5ee02d,0.99971837
97489943,0.99976224
ce8e4750,0.99976856
d0bf0c14,0.9982652
7d87a8ca,0.99978024
10c8896d,0.9997633
33ab8298,0.99977165
87920bd1,0.99257916
817a9cd7,0.99971944
f4edf296,0.99977785
b269dcbe,0.99975866
d8524c13,0.9997713
ac9a2d47,0.9965507
9dbd3c2b,0.99976104
fe7c1d29,0.9991423
4c9cd45b,0.99977154
820d948d,0.9997657
ee029a0b,0.99975795
bd415999,0.99976104
dd72d784,0.99978095
14930bd0,0.9993697
cd1a27dd,0.99969816
30a86e4c,0.9996056
4c4db6b8,0.9950439
5ff86ef8,0.9993376
ddd73356,0.9997707
72c336e2,0.99842876
4d82f422,0.9994093
383676f8,0.99951684
85efafd4,0.99978024
8fbd9c7a,0.99973756
27a0aa0e,0.99956375
ab35482c,0.99977046
3adeb961,0.9990213
d1e51bd4,0.999747
6bb84681,0.9996575
5ec5d4bc,0.16961016
8bd3b006,0.99975806
4bfcf51c,0.99977785
561ddc6b,0.9997811
a3a35084,0.9997726
f6b88f56,0.9997404
ae901ffa,0.99969494
9ec290ed,0.99977535
50c6e2ad,0.9997799
1358162a,0.9997826
2cf844e5,0.99919325
53b81722,0.99940205
a30e046e,0.9996246
c755e1bd,0.9997106
754db42d,0.99959916
2b821d78,0.99959904
615e7583,0.9997434
ab5b3305,0.9598701
8b2f042a,0.9997769
4aefb4c0,0.9995858
8352a021,0.9373977
b621c0e3,0.99974126
00d5e351,0.99968743
0ff78021,0.9996953
7b966347,0.9993544
65808696,0.9997694
3b20b35f,0.9997794
5a70cf60,0.9997478
e14e23fb,0.99973136
0650bd95,0.9997125
9cf911d6,0.9996785
a688aa9d,0.99977
f203d82c,0.99869126
60891cbd,0.999366
33557733,0.9702818
3fa9927a,0.9996432
0b3e70a0,0.9919869
3c646dd8,0.99976534
c58d9f0f,0.99954057
36df40de,0.9997731
edfaa1bc,0.9997458
9f631cd4,0.9997844
3e5557fa,0.9996766
e4bd639f,0.9988417
79918f3e,0.9997528
1e729490,0.9997811
b80c636c,0.9997458
013165dd,0.99911064
99d5ee88,0.99557555
9e99b545,0.999746
874d80f2,0.99975485
c14ebf48,0.9996661
6d2fbd27,0.9997819
1e47e969,0.99975044
c0b21284,0.99965084
254d8f81,0.999783
fb66f9a5,0.99897087
94c37868,0.9993979
a0732688,0.99938977
0626b2a8,0.98853683
a0e1e11e,0.9987344
6088410b,0.99379104
b0a047f7,0.99973863
83400e6e,0.9666899
8ed4a177,0.99976546
393f7a1e,0.99978226
19b6d331,0.9962799
e3b122fc,0.9959921
8f2f358f,0.999762
2d512c08,0.9996068
de67fbd8,0.99976605
7e842d5c,0.9997764
b0bf4500,0.9997782
faf0c19e,0.998895
6f3bf856,0.99965477
7c0e7752,0.9997844
3ac9a24c,0.99953556
85c8dae6,0.99974924
3f2d9278,0.99977916
0875d6dc,0.9942286
c21d3a2f,0.99976665
70f8ac35,0.99974674
9da60e66,0.999368
cf27168f,0.999752
17afffba,0.9997681
c970769c,0.99978167
596b992c,0.99679923
82291533,0.99976784
45d97727,0.98172677
0490bd62,0.9997049
29c70343,0.9996625
1486f9be,0.9997049
b8b9e1da,0.99958783
6af713e7,0.91875046
5dea6403,0.9570849
e84654cc,0.99966633
269216cf,0.99895346
795cdbcf,0.0013506191
c2b154e7,0.9997795
e51036a6,0.9997851
58f3b653,0.9988103
36856b36,0.99968755
281f0d55,0.9997515
68e69b9c,0.9997749
01fa145f,0.9997348
3299487d,0.99776375
a4f59427,0.99971837
4377e33d,0.99682057
27c50a5b,0.9990362
32088255,0.99972135
763feda9,0.99968696
5429fa1e,0.9995142
54cf66eb,0.9997528
c4c32c38,0.99973196
c50a7fc3,0.99977237
27d1a18d,0.9996904
4a6c95ba,0.9997445
e5d1b32f,0.9997073
f0288f59,0.9997272
5e4896e1,0.99951255
9536ccce,0.99975926
b4eb3d6e,0.9997764
e174809f,0.9997671
0e3e42a8,0.9997383
46fbf335,0.99499726
766803f3,0.9984884
b4a08cbd,0.9997472
2414fbe5,0.9997354
1619be58,0.99977523
1e1c75ac,0.9997508
f4878a81,0.99978167
6c75b1f2,0.99946946
d06e8421,0.9976725
8a9fbc87,0.99970156
cbe2fd20,0.9997775
b725ebfe,0.99974424
b67ae8e2,0.99977404
f50923f9,0.99962294
e289203d,0.9996463
c50af566,0.99961853
ec6adc35,0.999777
ef0897bf,0.99972385
d4c7d5d0,0.999783
7ce09c74,0.999054
ff5e7ba0,0.99977714
90cf3527,0.9995572
cefe6073,0.99963605
54ec5230,0.9996848
aef60136,0.99976784
af9f7057,0.9995821
bd688d26,0.99963224
f78f197e,0.99976
65154e4f,0.9993901
d8632c39,0.9997712
54311a91,0.99978536
bb4cbfa1,0.99975926
ba40ef3c,0.43072063
0dafd3ea,0.9997806
4073f29d,0.99954575
40b711ad,0.99786645
0c1ad411,0.99977154
304a2777,0.99968135
9158689c,0.99964166
73c253f2,0.9992353
0f7a1450,0.9992066
b4b32f3a,0.99974555
fd49daf8,0.99976784
bea6d5fc,0.9996371
727a9bb5,0.9993919
f69da3c5,0.9996884
4ebc74ab,0.9997712
61030033,0.9983278
b30d3031,0.99966455
ad6b11db,0.99976224
83296cd7,0.9946913
118962de,0.9997845
1ac23bf8,0.9997545
e1aac72d,0.9997342
0efb6057,0.999527
4340529e,0.9996189
ff909d48,0.99978036
79e47155,0.99978393
ca671779,0.99893576
55377872,0.99974173
cb4e7222,0.9997712
ff202d4f,0.9996624
91db5d45,0.99973756
880e2939,0.99954635
44251344,0.99978465
1cff9956,0.9997794
cfd91e8a,0.9996395
b1bc6093,0.99548954
1e60f58d,0.99964917
30006c5f,0.9994979
e083c917,0.99963415
e55719c1,0.99759835
730d063d,0.99972445
4df94ff4,0.9996929
5f330ec2,0.9991497
914a2657,0.9996389
05dfc5f3,0.9952232
e8733073,0.96575713
03d8e93f,0.9997452
de392058,0.9996935
e836e3e6,0.9995024
1a8ae916,0.9997043
35977ddd,0.9990326
7ca09ae9,0.9997582
775280fd,0.9997726
27f71cc5,0.9997385
8631d706,0.9997781
7ed21061,0.9997731
59d2eec7,0.34370208
c1a94693,0.99974984
0f93c4a4,0.999676
67a1eb9b,0.98776114
702d45b3,0.9996854
54e43d30,0.99975103
816a6529,0.99968505
9900ab2e,0.99918026
f5de3ba1,0.9994217
056e1314,0.9995703
4115e08d,0.99978083
5f5c49b4,0.9987662
1f81f177,0.99817324
df2082b1,0.99976796
b1fe5cfe,0.99977726
a1ee4efa,0.9967578
c03db136,0.99959177
9a5303a6,0.99978024
2e162e8e,0.999723
26ecf94e,0.99515766
9e5bdff3,0.9997625
34b6d30b,0.99918133
98506525,0.999617
f5f7d97b,0.9997669
af9b8f3d,0.9979717
2701dbc4,0.99978393
3e38c118,0.9977315
a98a617b,0.9997234
04d489bb,0.9568408
cc44839f,0.9981603
997949c2,0.9997055
9fc0702a,0.9997787
cf9a81c1,0.99975914
5df3fb80,0.99977726
f0a1c975,0.99977285
518f2d56,0.9997267
375140c6,0.9996929
88e2139a,0.9995735
6e2ccbfd,0.9997682
bca00e11,0.99977916
a917b371,0.9997714
f4ee8b63,0.9996711
a2cc6be2,0.99964225
a205d188,0.99953115
e8443236,0.9995505
88a27a2d,0.99974746
206c07b7,0.9997695
404e7ac4,0.99964774
e64d3b62,0.99966097
6785c470,0.999754
08aaded0,0.9986533
1b94334c,0.99977976
859be3c2,0.99973935
19192f62,0.9997749
19cd7ffb,0.99975806
d12663e6,0.9997751
9b610942,0.99977785
6d639fc9,0.99976414
79a5319c,0.9997205
e4cb2c14,0.9996562
5dec5ec8,0.99973696
2b97f958,0.9997222
2f2a2138,0.9997447
e3ddaa8b,0.99776053
dc4f4bc3,0.99976903
03ad06aa,0.9990588
372e2da4,0.999739
df602dff,0.9881769
3ec11acc,0.99966025
f6064755,0.9995552
60bb9584,0.99949944
37f4a69a,0.9997849
f235c739,0.9997354
afd2435d,0.9997515
c51ea9a7,0.99971455
9bcb8fa2,0.9995073
a052f8bb,0.9997228
4495be7a,0.9997634
773f0c46,0.9995814
4e7de60d,0.99970406
d05d60a0,0.59263134
dd7c2023,0.99973005
edf9fcf4,0.999777
e4f9b46e,0.9987728
7eb7b062,0.99975103
ec2f93c7,0.99965584
dfd60aaa,0.99973315
bc7b48b9,0.99969625
377e1b3e,0.9995988
c7e1fada,0.9995895
570e6856,0.9988701
a3d7b06f,0.99665844
4b439420,0.9997454
10483cfe,0.9995609
be00522b,0.9997801
c7a581ac,0.99961746
9aa0dbe8,0.99975604
a665a594,0.99878246
e93226c5,0.9997787
b00c047d,0.99974185
dd3a1ced,0.9962059
db7dd948,0.99977964
37e552ac,0.99971884
d6f729ba,0.9997451
5b95bf84,0.9996903
2a758db9,0.9997223
647513e7,0.9996383
31955a57,0.9997782
5cdb9eeb,0.9985833
2cb7742d,0.99976856
d62e4a50,0.9997789
8d48bc9e,0.99973637
c1acbce5,0.9997849
d9666e34,0.9991485
40efe134,0.99975127
15f10a7d,0.9994854
495921cc,0.9997408
ab4b7d6d,0.99972075
72291afe,0.99977404
c0e21c70,0.99928576
c09e7459,0.9996853
770b3d99,0.9972995
2f81c776,0.8100814
34ee8408,0.9982608
8268b347,0.9995747
10d8c0fa,0.9997702
960ace5a,0.98001456
978395f9,0.9996598
f39b31f7,0.9994141
b1f212c0,0.9997842
afa5d19b,0.99978286
da85f764,0.9996444
8cbd433e,0.99298155
f69a23ba,0.9997155
f3b8375e,0.9997806
6d6ca3c2,0.9969361
f48e3491,0.99959177
b747da52,0.9995597
2aa62b2a,0.99964476
e43ac52b,0.999759
9457e733,0.99936336
8d0eb801,0.99977845
ded69f9c,0.9997583
a9e31edd,0.01626676
9b9f2114,0.9997578
8f3cb078,0.9996792
fee0c8c1,0.9991891
115df794,0.9997205
e7d46304,0.9997733
653a9ca8,0.9996674
46e3ad59,0.9996532
dba766a3,0.9997352
03b0a044,0.99969935
6208f7a8,0.9997075
0b29d39a,0.9995372
f0973eab,0.9997745
50c53e6d,0.99973935
1a4605ef,0.99973243
37ca311b,0.9997335
9e1897ba,0.9991479
86636468,0.99942696
9e7c0c9c,0.99976796
5f997dfb,0.9997731
84d87816,0.9996215
0ab7d617,0.9996617
b828fa76,0.99976796
d4feed52,0.9995592
894610ff,0.9993643
db55f351,0.9997458
97d15c5b,0.99959224
23beeb2e,0.99974483
841fdbe6,0.99972826
dabd67fb,0.91315997
a407d9ab,0.9988834
4c2fbd1b,0.9996146
6b90ae54,0.9997532
c59eb4b2,0.9994766
d22b5889,0.9997688
73cf1198,0.9997608
dde7051e,0.9983176
9a786dd7,0.9997472
17199ae8,0.9986532
68a65701,0.9996929
df823147,0.9966145
bceb4118,0.9997341
b896bbd7,0.9996921
3a1d7977,0.9992735
4c0fa2bb,0.999778
39645389,0.9993845
d3a85760,0.99974984
6ec81ff5,0.99961996
4ecc3b6d,0.9990264
c2d25ce1,0.999767
b994ddaf,0.999729
caa83b14,0.9997613
549e4dbc,0.9643172
a957e30f,0.99965453
6d59a979,0.99940026
7160885f,0.9997296
c59a7cf3,0.9995148
81f70319,0.9996443
66ae0bfc,0.9997633
bbf1aae2,0.9996112
d251371d,0.9994067
0b047788,0.9993112
33d8fa37,0.99978226
5077649b,0.9997646
b6c064cb,0.9997273
36e7faf6,0.9996904
c606b34f,0.99961674
4d33bdfe,0.38684285
e14eb360,0.9997675
bcc43e28,0.9132119
e3c47dbe,0.9997832
450459bd,0.9996865
8e5b6f9b,0.99975187
5ab77a78,0.2952536
cafbf8a5,0.9997267
2e9ef7cc,0.0034384765
7dc65bb1,0.8437029
22a197e1,0.99974793
5d31c169,0.99968123
be0b5076,0.99976605
257c74cc,0.999783
fbec53a9,0.9997546
7576da34,0.9971571
621c8ffd,0.9865132
6c63a617,0.828633
be3261bf,0.9997024
a60b51b9,0.99977857
264b0d04,0.99977845
b8803ad7,0.9997565
4791d7bd,0.99966526
48bc8d02,0.9997824
9d8b0131,0.9895667
851f0e3a,0.9997762
cb80c462,0.99974567
379f4c2c,0.9997731
d73fa013,0.99973196
bc7cae98,0.99972004
33470f14,0.99969244
d63ebb5b,0.99978215
5a35a927,0.99976176
288465a9,0.99974567
1aa0e4f2,0.999775
58dbbe1c,0.9993667
4819c9ae,0.9997557
b3f60a96,0.9997011
5b7c3d97,0.9997577
d9ddd6ee,0.99941826
b7fe5d0b,0.9996836
3f7ab144,0.9995265
5d65d57a,0.9996476
813a9d22,0.99664515
1455333f,0.9997271
fbf5706a,0.9997111
0195348d,0.9969331
0f7ce47d,0.99945897
eece8142,0.99975175
c58e2a39,0.9994289
7745a463,0.99825615
3a7f7e95,0.99977964
ed454d48,0.99971026
47f423c4,0.9997631
8683a5e1,0.99844164
fd08a0cf,0.99978536
ea826f18,0.9997807
cc15cb62,0.99976104
a33bcd60,0.99960095
fa487f7e,0.9997248
094adb31,0.99977237
a37e266e,0.99977654
0e77319d,0.9997836
dcb7e9fc,0.99957913
2e07f3b2,0.99908996
e4217406,0.999701
63e4e4be,0.99978024
308399c9,0.9997789
03ee490d,0.9985098
a32388e3,0.9997564
ca9ab62c,0.9997557
dc1ae43e,0.99975425
7e3a45c1,0.9992879
69e30f90,0.9993174
a3858953,0.9997701
3480ed5c,0.9995697
92b3fdcc,0.99973637
9e60e4a0,0.9997143
d1ab2c51,0.99968886
285b29eb,0.99977905
ca9e3c47,0.9997632
d567c573,0.99977475
fd244d6f,0.9997774
d3f3a9c5,0.9994023
342fed5d,0.9997824
a50de787,0.99975234
142a425e,0.99975735
4a62b9eb,0.9996917
cff6f3cd,0.99976724
fd02f99c,0.99962294
e6378669,0.99978167
b059ca74,0.9862142
b396e16d,0.9997837
8916767c,0.9886292
0a34e31c,0.99977964
a513f4ce,0.9995035
ac014254,0.9997358
292668a1,0.9994966
e44c801d,0.9992112
e36caeea,0.99781066
12352d5e,0.033261985
15266420,0.999782
5f06bd27,0.999726
92a9b727,0.9997389
83a81769,0.999395
cccd0060,0.99463874
1dc83642,0.99945635
05318a7f,0.9997087
1904276d,0.99950826
bf688b5c,0.99977285
6098f9c5,0.9997795
d2644203,0.9995334
552c26e2,0.9997031
07f67003,0.99975675
bdf6c6d7,0.99974483
5a92be7a,0.9997793
29da3401,0.9996092
54e7415d,0.99977106
b2901b24,0.99977785
e12f595e,0.99976426
e737d2dd,0.13039657
b11b86c1,0.9997708
628a9e01,0.9997601
1b026a34,0.99973196
4f883bae,0.7253974
6bf81cad,0.99976987
6c799e8a,0.9997665
182832c8,0.99978083
fcd643c0,0.9946942
26f3a793,0.999734
3dca292a,0.9997799
c890e5c6,0.999703
1e2ace7b,0.9996233
5401ed05,0.9997749
5de28108,0.9995925
7e14fcab,0.9997465
90d500a1,0.66055673
f4e48f5e,0.017493125
1f884690,0.999772
9188aa83,0.9997814
a524e40f,0.9986469
7d43b58e,0.99949884
b6329f48,0.9997749
01ccae23,0.99947435
51bbc8b8,0.9978606
36fccaf3,0.9997644
4cfa8197,0.99607146
0ec521ce,0.9997774
12353a7b,0.999516
7d14479b,0.99977785
b04a461a,0.9995615
5cae011c,0.99967957
d2f72a97,0.9997696
01ce453c,0.99929464
55b0a12b,0.999778
59a38930,0.99977857
f8bbcda8,0.9991062
25549edd,0.99823654
eb1b2684,0.9974502
96d67852,0.9996753
77ad2b3d,0.9996747
728d6898,0.999762
d3ab3308,0.9997558
30eaa1c1,0.99977285
f8852a76,0.9997625
efe02728,0.99959344
81e4ab35,0.99977535
4abbb509,0.9997346
b67c9c74,0.9996879
ed1ab0c9,0.9997651
0cdd1e8f,0.9997485
c74779c9,0.9996766
f3145f83,0.9996344
3fd5a4cd,0.9993668
c8093a51,0.9995764
35329009,0.9996264
1eb55f99,0.9997478
8e7ad65b,0.99866307
568bd01d,0.9997063
94cc16a7,0.99976724
eef6b5c0,0.9997814
dbf6f137,0.9995851
cb3d844a,0.9997838
b9efb020,0.9996834
376612ad,0.9990589
1beae222,0.99977595
ae84edde,0.9997503
131612fc,0.9997507
2ac62256,0.99954575
e44ff234,0.9997285
420b7f3d,0.99444073
c26e82b6,0.999783
5fafca00,0.9997079
47ba5077,0.9997254
10c307d3,0.99951637
fb005365,0.9988927
57504d5d,0.99977964
14d0d91a,0.9997836
cd226c60,0.99958056
1e46fb03,0.9996995
ded35b93,0.9992054
02ab4af4,0.9997385
4be3a1a9,0.999647
dc28f44f,0.9997789
963b4d00,0.99977416
e133b1f5,0.9995377
0a870f64,0.99978405
86802d44,0.9997757
77a7030f,0.99964106
ee39d254,0.9995957
4278060e,0.99977404
5500936c,0.99952745
835d534f,0.99964535
f96dbcb7,0.9938846
bc2015f8,0.99970526
28929f11,0.9037965
02edc754,0.99978226
5f2659fc,0.9997323
7e0f0a7d,0.9996369
e634c6ae,0.99977833
53f73d39,0.99964416
b22de471,0.99977833
46110778,0.9997603
57734fee,0.99974996
db460e94,0.99969447
498c3587,0.9997749
7e2de0f9,0.9997812
fb21de40,0.9983271
b9399b81,0.99952364
fd88e2da,0.9996131
bcfaf96f,0.99972135
b28de3c5,0.9995134
ef82e020,0.99975556
ba6a14e8,0.99974436
e72c2255,0.99978393
690ee159,0.99972993
b8348072,0.999783
25811272,0.9996842
d401bed5,0.99977785
9e27d0d0,0.9997428
2634ed44,0.9997615
571eaea6,0.9993387
989d2297,0.99910635
2ff83212,0.99969685
03ecbdf9,0.99972504
add9e6d8,0.9996426
01be11b8,0.99940634
270997a5,0.99949825
5cbbd5e2,0.9992855
b830540b,0.99978536
6a7f85ee,0.99976844
939f8ab2,0.9993826
24443586,0.99925035
40581ec0,0.99927264
865e460b,0.9996506
afc47aab,0.999255
f3b40c1c,0.999551
56bd85da,0.99978155
8a927abb,0.9991999
0b36235f,0.99943715
209c0d15,0.9985942
a750fe73,0.99976987
25fc7f52,0.99977106
02454330,0.99976176
8105c7f5,0.9997662
5a5ae35f,0.9995414
222a31ad,0.9997497
7702ec30,0.99977154
103eee78,0.99963486
4c09c896,0.9997851
4b32dd3e,0.99975663
f6a4fae1,0.99976116
0ee35f90,0.999775
404b3d6e,0.99978334
aa036f6b,0.99954456
ab12eaa4,0.9997441
447cd13e,0.99946445
afddcd4c,0.99975854
54ab0afc,0.9996747
9ff819ab,0.9997181
56f890bb,0.9996797
eabfb01a,0.9996606
c7fc20a9,0.9978103
98b9617f,0.9985234
52d12014,0.9997774
d64d54f5,0.99846137
f5358dcb,0.99974257
6848ead0,0.9996026
6a31b5d3,0.9997836
d080382f,0.9997805
6f3f3470,0.998774
9c80529d,0.0023746418
9b248af1,0.9995028
0a94671f,0.99959654
be1c034c,0.99795854
893f1bd1,0.999767
d55a7836,0.9644231
ff86ca0a,0.99975127
110d205e,0.9695687
46ba9b3d,0.9990018
223db710,0.9997775
27f2f17e,0.99968994
f7bb7069,0.9988343
3fefef7b,0.99941146
6a36f42f,0.99975055
313adfd1,0.9997763
7b06d5e9,0.9997813
2fe86e12,0.9996983
f5316879,0.99944097
a8ed8821,0.99976236
a50caa36,0.99978226
6dddf353,0.99976164
29267007,0.9989711
2e11b902,0.99976605
c38f2817,0.9997646
b9eaa0a2,0.9997396
fd3f0a79,0.9990675
868e8143,0.99974924
37b1bf48,0.9997353
231d224f,0.99947447
94cc96df,0.99945086
efbaeb35,0.99742436
10973ac7,0.9994885
45740f39,0.9997434
df64e2f1,0.9997683
e4bbe1f4,0.9997644
0068994e,0.99975723
f4aabbc4,0.998511
cee2f077,0.99968565
4e26948e,0.9997553
ba722338,0.99931383
1c0ab97f,0.99950385
e5a678e1,0.9997458
4e4045e2,0.99977285
b96e7722,0.9997664
b75c7b79,0.99977964
150001e0,0.999783
85b8087f,0.9997191
20a9334b,0.99968004
ed5985f6,0.9997243
9da95547,0.9996873
72998f34,0.9994696
ac7ecfb8,0.99976593
df31ff9a,0.9991715
3f14cb66,0.99959904
e28d7385,0.99967885
710d877a,0.9995522
8ffefa19,0.9997781
89d7263a,0.9995957
9db2a052,0.994756
83d1ed48,0.9997093
597d9f23,0.99977344
be3b213a,0.9997397
15f9118e,0.99968565
ce5146e6,0.9997725
0186db71,0.99978024
f17c62f3,0.9997776
85c01965,0.9997061
73e80a52,0.99872786
d4c2c850,0.99973553
0a69f7c2,0.10404181
813b0fc2,0.9996426
395442e2,0.9997738
567b2dc4,0.99971884
d7615a20,0.99740916
7fff9b67,0.9997267
113876cb,0.9996872
bdc4995c,0.99976426
b4acdbc9,0.9997458
476ba355,0.9997682
0326c4f9,0.99941957
884f2668,0.99810755
e3a99959,0.9997781
aad68f61,0.99771345
df0893d0,0.99795675
1225207f,0.99975806
db1cc4a6,0.9997291
021e9584,0.99974257
77e8b781,0.9985582
6fee9554,0.99975926
3ae85604,0.9997781
e6b452c7,0.9997744
3b81c30f,0.99962044
08f4a4e4,0.9997844
ec45fde6,0.9997812
a278314a,0.9997485
752c0c41,0.9995283
2782bb0d,0.99966455
c3459d1b,0.9993894
0c4db843,0.99977976
a7e7f5a2,0.9997036
5cfc3f54,0.99970883
6d08e162,0.9997384
9bf6269f,0.9995766
0648e0c4,0.9996991
4f691fb6,0.9997646
24ef9e29,0.99970573
c765d4aa,0.99948186
92bdf3db,0.99967456
f79f4bda,0.9997063
24415f08,0.9993456
4b532782,0.9997285
babcdc70,0.99754375
e9a2c758,0.9997701
aed9eae9,0.99975795
69aa9e77,0.9996592
f0be8811,0.9997768
7cdc371f,0.9971238
a976eba0,0.99976045
164d5b37,0.9996847
eb394cb7,0.9994259
a8e6f61b,0.99960595
01f1f413,0.99973327
369c733e,0.99973446
49fb3534,0.999782
85666186,0.9997675
5909da4a,0.9996855
75229a42,0.9997714
e49d50b2,0.9996463
72ec5688,0.9997825
b2069942,0.99973184
5c4ff67d,0.9997428
cb753c83,0.9996935
530fb9c7,0.99978334
5ef0bebb,0.9994649
e045409c,0.99977404
5669c0d5,0.99910283
45552685,0.99961495
7d5f66a1,0.9997601
c9812eb2,0.9990075
dbc81216,0.9978684
e1b73d6a,0.9956748
9d9b1a55,0.9994456
eb40b4d7,0.99964786
206384e2,0.99929214
ffb3bf58,0.9997205
1df2ca61,0.9964851
24be094b,0.9996247
1d771211,0.99978024
8c36c16c,0.99977106
c1aa4fbb,0.9996437
c020a9d0,0.9995821
3defd734,0.99262285
f94e1cd1,0.9997385
e6fdf517,0.99975616
a120c40a,0.999778
c4a2b3a3,0.9983581
b91d6552,0.9997414
ef10d7da,0.033152703
e2b21b2c,0.99970454
905525ec,0.99974865
3ef8bd62,0.9980862
95776105,0.9986847
4e9e6115,0.9995454
bf75fe24,0.99975795
f9edeed6,0.99978346
fba66ee4,0.99974805
e333a739,0.99975413
63936ff1,0.9997464
0a015a9b,0.9994455
3e2baad1,0.99655837
8038aa49,0.99976116
28c1da1e,0.999705
439973d9,0.99974376
a1da391a,0.99956685
7386da44,0.9997527
cf503ef8,0.99890673
524675c1,0.9997503
07a2513d,0.99943405
49590179,0.9997694
a0fdb8eb,0.99959034
15030890,0.86790806
f047b72b,0.9997696
40972ec0,0.9997663
bd3f893e,0.99954957
5a8ea4bb,0.99961084
73713d77,0.9964169
582071b5,0.99325114
5400181e,0.9993616
3af843db,0.9995234
73689be1,0.99975795
4ca2ca9d,0.9997714
aa0797c3,0.99865746
01ad3c00,0.027179828
e51c3ea2,0.9997149
5570de8d,0.9996049
89108ebf,0.9997241
d8cc95a4,0.9997842
620df161,0.9310125
fc3169d1,0.9992679
10a482a4,0.9982863
19e02ea2,0.9997582
09de4f7c,0.99972075
38e60d48,0.9997174
63b8f774,0.99978346
416f2378,0.99975044
d52da9b0,0.9996464
0cda708f,0.9988682
3e77b26b,0.99976367
8f3bfc83,0.99976724
9e6d235b,0.9995365
88ca3430,0.99820435
ec0b1ded,0.9997265
efdaf8a6,0.9984666
098d40e2,0.9996661
d1f753f7,0.9994973
6e380058,0.99976796
a2a103ec,0.9997702
adb1ea49,0.9980794
ef428e17,0.9997825
6c5c1537,0.97558993
83991f13,0.9997545
1812358f,0.9996841
3d1debd7,0.9995894
f42a4cfa,0.9997693
608b2c43,0.9997569
74f48aec,0.99803764
780d1655,0.9997501
f37647ca,0.99960226
314a6e32,0.999673
be0a67ac,0.9997067
d1c2b39e,0.99963534
371ce781,0.9997571
6387b04d,0.9997745
2176a6fb,0.9989159
526980f6,0.99965346
6b61d0d5,0.992269
5f3e66ef,0.9997838
3ccac6de,0.999647
0b0c2e58,0.99969697
9c282de2,0.003055762
86a9dd57,0.9997447
8a4b65ef,0.9997812
81b3c712,0.99974996
bc4ddb00,0.99971336
18dc6dfa,0.9997533
b10be2c2,0.9997657
cc84f352,0.9997396
43bb5a6b,0.9992582
cc0e7c46,0.99020153
1dc2b11e,0.99977404
d94090e9,0.9996784
3d9a9577,0.9967997
6971ee66,0.9995234
365194d6,0.77879566
8c9b80f4,0.9975133
7c4cc656,0.9997639
091f984c,0.9989053
f8f76610,0.99967635
04ca103f,0.08807299
f2e20f27,0.9996567
c9c98429,0.9997423
16a9cd32,0.99975735
01fb46dc,0.01995093
83002034,0.99941456
32eb8385,0.99975544
f9e4b35e,0.9988065
68d4b51a,0.99976236
40f73a8e,0.999589
741bfec8,0.99875414
211950c6,0.9993337
317ba1b2,0.999143
2ae0f15a,0.99959844
ce9cc719,0.996101
bd8e3b83,0.99977535
30288c2f,0.99974483
3c9d8455,0.99842405
40792a7d,0.9995989
15c87039,0.9997594
4dd84c68,0.9997645
c7c4b5ad,0.9997588
7e83b895,0.99967873
1b26d792,0.99976224
c087704c,0.9997218
0476ecb5,0.9989385
02b5d75d,0.99976164
e931fcf7,0.9997248
7550d683,0.9983729
753c7229,0.9945385
762e1455,0.9997615
69a108cd,0.103688546
22052752,0.99972826
e1cf6d20,0.9997769
74e6dbe1,0.9996464
0a7553a4,0.9063545
c264c987,0.999713
f310d88b,0.9996749
13322d48,0.99011034
b9bf9376,0.99960583
4c5367dc,0.99972373
0ce45132,0.9997446
547e9afc,0.9996836
3d9c5895,0.99968004
a7704fe3,0.9996772
6185ce61,0.10628089
c47cbbdb,0.97692263
55d1ec01,0.95873606
38ea4ee9,0.9997203
69ee60a9,0.99585813
af42feed,0.9996499
25f39320,0.9996687
898ca99a,0.9997631
307a151d,0.99973065
f770fdfa,0.9994512
0bbd192a,0.99978286
a2e06cfe,0.99978083
41ffaa1a,0.9997738
4ae110e4,0.9997825
513dbf7a,0.9996469
4f85fef0,0.9997825
ba4170a7,0.9997714
35938eec,0.9997533
29fd826a,0.99969876
d0dc0ac5,0.99969137
276540ab,0.99973303
8e1bcf47,0.99975353
94c0f933,0.99885786
1299100a,0.9955876
f8d7cce5,0.9997695
9d87942a,0.99974686
56db9a71,0.99938226
a7058c40,0.24050659
db779c7b,0.99976593
f31f2b61,0.9997267
c657d7b6,0.9997837
dab493c3,0.9997718
70391c00,0.99977297
d4513a59,0.97668993
3160d75e,0.9969112
6e35c6ae,0.99976486
14e41c82,0.99977654
baea2b10,0.9997727
48ad50e0,0.999772
3352a7b6,0.99973303
f42178e2,0.9986785
d8ed322a,0.9996246
3d709a1f,0.9997671
8a73848b,0.9997825
da25cfc5,0.9997248
33eb7bd9,0.9997522
28f88af6,0.99977916
505dd43d,0.99977976
fa4a7975,0.99735284
5b30bcac,0.9997255
fa534f5b,0.99977297
acdbdfca,0.99917525
ccc50073,0.9996418
65ffad7a,0.92666584
454901be,0.9995055
31df1cdb,0.99959344
070a9f99,0.9995018
2372e265,0.99958557
5fbbf62d,0.9997075
104e7de6,0.99888533
8ab52784,0.99977463
7e432086,0.09996421
761803ad,0.99976295
c3f69908,0.9996618
1cf58c69,0.9997595
81415c99,0.9996946
a34fbd23,0.99924433
8bf3a34d,0.99976057
67cc03e6,0.99977
838725dc,0.99975425
60a74ae2,0.9982875
258a6ac7,0.9997168
e5595246,0.9996991
32393dc0,0.99975795
80617f34,0.9997688
080cd4c5,0.99976057
0600777b,0.99973255
46a5e105,0.9997793
ed2c4962,0.99968064
74980045,0.99969935
9d57e73c,0.99970275
189ab6e1,0.9997509
607e94a5,0.9924602
3e16e571,0.9780051
36a0363f,0.99977094
0ba1ed16,0.9997161
4feaa3a4,0.9994161
e76a4f16,0.9969531
504ac6f9,0.99974304
cec4b427,0.9997657
1a50577c,0.99978346
7be83847,0.99967325
5f04096a,0.9291426
b353dc52,0.9993868
f4ab952c,0.99956566
097b7a4c,0.99977344
4bae5d91,0.9997545
91702fb7,0.9996871
78623586,0.9997608
4a3e5c1c,0.9995586
c2de13f1,0.9997037
2a2bb4b2,0.9995864
29bd1534,0.9997733
24f7847a,0.9994869
ca4f4579,0.9997845
f6e08f47,0.99973875
591d5aa0,0.9997763
a830d7d6,0.99959964
750adc92,0.9997739
cb1e6b57,0.9997843
8a14614d,0.999762
40967566,0.99976414
0fa6e288,0.99970055
40eadb26,0.9997218
9b746c92,0.99978
d8e056d4,0.99974114
e6137aa0,0.9951438
5f96e7d9,0.9989096
a66f0a16,0.9997209
078e74b5,0.9996107
1c2b534a,0.9997677
f7a2d911,0.99977237
42d8e059,0.9997842
867cd3a5,0.9996475
53b8fa47,0.99872416
f003dc1e,0.99975866
55805e5f,0.9974286
2c523bfe,0.9990183
e68db3cb,0.9992536
4e6ec36c,0.99976367
31c6c7c7,0.9997608
4afacfe1,0.99974376
d5411e49,0.99978346
d8ff32c7,0.9997719
2ddc0f46,0.9997826
c236b4a3,0.9995338
265b0b2f,0.9997677
82944a0a,0.9996642
5a4f5d48,0.9997545
4b1a4d5e,0.99975747
82080775,0.9995964
b7574c59,0.99960023
0d466d12,0.9978289
e0d0e4cc,0.99975425
95af6333,0.99970585
23f5f83d,0.99978167
d9909a1f,0.9952447
5d145b77,0.9997452
5079049e,0.9997789
b227bb47,0.9995602
02c98904,0.99974614
f0a149aa,0.9997688
d8e3b345,0.9995994
3a8fab79,0.9996019
a44f15a6,0.99976534
9eb1ee2a,0.99968123
ddacb75d,0.9997638
98e8065a,0.9997422
9fe29b25,0.99976534
e5f3b660,0.99969065
47d416b5,0.99972576
e03afba0,0.9995012
f53234e7,0.99975055
705c7d4b,0.9997316
d5ec3425,0.9997644
ba0b0699,0.949527
245cdf89,0.9997638
343da0ea,0.9994861
c04198ac,0.99974495
399b6f49,0.9995931
69031aa3,0.99960643
449440dd,0.9997342
b7daa53c,0.99973136
872ee76b,0.99921334
607b7390,0.99966884
cc194c90,0.99939597
68ecdaca,0.99970716
eef6e245,0.9997477
d13d7379,0.99971193
6625db4f,0.18786994
71b7318a,0.99977463
f85ce1e3,0.9986003
d8b8c370,0.99977094
5ee70931,0.9997429
a2f8c680,0.9997725
7fda7d19,0.99976605
559ccbec,0.9118444
d75aaab3,0.9996426
e2cb08db,0.99742115
48b50107,0.99976915
67267bb7,0.9997477
bb70f574,0.99976534
34f6e599,0.9997814
8d6e8bbe,0.9997842
8cde4d84,0.9985796
bf6e79e7,0.99667126
021eaf89,0.99966824
c6eea6ef,0.99977297
3de166ea,0.9997812
4b40d0cd,0.9989517
8736d23d,0.99972326
2522eb45,0.999572
37be1fb5,0.9996419
54ad003f,0.99753606
5cb27806,0.99962795
66df3320,0.99975854
0f003aec,0.9995534
34781a1d,0.99977404
a2d8ff8a,0.99801266
23a9511a,0.9997774
27fdd144,0.9997478
b411a4d3,0.9996624
12f025e4,0.99975747
11b19174,0.9967269
f58fa207,0.9990368
2b62015e,0.9989176
5bb89e96,0.9996588
cd02e73b,0.9997328
67935f31,0.9997676
5bf7a74c,0.99976903
5b7f5ab4,0.9997657
bc3eea25,0.01676031
3076fc55,0.99840873
c486c44d,0.99842983
76a5a1fb,0.9997296
3fd3fb83,0.9997811
a6ac8b88,0.89676595
60036de9,0.99977094
40857a10,0.99370897
885159ab,0.99975663
d88d545e,0.99963844
68137c33,0.9997831
571b3e04,0.9997849
e1bdc67b,0.9997398
47887a55,0.99976975
f2da4853,0.0012848324
16f8cd02,0.99978
d694c8c6,0.9984584
9f759f4d,0.9996644
b9f8b0b8,0.99967015
1aeab651,0.99978346
cfd604c6,0.9996855
ed7fd05b,0.99926907
c2e082d0,0.99976486
1baa987e,0.99977165
2d7b6ef2,0.99970275
370fea11,0.022063911
7cedb049,0.9997763
05600fae,0.9997602
f9f27150,0.99964166
5459437e,0.9997507
600ffe23,0.99977845
7f13eb27,0.99950993
788f31e8,0.9996917
7bf2944e,0.9997813
d798bf73,0.9994916
51a1070a,0.9995677
f57541fa,0.9997627
c1b0bf14,0.9997594
2ae75e7a,0.9997534
e73e792d,0.99938583
88d5ccb8,0.99977833
253c4cdb,0.99977916
bde14fa0,0.99972945
9dd1b95b,0.99975616
4df1b703,0.99961
d49c92a3,0.9993055
e1ade666,0.99971217
af6bb511,0.99918574
441cfbfc,0.99959046
e0a33bd2,0.9997634
5a93c6e2,0.9890132
721922bc,0.9997713
b0203c35,0.9997788
62ba5420,0.9997799
58b61e9d,0.9996309
fd18308b,0.99491715
270786e6,0.99970967
9f034f5a,0.9996605
77ec4efe,0.9997812
b86326dc,0.99852777
2b78135a,0.9991743
a7dd50ea,0.99973494
4f05d715,0.99977535
5a24aaf0,0.9997619
451be435,0.9997532
edd37c97,0.99968016
87792554,0.99937266
bd8102e0,0.9997023
04a812bf,0.942703
710ee639,0.9988728
1395e028,0.99962175
d6938c5a,0.9994875
61e59bc6,0.999734
05e4df37,0.99971443
0b7faef9,0.99959856
f05a76cf,0.9994122
9edbfdc5,0.9995272
45afc6b6,0.8134177
90c48d06,0.9995988
75f1f180,0.99954826
9c1fa67c,0.9997651
e53c21ba,0.9997466
30f4474e,0.99976283
f637d390,0.99945337
32f0efdf,0.99970776
72f03e37,0.99963546
3c577250,0.9997118
7ae119e8,0.13299908
e4a37fd5,0.9997569
cf6c3c34,0.9955329
55a434a1,0.20816045
0792753f,0.9997013
b6915492,0.9945457
4729f0da,0.999742
6ac6327c,0.34647074
05a7caa8,0.99954885
bb05f202,0.999627
6c0ce8f4,0.9995963
e62c336a,0.998587
0358c5be,0.99974555
61c93356,0.99977106
e1d84512,0.9997663
e954d893,0.035564028
bf14f9d1,0.99975544
2bc2d83f,0.99791855
8436aa5a,0.99973184
20a714cc,0.99973077
0b3e8c53,0.9997582
d57d31dd,0.9994973
c3968a9c,0.9997811
e4eec8be,0.999754
7f215b0b,0.99972385
f772752b,0.99977356
2001df82,0.9222683
5c73ba91,0.8890307
ce8c0c7e,0.9997832
b7a64812,0.9997619
56917321,0.9996798
61c6111c,0.99966216
9dc46493,0.9989416
f76883ad,0.999723
844e6826,0.9997677
1cbc8762,0.9988171
ab73f19d,0.9997379
a06da320,0.99942505
aada6420,0.9997377
afbdc759,0.99965024
aea0006c,0.99933136
26e51107,0.99972194
9b9576f9,0.9997627
f2d47246,0.99975675
15044684,0.98203033
c116725a,0.99955016
88521bd8,0.9996612
475cdd66,0.99971944
8dc3d3c2,0.95787114
6e8b6f56,0.9997712
dd381f48,0.99935025
223e3f8f,0.9997137
45d879c2,0.99976486
f1310e9e,0.99978024
a4cf222f,0.9986021
81995fc3,0.9997125
2122699c,0.99659556
4d2147ef,0.9997428
7b39f0b3,0.99976987
f106412c,0.99977857
d30e8c1d,0.9990746
6b2719e7,0.5623411
8a5cff47,0.9997813
633e2861,0.9997253
a644cd8a,0.99933344
d2d54c39,0.9942631
03d1871e,0.9997378
a585cbc1,0.9997769
e3067108,0.91145223
99ee9e5e,0.8733649
68607407,0.9995377
6e01772d,0.999468
608114f1,0.9988017
a9ff7517,0.99967813
5ab60595,0.9997707
6d0a34fe,0.93832356
593c1253,0.9997435
5f9f30c9,0.9996599
bcb99123,0.99935836
6e92fbc1,0.99978167
b948b2f8,0.99942136
b7c55e0b,0.99972886
19876622,0.77115846
28f1d130,0.99977916
74936d3c,0.99869895
66f54a65,0.9993119
f30707db,0.9997795
6a30ec32,0.9997613
1328226b,0.680192
ab2db1cf,0.9995364
e4f0d7c3,0.99977475
e93f3fef,0.99976486
76739da1,0.99963295
4f202ccf,0.999084
74ad99ba,0.9995415
89442c72,0.9996942
99e41ad1,0.999778
dbbbd3df,0.9960383
90b7f24f,0.9997421
cd415c15,0.9997693
954a332e,0.99977773
b5763c53,0.9979595
54892f5e,0.99977344
289a4d8b,0.99977356
b8a780fb,0.9997744
20491b5c,0.9995584
73dc282e,0.9996728
d904bddf,0.9962915
950859c2,0.99977857
8ea941b1,0.9966294
cd32ce56,0.9996244
aaca14c5,0.99975747
7cc90509,0.9997694
22611b5f,0.9995419
2845a51f,0.9993868
637ad25e,0.9997508
e29e4eb0,0.9997738
59e7b0a1,0.9997249
fb19dee3,0.9993339
3e29365c,0.9995466
f2d83ece,0.99976474
bceac96c,0.99977225
f08ed5aa,0.99977905
53f2bad3,0.9997379
6e0614f2,0.99976975
99a2160e,0.9997657
52dd7d16,0.999772
a5e177f3,0.85585105
8ba04311,0.9997614
a93a2226,0.9992466
bb70eff5,0.9958539
caeab374,0.9997813
41094755,0.99978155
130224d5,0.9995623
bc188431,0.9996141
30ec496b,0.9997795
0b3f1694,0.9995441
9a8e17b7,0.99976414
e8656e87,0.9272706
c90ab210,0.9996575
d6b83ff7,0.9996953
b73d9b42,0.9995334
db54ebb2,0.9997807
e756ffd2,0.99976903
0304e44d,0.999574
b761a66e,0.99978274
f40e914d,0.99976045
72ddd1c9,0.99978215
c79a0129,0.9997271
cef88c9c,0.9997086
e14805a6,0.9992607
ddcf747c,0.99977845
442bed0d,0.99977285
27c08ce4,0.99975234
3cefcc7a,0.04753534
0a30dd83,0.9997229
be788aa2,0.99972755
ebddf8c5,0.99873894
7e4ccf13,0.9993268
9b70559a,0.99976486
3ddb5962,0.998486
67233512,0.9997787
3a3892a1,0.29456148
a68ee73e,0.9997764
423b8f72,0.99929535
c5ecb60c,0.9996861
4b8f241c,0.99974173
c50b11de,0.9996773
bbbb21e8,0.9997013
527c1e5e,0.99977714
0d30b86a,0.2387305
accc92a6,0.06632681
be3bcaa8,0.99974686
baf26bbb,0.99976176
7d4910d4,0.9997842
3118fb22,0.9997589
15d0c191,0.99974674
e9b048a5,0.8631117
22b0a20e,0.99975175
6761a3bb,0.9997434
bc3b8612,0.99977607
13223af0,0.99975246
cbc20235,0.9997751
a75159d1,0.99920565
6203b581,0.999765
260eb0b5,0.9993131
07fb91ae,0.9997795
de3b58a7,0.99965405
c1b3f192,0.98844945
b903d111,0.9997732
f3ae1019,0.9996848
be66d387,0.9994962
8f53a162,0.9996561
482f4337,0.99969053
ba5766ec,0.72506607
5a6381d3,0.9983248
f042b1c9,0.9997218
de0847c5,0.9988034
bf0bf0ad,0.10525449
42408c1c,0.9989009
c05420d6,0.99507695
b851d9b1,0.99916756
b4a36311,0.99975115
3cab56c3,0.9997024
dd556fdf,0.9968117
6d8d8d32,0.99959415
1360cc3a,0.999741
4f24b462,0.9997036
160ff4da,0.9934389
5f26b526,0.9997806
c2f53bbd,0.9997527
192a6290,0.99966824
eff83961,0.99913234
3a108447,0.9997826
b9e787f8,0.99667263
01111449,0.99977964
b506b26d,0.9997315
e77db957,0.9989274
fd0a2ca0,0.99950194
c9dae8b7,0.99977595
9ba0beae,0.99972576
c2d36e9d,0.99498546
c77cd059,0.99959654
a411e5a0,0.9997831
4a90f67f,0.9997551
df9aba19,0.99954635
8a879eaf,0.9996877
cc9eaf32,0.99977416
f1712da1,0.9997502
4b8a4832,0.9976737
040bf2c6,0.99975747
efcfbd74,0.999622
4dd2693e,0.99963343
2d89c298,0.9994342
707b486d,0.9996824
21785fb8,0.9997466
c4266079,0.998844
11687f66,0.99955994
82c9cc2a,0.9997671
737e8755,0.9996855
de240833,0.99977976
f3aad2f5,0.9994554
75bdcc93,0.9843949
7e9c8de1,0.9997789
67a6c80b,0.9997099
8030aec4,0.9997421
8b922df4,0.94195116
8d452210,0.9997352
aeacd986,0.9997423
2112f8ea,0.9995969
887ec00c,0.9996257
a1d8e85f,0.99976844
f9c8e176,0.9997776
31c86e4c,0.9996319
41e0f07a,0.97720814
bd9ed6b4,0.9996761
270b2a06,0.99926764
49f4852f,0.9997304
845d8f6d,0.9997807
03125669,0.0013661835
12eeeaf9,0.99977916
5feb3b2a,0.9997801
f9627d8e,0.99977857
123fed47,0.999577
06e41c06,0.9997104
62db7738,0.99973065
48cb5e7e,0.02289167
10b910c2,0.9996025
97a02782,0.99971277
cf0bec47,0.9986051
0e9f3220,0.99974364
fd67b3aa,0.99968815
0e4afb9b,0.99963725
aab22d03,0.9997433
a4b1e693,0.99522626
f1794b7d,0.99927956
44ad19ed,0.99967074
09c26500,0.9795221
025e4854,0.9997485
d24082b4,0.9995012
825221e3,0.99976975
f4524ffc,0.67622304
b88cbeb1,0.99973136
b4b8f2a5,0.99662614
fcb1bc1b,0.9996147
a054d210,0.99936277
2c0ba55f,0.99837863
3a4c7f61,0.9997609
c80fe3ce,0.9997651
4ea5d424,0.9900575
9f03679c,0.9997619
f695a2fa,0.9854313
362de3c1,0.99954563
8ee2763e,0.9997187
abd87063,0.9997515
bcd97df9,0.9921977
ed267619,0.9997837
07ebd9c2,0.9979032
d8ecee05,0.9997532
3b9ea484,0.9997149
f43fa7e6,0.9994311
4c8fea3c,0.9985676
f7db3993,0.99962044
6c4e1ca8,0.99949217
70d85f40,0.9995129
cb839b98,0.9994873
f4605f4b,0.9997788
46512387,0.9993043
bbb313f4,0.9396017
c69ae75b,0.9997384
b4c9ebcd,0.99973935
697fa5cc,0.99974316
648264ab,0.9987128
7dcf8cfd,0.99788433
3e237be1,0.99975437
77416e0c,0.9996846
1d98c771,0.9905838
ad73e5e9,0.9997601
eae132ea,0.9997825
34ba1628,0.99972504
d8606f60,0.99975866
e8b9432e,0.999772
abbdf7c3,0.99977535
c4a785fc,0.9997602
1bc8862c,0.99978405
6959c04f,0.21212438
5520ca9d,0.9997775
f4e66e72,0.99963236
95453689,0.99947804
f5ecd342,0.9997733
6a760888,0.999433
4a439f89,0.9997415
217fd8d9,0.9997688
ab04167b,0.9994671
93a1f2cf,0.99948895
21db4b7e,0.9997631
8144379a,0.999589
46665412,0.99977475
0f300fde,0.9988153
07a43fad,0.9997547
a10a562f,0.9997844
20dea24d,0.9997793
4c94e942,0.9997787
d0c1ae9d,0.999652
a429ebf7,0.99932075
9d77b9f4,0.9997125
86a0ac4d,0.99977
eb6eb215,0.06849987
37c41f3b,0.9997458
dfe35b5b,0.9997799
f61dce1b,0.9989248
5d279206,0.99974626
3c796040,0.9997601
9fc1917e,0.9968156
8dddbf5a,0.9997781
35b74408,0.9997533
3a867a41,0.93121445
db7b03c4,0.9997756
eb1a296b,0.99959725
63996040,0.9995229
bb2b665a,0.9997676
b773e027,0.9994168
165a2719,0.9997718
22de166c,0.9997377
2fb1853e,0.9992937
113b66f1,0.99978095
bc96e8d5,0.9997811
1d390649,0.9997733
9390003d,0.9993388
8aab40a4,0.9997178
ce82aea3,0.9996916
6942f1a9,0.99977463
658eb2ca,0.9997733
1f4384df,0.99976844
358fd348,0.9996159
d63bb1c4,0.99976534
d2a4aa1f,0.9997739
9c0114eb,0.9991866
8d521e73,0.9997658
b8a94f88,0.99452233
823d7f3f,0.99953055
b17fba34,0.99978274
50b9a175,0.9997471
eb30b4b3,0.9994916
3ae9a117,0.9997211
49dd3a49,0.9997439
b6ad3e19,0.99969566
cf678778,0.99978024
838a5cc5,0.97104913
5e726c08,0.9996668
47a4a309,0.9995714
5fd722ca,0.96584797
0eee1da6,0.7651389
2294b8b7,0.9996909
36b1a23d,0.9996376
21cf51d0,0.99970007
3e716661,0.99956053
d4e9b1c1,0.9994236
d628f7f7,0.9997768
b821a928,0.9997727
53bf99f4,0.99962294
ce6522fa,0.9997366
afef95f9,0.99969304
fe4a953f,0.9994273
f5f4b07d,0.9997199
8ab1da5b,0.9997402
27da2aeb,0.99977547
fdd88ccf,0.9986248
895b87b3,0.99974173
940909f4,0.9997619
2a5c70ee,0.99965584
51d64df6,0.9997819
c2ced553,0.9997836
b6712cb9,0.99963534
b988cb66,0.99733764
23143835,0.99977773
4af121eb,0.9988703
6185ed61,0.99971217
b727acd1,0.99925953
91252dc6,0.9967571
20751548,0.9997502
cd29b789,0.99974495
1e00ec37,0.9986162
85b8603e,0.9997807
88ae6da3,0.9997316
9a3693e0,0.99947137
a915c7d4,0.99975985
747b4a9f,0.9997532
2861ba25,0.9994591
5012fb42,0.0038259353
2e997293,0.9992874
ca8a58b9,0.99973375
38ff73df,0.99974567
e38aa70f,0.9994634
e01f4f30,0.99977154
0aa43e4b,0.99974304
0e9f6423,0.9991412
9ebefd17,0.9992945
00b3f0a3,0.9997744
30f7fc9c,0.99977916
8de993c0,0.9997811
2720a84b,0.99939644
aed16f2a,0.99600875
ba6c7885,0.99977607
b1095c1d,0.99976236
b9d36110,0.9996331
d982a072,0.9997775
81a12d20,0.999783
503a9ab7,0.9994709
7bb2d5db,0.999742
5585c3a1,0.9997526
a9013d69,0.9997812
6724b35a,0.0020180515
25098996,0.99978346
8d996b5c,0.9997036
28b53163,0.99978393
919f5113,0.9997249
f4e36d87,0.9997043
b10eb827,0.99975365
0d9a0484,0.99931526
db60721c,0.99975544
0ed0e7d3,0.99973494
42373e5a,0.9994211
4f945b48,0.99970907
6927d585,0.99974746
2657a64f,0.9993772
f0c46638,0.99965405
ff0c0c66,0.99970657
fd62d729,0.9916128
88aa5622,0.9997793
940a0191,0.99969244
0dae5bac,0.99975294
2d3c7e3a,0.9997509
717fc8eb,0.99890924
d6c6e833,0.9997584
c5343931,0.99849844
94556977,0.9997539
7a1ce5ed,0.9997631
d392bf98,0.9996797
21115765,0.99951077
c12101a8,0.9997633
34075905,0.9995834
92b6be77,0.9985008
cedf60e7,0.99969625
4cd01038,0.04461798
1747a75e,0.99973625
b7abe632,0.99743134
2e94c523,0.9997657
5a274f1e,0.9997551
894452c6,0.9986394
c0d0a179,0.99937385
16c2dfc9,0.9997353
e41451ee,0.99975234
aec000e4,0.9997447
07abe90e,0.99867886
e97e7c11,0.997417
a56ed837,0.999764
7d327361,0.9997726
8bef3f2e,0.99905545
5ea00428,0.9997768
10fee2ae,0.9997476
1d67acd9,0.9997701
8fe57ae2,0.99974674
4171a851,0.99951947
55700a7f,0.99819
8fd1a92c,0.974444
1399b417,0.99961483
cbe1e340,0.9997063
75be396a,0.99966466
ca09a6f4,0.99975103
5d9afca3,0.998251
e6e8030a,0.99594915
116af90c,0.99967384
293828d8,0.99976677
c4c0631f,0.99969447
a1961533,0.9997688
df4ab4ab,0.9997737
edb941f0,0.99978036
eb0c95e7,0.9997731
40f621d4,0.99958605
7ad14268,0.9997009
98ccc1c4,0.9997683
48b869e4,0.99924695
98c37526,0.999713
c4866a16,0.9989152
0275caf5,0.012111123
79e73e1d,0.9996908
39f83d03,0.99969554
c121486b,0.99977833
5f6acaae,0.99978083
d3f4519c,0.999666
f5365dce,0.9997292
91f6fc80,0.9997813
b003ee6a,0.9997843
70a1df2a,0.9981591
75cc20aa,0.999629
abc334f7,0.99969995
fc226d95,0.99832064
6d135da6,0.99978393
14851eea,0.999742
232e946f,0.9997794
d48096e6,0.99977785
a87b709e,0.9994979
43e911b9,0.9996093
6f60f6bb,0.5526033
93956109,0.9997757
e07214dc,0.9997273
c4192ddf,0.9960544
89cab5f5,0.6580878
3a16ea36,0.9992723
0311aa1a,0.99842596
15dbc71e,0.99955493
08f46af6,0.99971384
f3c38d12,0.99967015
570af443,0.9997571
b532bec3,0.9997385
e8da6f82,0.9995285
fc8ef693,0.99978274
b949efbf,0.99815565
9da62b5c,0.9997812
389c87f1,0.9997824
e045869c,0.9995832
a1c6fc41,0.107860446
93d7afd3,0.9997713
682641f6,0.9680467
7b28d8c4,0.9997584
059a5ecc,0.99977773
d810e247,0.9993011
c843c7c8,0.9993592
d56b601d,0.9997758
71a5fc2f,0.9997713
ca16b7af,0.99966884
d03be792,0.99977905
57a3b3e1,0.9996978
1e72dc7c,0.99305266
e7740f09,0.9997719
84111b0b,0.9997845
6ef0cdf7,0.9990212
459cac36,0.999778
ab9b9ede,0.99966025
2c9f36b5,0.9997075
283b04da,0.9997061
aee5aea4,0.9990497
13b5e1d9,0.9997731
dcb9494a,0.9997706
6800d357,0.99977237
6d37a14f,0.99972063
f75403ed,0.9996785
b49097c3,0.9996805
67d9f231,0.9997538
392e7ad1,0.99960095
7875d860,0.9976739
a40704b9,0.9997789
cdc6c75b,0.99914277
74b87bef,0.99941015
0c25e8b4,0.99799204
3f8c47c6,0.99946433
b47ac2a5,0.9995565
ba361db3,0.9997751
987bdb22,0.9997737
ce5364a4,0.99975723
48ab9e27,0.999767
ef7ae1ae,0.9997782
b1211689,0.9997464
4d44c783,0.9980445
c02002c0,0.9989624
0a522743,0.9891583
28421445,0.96372896
ebcb3a84,0.99977607
2adc8d95,0.9997656
809ebe75,0.9829831
0891e29f,0.9996755
3d9e47f0,0.9997396
bca189db,0.99975806
c1cbfd5f,0.99968207
1d8f7e75,0.99957114
a90ca4d8,0.9997141
4b6dd84b,0.9997763
32b2b5e4,0.99977976
69f0f179,0.99978024
ea9c626a,0.9993624
f6764497,0.99977833
b5e2c1dc,0.99975747
7750e714,0.9923584
c2516050,0.99950194
c18982ea,0.99978274
14a9ff26,0.9958704
7614d9d1,0.99969554
e360565f,0.99876887
a48bad3b,0.99884367
6873dd3d,0.9978357
e118797c,0.9996966
e5dd9461,0.99975306
d2c88887,0.999785
afc9f56b,0.99976677
00b64351,0.999731
9c7905b6,0.9997075
3e23b296,0.99978274
d43c007f,0.9995888
9adba55a,0.75955325
587bbf0c,0.9996439
bf823214,0.9997017
16bffda0,0.9995915
4768b879,0.999767
7a169318,0.9997596
06d37a84,0.99977404
d7bda2e1,0.99977607
4c8720e2,0.9995484
a510c108,0.99977
faad5b0d,0.9997863
88cb54f0,0.9996717
00ef96b8,0.99757487
27a45d40,0.99861217
7e0c6a73,0.99937195
a171d71d,0.9994875
289ac193,0.9996773
6b700111,0.99977475
8f54a6ed,0.9997824
472762f4,0.9997193
4112a616,0.99976414
ed107433,0.99970657
33cfcd86,0.99976367
c8b11c27,0.99957436
5bfecd6d,0.99973756
88e5b036,0.99977463
ede2d9ef,0.99724066
4814c681,0.99183017
1e3475dc,0.99975926
a35351d2,0.9996307
8044f61c,0.9997675
f71e8afb,0.99950075
ebde991c,0.999741
715eca30,0.9960562
d55f58ab,0.9997763
e62239ba,0.99976915
c0de47d1,0.9996979
d1e35c52,0.99965656
51aa8f75,0.99978274
8b5c686d,0.0011643547
cfa409d6,0.9994771
ecd46af8,0.9997768
eab5ee43,0.9997596
cc17ddc2,0.9997776
ed282fe6,0.99969995
cb2972eb,0.9997049
0f758377,0.9997595
9d4d2848,0.99976915
9878414d,0.99954504
a807f207,0.9996985
db4eb51c,0.9993243
1da7bb24,0.02817878
da6910be,0.9997663
6bf1c4de,0.99976236
4f2bb534,0.98039
74dd6d5a,0.99978083
43efb60e,0.9997309
58e7d64f,0.9997663
9fc3580d,0.9997123
edf8eda7,0.9997347
487026df,0.00443681
fd44372f,0.9996431
d43a7e73,0.99831736
1eafe22c,0.99975413
a1590e91,0.99975055
fd9a6935,0.99946064
50cf7c3b,0.9988526
03211b64,0.99944824
34c58738,0.9994665
4915a8c1,0.9997843
726306fc,0.9813945
0f961e54,0.99976724
c8bc5c6a,0.9997838
f7752bb0,0.9997726
df067bf1,0.99969804
6ed7d394,0.9997551
cbdb7329,0.008117829
99c6c7e2,0.9994733
0aeaeb14,0.9995815
5ad4d55a,0.99974066
2e5a41b6,0.9992274
cc7ed37a,0.99978274
faeb7c88,0.9995871
6d3b75ff,0.9996309
5655ac67,0.9997749
6fa76138,0.99977595
7d6abf6c,0.0075476235
5108fe81,0.99978036
146274f0,0.99967253
a1767b60,0.99861324
18620493,0.999627
b381b3f0,0.9997774
bc7cfbdb,0.9987276
e67f9d03,0.9981933
16afd89c,0.99971384
1877fca0,0.9997776
2f69f06f,0.9997452
4d6270f4,0.9996908
84dee9d4,0.9995932
e8e1a5ce,0.9997844
47f3ba4c,0.99908316
c13079b8,0.99920636
dc3a7ed8,0.99367106
8888ce3a,0.99928814
29035a0a,0.99952257
d6754a40,0.9997311
ea280e3c,0.9997842
a79b6caf,0.99946517
620aa902,0.1872898
11d5f8d6,0.99731606
774d0d02,0.99977523
eba48f37,0.9997533
f96a523e,0.9997396
f039bffa,0.9997663
8d37e7f6,0.9997187
ecb80c56,0.9996964
5aa1f5c3,0.99975985
077b3156,0.9996903
7f43ee2c,0.9997706
b9553ea3,0.9997744
89b6aeba,0.9997489
ec3d2748,0.9997507
56eab6f8,0.9996897
7711ed48,0.9997483
f2649514,0.99977666
f717437a,0.9996848
0db63fe4,0.9994641
571c5911,0.9997178
00df719e,0.9997681
171a65c9,0.9997782
08edbdd0,0.9997789
1fddeab9,0.99959046
fa520c87,0.9990237
fdcf9807,0.9996495
bab83423,0.99978
1ce1559c,0.9996778
298be71c,0.9996927
accf4fc0,0.9995357
822740b7,0.99976784
22cfd8e4,0.99902797
c2876c05,0.9997366
f51c16f5,0.9997335
fcbc4073,0.9997359
16900629,0.99977666
c55c2408,0.99943465
9d5fdbed,0.9993913
e04b3f10,0.99920696
0cb66246,0.9997441
00c3464c,0.99950945
85129ca2,0.9669183
44743113,0.99972016
2a50fd9a,0.9994862
6e4904b5,0.99974674
eb385ac7,0.9997117
70c772e5,0.99978465
1d7e56fc,0.9997646
3778b9d8,0.9997831
f9f8998c,0.9997813
33d849c8,0.9996395
fa41fc62,0.9997813
8fa768b8,0.9989617
3e5c32c8,0.99962413
f14538db,0.9997336
f531d886,0.9997819
5814a013,0.9997253
cf53f845,0.99976796
ab0386f4,0.9997464
45d2b77a,0.97706896
518a4078,0.9997441
62c26df3,0.9997489
e3f17663,0.9997582
60d2b4b6,0.9991203
57778004,0.999337
b80577e6,0.99969494
5f942c8e,0.9986388
65ab1349,0.9997557
37b31f8b,0.9997316
401b2c3f,0.99977475
0245f65d,0.9995504
1114a095,0.999757
0be9971a,0.99976426
3000cb74,0.999666
16a01453,0.9996983
ad14089b,0.99977785
0db0f60c,0.9890133
2eec29b0,0.9996289
f9bd0335,0.9992924
ea6533e9,0.99973065
99b01b56,0.99968123
7816710a,0.9997085
aa649f46,0.999785
c16f087f,0.9997458
78859e84,0.9996536
7a6914eb,0.9997286
4d612afb,0.998317
063469fd,0.99975854
1eacecd7,0.9997526
eb82f517,0.99977785
555b746a,0.9997825
b6c04992,0.9995109
f8334e97,0.17207372
a0b0595c,0.99976605
219c124b,0.99976844
dce77abf,0.9987093
34705acf,0.9994673
bfd0885b,0.9996184
354d180f,0.99968123
cce809f0,0.99978274
2a738953,0.99978226
655780d9,0.9997664
e3f8bf15,0.99978167
ecad6459,0.9804114
6b4b28f3,0.9904784
605c0cad,0.9890527
89074723,0.99974805
1efed686,0.9997495
374ba3f8,0.999765
36c25a76,0.9997671
8e342297,0.999627
ff00ebb9,0.99977
0976f327,0.99938595
e5bb8010,0.99971527
95991f24,0.9989384
41f1da96,0.99977356
6f3dcf89,0.9996972
8b447151,0.999678
7e331643,0.99975187
8611cb08,0.9997482
803426e8,0.9993299
d25689c3,0.99910283
5d19324c,0.99935335
f2b14d10,0.8164044
adf02254,0.99940765
86e20386,0.9997496
dcad0421,0.9997843
62229806,0.99933594
1aee39ac,0.99978215
599f095b,0.99939895
fad59194,0.9997223
3bd253b1,0.99934524
8307e86d,0.9991916
11e28652,0.9947508
fa7a5ce4,0.9997031
15310ff4,0.9997347
631129c2,0.9997602
1ade84b5,0.9997725
3916566e,0.99441767
31cd0473,0.9997054
2c966184,0.9990545
6b1e1f11,0.9997205
94b91812,0.9996995
bf2d7c67,0.99974746
a3f0c57a,0.9997811
670cfeb9,0.99758863
b47e39d2,0.99976903
dc39183b,0.9997751
acff20f0,0.99973434
e52cfb44,0.9997223
06ea98ce,0.99976176
166112fd,0.9989894
162485ae,0.9995332
107eb8c8,0.9985002
e110a5e0,0.9995402
679b12c5,0.9982711
63fb72a7,0.9996753
61f1d5ec,0.99976605
66218b47,0.9997203
386c3ad5,0.9994886
d9133348,0.999273
cf923a84,0.9997484
3ac9b6a0,0.20233905
33796dcb,0.9991819
0174f4cb,0.9937721
20f72492,0.999762
1bf7549d,0.99967825
e5d0570b,0.9997322
26e73f80,0.9997751
949e8e7e,0.99953663
fafd7335,0.9990983
b9555e47,0.999777
7f580c65,0.9993711
2ee9d525,0.9997732
c527ba16,0.9997316
baffb06d,0.99970454
c913ffbc,0.99975187
59159c2b,0.99976283
a0888753,0.9997178
af3df270,0.9995204
3d4b8e25,0.9767636
6c56e79f,0.009002191
f1bc9960,0.9996824
aaaa52a3,0.9997694
e9fbea7f,0.9997528
1a978f85,0.9997625
14803298,0.9997844
d9356227,0.99977285
20422fc3,0.99959797
29797079,0.99925727
4f64cb47,0.99978155
8859f684,0.9997744
6b953f93,0.9997335
54fbb04f,0.99961925
e22073c3,0.9997806
00a36034,0.99963725
2ba3dc06,0.99977475
ea97a979,0.99958915
7563e773,0.9996387
ea3ea0a2,0.9997683
fe280f49,0.99971956
f39e619b,0.99866104
a01fa0ea,0.9997838
ed3bb9bc,0.9996475
7844a1ca,0.9993581
fc2ffe5c,0.9997749
38d3b7bc,0.79749477
8e49affc,0.9997453
eff464f4,0.99973875
511a6827,0.9915553
d04d4b96,0.9995461
f19480a5,0.9997781
6ced958e,0.9997652
56a13307,0.99937564
c9e8f29c,0.9996427
8564e6e0,0.99977905
2abc729c,0.99974877
0b52f614,0.9996711
5ffc9d61,0.9996773
f3fbe547,0.99920577
865065dd,0.41449934
733ab292,0.9997818
a1928ddf,0.99970204
039e4341,0.99977976
06c018e6,0.9997695
96db45fa,0.9988426
49a699cb,0.9997135
ebdf30b0,0.99853647
c424744a,0.99951553
c89e134f,0.9997547
db311bcf,0.9997737
a061f4cc,0.9997701
5ff3e39b,0.9996172
9d3cc575,0.9995546
a98b59f2,0.99866116
a66a343f,0.99836236
a2c4c5e2,0.99961805
8764cbe4,0.99976367
3183e04b,0.9995628
2e55ce89,0.99806803
6100bd10,0.999772
1f6baccd,0.9997776
7f77a5c7,0.9997178
888dc8fb,0.99940777
e6e0014c,0.9995499
3cf504f1,0.99975735
345bd743,0.9997247
9c55343f,0.9144588
5eb2fe6d,0.9996259
5f47367d,0.9997708
552dc57a,0.9997389
a0053ec4,0.99476564
b5d95e61,0.9997845
f4804040,0.99946684
f854e1ba,0.9974859
f07b406a,0.96966803
47e620c6,0.99970204
c5744526,0.99965847
56bd9803,0.9997259
9a293460,0.999777
4332d8d8,0.9995308
44a65726,0.9997677
b544bd59,0.99828076
f727ef76,0.99965
acd1ebce,0.9992848
5f3c1515,0.9992488
4d025a1d,0.9997435
bb818dc6,0.9965487
70bfd07b,0.9997193
0e8515d6,0.99766624
282fad7e,0.99949884
803589b6,0.9997749
a78be038,0.99954563
e1f66c07,0.9997801
38b18562,0.9997353
a5798351,0.99895227
7a1dcf69,0.772455
d63eadce,0.9997849
731cf4f3,0.9996691
2624dbfb,0.99932134
88f677ec,0.95461947
27c43050,0.9991804
33c307ef,0.99977773
9e6bb51b,0.9997533
af51d78c,0.999777
3cba18c6,0.99976796
4c7be22c,0.99974376
6595402b,0.97361314
28de5ffb,0.99975723
cf75a9cf,0.009333739
b49e5ada,0.98963416
8c3d152e,0.99978274
84836c82,0.99970883
0655a343,0.99974614
c652455d,0.9988913
eae535e4,0.9997633
6a112604,0.9993943
70b994f1,0.9996265
be5207d6,0.9994764
d6bf0b9e,0.99978083
fb3054de,0.9993818
c1360414,0.9997651
79130ab5,0.9995778
316a9b02,0.99969363
1db90a22,0.9997309
56db4e1c,0.99977714
453b4ba8,0.999686
4dbb4ab3,0.99962187
d80c1507,0.9997584
8d78660d,0.9986803
3a70485c,0.99954456
3cf162dc,0.9983267
54d3d46d,0.99958247
6ef5367e,0.99976736
62e97d84,0.99943644
b7e746d6,0.9997838
7d286fa3,0.9995765
e34a6aa9,0.9997708
46932e14,0.99971765
82c422b3,0.99974304
d5fd93de,0.9997316
60b65883,0.9997671
90f9a6ed,0.9997464
fbfd9d04,0.9985607
c38779c6,0.99977773
778d5cea,0.9996884
ca973a30,0.9996718
d9cfc87d,0.99977916
64845903,0.9996512
746d9a76,0.99951553
9118be9a,0.9997453
d93c5ccf,0.99976856
4cf9f915,0.9997434
fbb31181,0.9997068
067ad1a4,0.96461016
331cb2d0,0.99839956
cb2a72c7,0.99920374
14f9e730,0.9997831
ad476d58,0.9994086
1e42c440,0.99976593
c7074a72,0.9997447
15bf48c6,0.9996618
c6b989e9,0.99977916
bac2c451,0.9996754
31d49f83,0.9996872
c2c9f79e,0.9995714
d0c6d82c,0.9997489
f0c614a2,0.99946445
a967ca45,0.99920124
1282d766,0.9994267
cdc1a739,0.99968684
d86a691d,0.9981254
aa54708e,0.0032042067
13fe3092,0.9996753
fdb8e061,0.9997856
b4957cc8,0.9997478
8ec4ef1e,0.982263
932f8166,0.98902893
7876ed85,0.99958426
96a0c0cf,0.9997185
5cda8c2e,0.99935323
0cbe6aec,0.99924624
fd80b16c,0.9997434
debdfa6b,0.9991109
c6e8911e,0.9991831
ea1329b4,0.99964535
96956e0c,0.9997794
59a43568,0.9997596
f68a60f1,0.9996613
25cf8409,0.99974865
7bccf519,0.9997806
46e29a7d,0.9997662
ee1802b4,0.9997689
318f100e,0.9997416
07c3b5a8,0.99978465
df9565dd,0.99974805
f5523fb0,0.99960583
de4ad94a,0.99978346
1d5ccf57,0.999782
9765673a,0.999076
ba37b24c,0.9997775
91ac8c94,0.99941397
a06efac2,0.99974614
4bfcf7a6,0.9997824
cd445284,0.9994686
4e3c3e62,0.9853549
bb0ff4dc,0.99978
6fcd07ae,0.99971634
90e3afb0,0.9995184
235a9309,0.99978167
1ff060f6,0.999777
e877e5cf,0.9997836
c7a125d7,0.90350795
9c7e7bca,0.999739
84597bc2,0.9995654
a542cccd,0.99969447
de548afc,0.75144815
dbfed79e,0.9997193
c7c01cc6,0.99973065
19c14a08,0.99971944
3d18a0c7,0.99514586
2973cc3a,0.9996402
7186776d,0.9996711
794820db,0.99577916
07e2beac,0.9984157
413d5016,0.9997315
289a8b7a,0.999231
eed26a8f,0.9997694
8ff92c50,0.9997639
32375f23,0.999729
714bdc5a,0.999767
eb30ba9d,0.99972993
74a4664b,0.99976915
8d0247b0,0.9997665
29879ada,0.9997831
dbbca244,0.9997683
514b7ad8,0.9996092
7f466d2a,0.9953402
b4cdec47,0.99976665
e8d673c5,0.99973565
4e2ab8c0,0.9997584
f654ce38,0.9996043
af32298b,0.9997814
29124ad0,0.9994099
954f8ec0,0.99977916
8eff6e11,0.9545101
5bf745da,0.99937373
914f6e4c,0.9992687
cb4b6b66,0.99977607
b010c41a,0.99939394
50776caa,0.9899013
8e13764c,0.9997825
646f7cfa,0.99585426
4afd6e10,0.999778
8ab3699e,0.9997842
8b50df54,0.9997775
378b5df2,0.99962115
93536a89,0.99960154
2fc48896,0.99975103
7deb674e,0.9997732
111f3e1f,0.99928075
25d574f3,0.99978083
d2c900d9,0.97170347
09abcd62,0.99950755
ab1c16cb,0.99972874
f686ce7e,0.9996232
dce41bee,0.9996588
7bc36ff8,0.99895513
60b2606e,0.9997354
ac572b54,0.99949455
ebba2e33,0.98084396
0bd076b6,0.9997609
20b56608,0.99977976
8e59eba7,0.99957114
7f3ec22e,0.9997588
5bb0d97d,0.99977106
e73cf3de,0.9997836
794c9104,0.9962658
214653dd,0.99973994
cfd724d4,0.99976486
ea317f44,0.9996075
e3500333,0.99971944
78ffa71a,0.99969697
cb009ddc,0.99962413
190ed32c,0.99976164
32ece28b,0.9996754
42450708,0.999775
0c30bc74,0.99948597
f8af4b27,0.9997476
2e2f01da,0.99973124
e790b3fd,0.9873148
77c83b37,0.99077845
f8ca086e,0.99972683
ddb1d058,0.99974173
c19ac2d7,0.9873028
12c7af9e,0.9997762
c2c264b8,0.9986904
bf0dadb7,0.99729866
bb21e698,0.99976856
23e60718,0.9952643
45c1a6ed,0.90399736
6a9892a8,0.9997633
f3b4dc04,0.99880505
03001a7e,0.99977595
cab359d2,0.99626297
67480f4f,0.9995603
78cbb87b,0.9996917
3391c925,0.9997274
8dbc5dc4,0.99920386
e34bfc70,0.9996644
ebccb537,0.9997112
0929d8a4,0.9450417
0d3b664f,0.99959165
b59d03e0,0.9997793
03269cef,0.9995579
80aa5b9f,0.99962187
24fffe5b,0.9991021
56e7f74a,0.05302969
006cdf76,0.9997534
448e2d84,0.9995881
c9c2c4c0,0.99975616
a47058a7,0.9997588
cd085aa1,0.99977213
c3544c4a,0.9975579
c323edd0,0.99555004
c9e8f9b2,0.99966836
e67d0f70,0.9997336
af7f35ec,0.99977523
1a663b31,0.9995801
041782f1,0.99925846
42f591fe,0.9984251
d7e2bef2,0.99938655
3a07beea,0.99978405
f9743a30,0.99972874
1d9e4835,0.9997837
7935ca03,0.99785644
ab041c58,0.99975747
7aee7acb,0.99972945
a6040280,0.999652
bf51c09f,0.99847823
08723961,0.99955934
f0614e18,0.9974298
4b457854,0.017900102
f6a8f1b3,0.9997794
28afa73c,0.99962986
d709fb8d,0.999617
3d3ef6d9,0.99972826
1d824242,0.9970741
bd946f4c,0.99798715
f9756efd,0.99974614
a1deb6bf,0.9997676
b6f41d41,0.75870633
c3be7672,0.9997819
e7006a56,0.999752
85a14fc9,0.99968135
0c45fe39,0.9995189
60f62ed9,0.9997323
e1d124fe,0.9997557
30b5a2bf,0.9997131
fcf9d12b,0.0029362247
b537d4e0,0.9996964
bf2df49b,0.99977416
81ed22a6,0.004105907
adc03751,0.998889
96f6c8df,0.95802295
686540df,0.99977225
a2916581,0.9826633
5016d460,0.99973506
16ca969a,0.9745826
8019c82a,0.9996685
db709e67,0.99901116
074469b0,0.984984
629be62f,0.9978921
7c5c4c3f,0.99884015
68bbd264,0.9997391
bc07531a,0.99931085
78f4c769,0.9997297
77a009ca,0.99906856
305231c4,0.99897015
dbe8011c,0.9997129
b0fc9335,0.99977845
36d300d9,0.9988422
85f7f2a6,0.99959844
ab79031b,0.9997303
c5662033,0.9997354
ab9e9c8e,0.99975985
7c03689d,0.19184496
a6d26a2d,0.9997681
2142fb3b,0.9997824
1c643f24,0.9997346
22380b57,0.99977976
dafc8dc0,0.9996728
9c45b0fc,0.9997825
ccb81e20,0.9997626
21fe76c6,0.99977857
9f5b0e67,0.99978465
3101b488,0.9983897
0e3e205a,0.99967206
9187bf26,0.9997117
5956f9c6,0.91552806
de5d2870,0.9974322
a633f6a6,0.9997358
a95bbd30,0.99926335
e9b66c81,0.99977356
b5b71b83,0.3051328
e2e6e362,0.9779468
926c8cbc,0.99971527
1b35ac2d,0.99939775
3c15b887,0.9997466
924b2a6b,0.34871283
19a02d68,0.9997011
1f1599c3,0.999716
fc01a850,0.99963427
f0d3cecf,0.9994904
00c15d41,0.99875236
b1fb09f5,0.9983804
6be8384b,0.99977857
7aca11f6,0.9996182
9c14c759,0.9997503
05bac971,0.9997291
9dcbbe68,0.9997768
2272f8ee,0.9971566
33de571b,0.9997335
bde1872d,0.999613
a27515bc,0.9997309
562d44c3,0.9997788
c53daa4d,0.99972063
8e853958,0.9997727
7ef30595,0.9996867
f72b93ee,0.9997228
b72f0ab3,0.9996929
42aa1677,0.99837875
821790cc,0.9994697
668667b0,0.98699653
e26bd6ab,0.9997776
dee32beb,0.99977225
d1a78355,0.9774293
bb724418,0.9991161
8b0fc760,0.99882203
411dc399,0.9982393
9a8d2e2f,0.9994999
236de49c,0.9996939
e6ad1a60,0.99978167
95328f40,0.99976426
3340ee8c,0.99967396
134b9043,0.99978536
62caadb3,0.9996935
c60a4b5e,0.057572786
c7ea85c4,0.9996439
6af5a625,0.9995208
d7301a27,0.991601
232a36e3,0.99975675
058a9a84,0.99974924
28063f6c,0.999445
f8eef51b,0.9996562
26aac0f1,0.9997508
ebf013c3,0.9997831
ff6c7cd6,0.9990415
75271177,0.032389756
06f0ccc6,0.999724
4075185c,0.9989858
ea0cfd18,0.9996803
7161be01,0.9997818
201fb0e9,0.9997689
493f9870,0.9990108
b32d324c,0.9906996
985ad6bd,0.99976915
67c30485,0.47941545
4ee0999e,0.99975926
c905610c,0.9997702
f7cc102a,0.9996698
41a05891,0.9996044
63941c6e,0.99977773
9cd30f80,0.99971765
9d301a7f,0.99820817
c33cdfca,0.9997837
0d8320db,0.99974734
23203fd7,0.99812704
bfb7c47e,0.99974495
96441c8e,0.99953187
54b81cdc,0.9988483
15606834,0.9997508
4475c2c5,0.99885035
ecb88941,0.99971133
4d8f0b07,0.99972266
af6c8aa6,0.99934274
518770a9,0.99977165
218378b4,0.9996037
3ce39496,0.9997718
c93d79cd,0.9997681
3d5e2b5b,0.99965775
825a5f30,0.9997023
395c8686,0.99968743
adfbd91e,0.9997031
7a317bb9,0.988708
e89e680a,0.9997317
15335556,0.99964345
e6453ea2,0.99972314
9bee9870,0.9997559
712e40ac,0.99882597
0542dc76,0.9992785
738fbfa3,0.9990578
d19e693a,0.9992198
605898b0,0.99977845
f69fab67,0.99977785
091a2287,0.99762625
d8fd1cd0,0.997872
dadc4058,0.9997532
de5c9f37,0.9996382
85a780c3,0.9995235
8cb9580c,0.20966333
309e70b6,0.9975877
d548469f,0.9996195
996acaf6,0.99964094
a3537c4c,0.9997819
da869d0d,0.99976414
a4f16719,0.9997707
c7730e2b,0.999747
54ba321c,0.9995272
d47e6079,0.9997669
79f4d5f5,0.9997235
c5e2b859,0.9995807
d8e625db,0.99950874
0ef40c83,0.99865013
6db6493a,0.9996344
ce1c3c19,0.032660794
a27c5a3f,0.9995134
a263729e,0.99962795
07954669,0.9997719
775e5fcd,0.9992424
fdeb912d,0.99976
3df4f85b,0.9997731
80375634,0.99976724
030c2e72,0.99977034
d5d86009,0.9996302
63cc86bf,0.9997837
eadb2ced,0.999476
f89f3d1f,0.9997825
1c20a6c7,0.9993801
b1b95e84,0.9996569
dea69de9,0.9997534
1d0940a3,0.9994111
4cf4d6e2,0.9997725
f8db552f,0.99967694
a8c7d4ed,0.9997768
c0f373fe,0.9996125
e02a5f85,0.9997396
9d7e304f,0.9997838
505872de,0.9997211
c8e0f337,0.9996383
4a610fc3,0.99954444
60f14b14,0.999747
887d49e5,0.9995772
fd45c3b3,0.99945253
f5816ccc,0.99977154
6fd71da9,0.9997124
8ca6f101,0.9996836
581c908e,0.99976605
d4317744,0.99973696
d4de2f4e,0.99930954
69f892e0,0.99756444
3158f6b1,0.9994286
11682e52,0.9992872
9914f9a3,0.9996946
f4166f67,0.9997249
a4085b6d,0.99970347
3b3749d4,0.99977905
da1b609e,0.99977905
39b032a2,0.99913603
c4552e4e,0.9997408
bcbf745e,0.99977905
2d430e31,0.99978155
1942f571,0.9650895
e9d399aa,0.9997732
5695fa8c,0.99961877
3c96423a,0.99971765
5693f637,0.9993748
27822a65,0.99977964
5c2184e9,0.999772
4b9a3ad0,0.9997731
21f2409f,0.9996482
b9ef6f99,0.99975485
4f509acf,0.9993155
8b5f14b2,0.9997688
859a37a5,0.99975914
5410143f,0.9995766
503ba825,0.9997106
1eede9c8,0.99977845
67c03766,0.99937314
cc9acf7b,0.9993468
e90bf6df,0.99968934
026ce699,0.99936503
776c4808,0.9997688
c7f616c9,0.99975973
b2481258,0.99966
55e9fce1,0.9997726
0c430a37,0.9997273
d5207285,0.99974567
7a4fd4b9,0.9997696
13d90676,0.99973065
0b961e95,0.9997843
91d3287d,0.99974257
8cce066f,0.99975103
03169f8a,0.999435
c74a5885,0.99876356
3f0e0a3c,0.999561
3a2ca6c2,0.99978393
b0052f53,0.99969447
32e30a8f,0.99977905
3e3ee8ac,0.9997756
1e65d56d,0.10364326
a70b661d,0.45319903
a5241cc9,0.9997781
c5759779,0.9996973
f1398e4f,0.9996013
55ddc82f,0.9997327
44e64b5f,0.027293842
5aee2910,0.9997217
6651fc91,0.9997422
5bd2a58a,0.99958235
e1938289,0.9997398
e46f151a,0.99971455
bc26af35,0.99976045
f023b038,0.99966824
e2cace84,0.9997843
c5e3eed7,0.9995919
e212ca53,0.9997328
9d8ef99a,0.99978274
3bc63eed,0.99908066
cdd3c823,0.9955759
ad6f2382,0.99976534
a1dcf969,0.9995821
920fc86e,0.9997818
44db62bf,0.9994143
caf6be48,0.7246962
6ed6a0c5,0.9997559
66f45740,0.9997477
4fd06f00,0.99978226
a5381642,0.99977714
71fe84a5,0.9979107
9bcfc581,0.99977
f9405914,0.9997137
38ef771a,0.9997688
7516d4f2,0.99914277
d76d8f49,0.99961936
82b2dc92,0.99967945
3081f9a5,0.99970716
cf3a5f11,0.99945015
7c4d67db,0.9996872
d5f54e40,0.99915445
7f8b59da,0.9988476
8b6d6598,0.99975914
634fa788,0.99961436
cef8bddb,0.9961731
ce852b0c,0.9993086
1e3afabd,0.9997836
500b1660,0.9994723
c92a60b4,0.9997428
2f41ad06,0.99787116
b1055464,0.9988913
119e337e,0.99893576
da9d7060,0.9997036
1789feb0,0.9970541
e951ae28,0.9997117
52ed82f5,0.009991614
a21adc31,0.9995865
8980d6cf,0.9997228
5b83b1b4,0.9997738
3b5ae503,0.9997515
8646817e,0.9996426
c7a929a2,0.0015110335
c0a4f1d6,0.99972135
87d780e9,0.9997694
4f9dbf5f,0.99956566
5cd534fa,0.99970764
6ff1422b,0.9997477
5e1e5c7f,0.99974686
6346e6bf,0.9991887
aeb1f59d,0.9257201
2b71c745,0.998577
1abfd99c,0.99972516
c8bd87d3,0.99972814
7f2b98bd,0.9997515
afba57b6,0.99978346
551eeb84,0.9994918
2e2eb8a2,0.9997738
0b741728,0.7914089
69e646b1,0.9995828
2f79b94b,0.9972499
da66d4e9,0.95615643
ef63b52e,0.9997608
84f0b904,0.9996723
8615e61d,0.9997639
5645000c,0.99944323
1f8ef1c9,0.9997663
20ceb3e4,0.99954283
ea13a2dd,0.99977225
b69ef741,0.99976605
9ecbf5e9,0.99974126
e6d62291,0.9997727
3e777cb6,0.99956685
dccbf01d,0.99901676
37c636bb,0.9968725
ff07f9bc,0.9997347
8673c57c,0.9994242
4324b62c,0.99975795
6523f72f,0.9974861
9db9e42a,0.999723
52606c68,0.99962413
9045febc,0.9995573
0f88202e,0.9997205
884fc397,0.9928826
545065bc,0.9995178
7b4e8d09,0.9975923
f9edf368,0.999739
6260dc9e,0.99977714
53b811c1,0.9989969
458f7676,0.9836088
61fc7f54,0.9997807
d796cbd7,0.9997776
e0340b0c,0.99973637
86282930,0.9997217
e8a20462,0.9981567
de6ca52b,0.99942976
d463c90b,0.99908245
049712c0,0.9997371
355a793e,0.99977046
361035cf,0.99977463
c4dc45b1,0.030290002
e40bc419,0.9996599
e848aa6c,0.99944013
baea2f80,0.9993506
24856125,0.9997131
e6edbf0a,0.9997793
50e65b80,0.99976844
42a90d25,0.9997392
597b2b3a,0.9997154
64eb138e,0.99950075
fbe1487d,0.9997522
8c30828a,0.9997452
6027c000,0.9993923
70c9ccb3,0.9997483
9afa257a,0.99793506
e5ef5026,0.9996469
18ae1a82,0.99914265
cb919e35,0.9996493
5e7e5829,0.99972934
40344f0d,0.999666
aa89da2b,0.9982021
ee843fbb,0.99934787
062a440f,0.9990639
c5220200,0.99969256
5e72b7f8,0.99977416
6fb64673,0.9996636
4d6cef10,0.9997727
721e6ae0,0.9990017
8c559714,0.9997316
9cfe24d3,0.9997806
f9813347,0.9997812
ac5d551c,0.9997787
a4ac9d28,0.999762
e202a74d,0.99884677
7a7251d9,0.9995666
2a80e010,0.9994728
c918dfa8,0.99977833
d903a72d,0.9992269
21406d54,0.9997826
22f73670,0.9997602
8f7f9b2c,0.9994172
092ea244,0.999406
55363cbc,0.9494327
bdc4ef23,0.99976677
3eb4b993,0.9997241
10b3de13,0.99978
94b35a5c,0.9988096
dd18019d,0.9994868
6d39ddef,0.99964166
17f40dec,0.9995715
16d4e815,0.99966156
ab41c88d,0.9996729
ff645605,0.999009
dc66136b,0.005972645
7194a2e8,0.9997342
31667a94,0.99961615
4bf69668,0.76031536
6071d70d,0.99977595
b2bb0fb1,0.9996699
bb9e7bd8,0.99944514
c682995d,0.9995192
e0cdbf66,0.99955744
e9fa8ff8,0.9985258
c203b012,0.99971765
05dd25d7,0.99976736
1da4eac7,0.9997732
63271b3a,0.9997589
0693318b,0.99878055
b54bf749,0.9973762
e52586c7,0.9997837
7995348c,0.9997589
d51af034,0.9997234
d2071c13,0.99972373
3705bc6f,0.9997782
1ce9ba91,0.9995134
1f17cca7,0.9996443
ce5e457d,0.99971884
581d45ac,0.9994752
06be47fb,0.999572
b040065c,0.9996202
4040ab1c,0.9995908
c79265d7,0.9997774
4974dce4,0.99967384
1eba8ca1,0.9997824
84b311e0,0.9997172
b80d688b,0.99819773
258fec92,0.99964654
6f7a0174,0.99975246
27d3deb1,0.999683
d9ff8ccb,0.99977773
116b0cf3,0.9990953
5e0b0db7,0.9997305
b001eea9,0.9996692
7a0201ec,0.98569113
e22a4792,0.9997377
aa13c0ae,0.9997298
6d3fcb16,0.9886508
f6c1ef44,0.99976987
7cdd19d7,0.997936
302b2c61,0.9996024
ff5740b4,0.99970454
26b084d8,0.9990798
7bd7f585,0.9997638
24248dec,0.9997813
24a79876,0.99974257
8ba49b4f,0.99976987
705b9639,0.9997522
43daacb7,0.99978095
32c095d9,0.9997385
b890a3ed,0.99973565
75f2bb52,0.4342766
ebcdacc1,0.8375094
9953cb14,0.9997782
90475614,0.99839705
eea67a4c,0.99975044
558d8ef1,0.9997714
d2685ec9,0.99934405
d1295e82,0.9996074
837761a8,0.9997842
9ceed232,0.9995801
e07f3c84,0.9997714
c238a931,0.99951243
e8da20fb,0.9996326
9336b8bc,0.99937063
868252f1,0.9996314
e6ec8408,0.9996892
4946c63e,0.9996797
f720b6ac,0.99977857
08cfef41,0.9997776
06ffe583,0.9994904
b3e73c23,0.99969304
9a6ffc55,0.110092744
cc53e9d3,0.99974364
088e6d56,0.99974674
d1cd28cb,0.9997713
f2cd7e64,0.99977773
17154f97,0.998895
352c0a54,0.94685376
c2f7cff3,0.999765
d40fbcae,0.9997688
be563290,0.9997516
178f2e9b,0.9997807
23de072b,0.9997476
33e14bce,0.99974746
8b669cef,0.9982071
0658ea31,0.99975914
6e5cae1d,0.99971753
f7d87411,0.99967825
48566dec,0.9994523
e778e1cd,0.9991035
dda38aec,0.998971
d92f6e94,0.9997009
6a5cc5f1,0.99978393
c6c5bd3c,0.9995821
72e173d5,0.9995951
66d91549,0.99971443
850a5f5c,0.99975246
f3bbeb50,0.9997476
f300936f,0.99973947
475f4e20,0.9996556
83c6a397,0.9997824
240900a4,0.9997596
3c8a8146,0.9993826
ca1a9079,0.99946564
807019c3,0.9995159
b7d50d80,0.9997582
51b83bde,0.99974793
353d5b9e,0.9995407
4019c6b3,0.99977905
0986477f,0.9997559
139be553,0.99951804
93e286cc,0.99935824
ec54c6a4,0.99814045
309e7b6e,0.99977726
83353c4a,0.999764
76f5a27a,0.9997789
fd7d074c,0.9347388
c4d454c6,0.99975556
dd89aa3c,0.99959904
8170e135,0.99977666
df612824,0.99977905
64dba698,0.9997563
7ce738b0,0.99963725
c22c592c,0.9974281
d256c63d,0.9997576
361382bd,0.9997826
4bd1fa65,0.9943342
24412e0b,0.9987943
4c63e0bc,0.99965143
45a6c4d0,0.9996057
9af65fa4,0.99975663
900ca24a,0.9995838
cd2686dd,0.999671
0017d7e0,0.99971384
c1ddf2ab,0.99977213
056a5d27,0.99974877
23bab58c,0.9996985
338dc6d5,0.9995321
deeb790a,0.9986442
44113190,0.99972826
64a92865,0.9996909
e9a9632f,0.028018245
7c584475,0.9991429
c1f43ded,0.99975866
f8e03322,0.9996731
58f1a6e2,0.99975604
fdc6c79c,0.99976796
d3fadead,0.93185025
eb38f70c,0.9969416
63e4d947,0.9996325
d8e69afc,0.99977654
06ddc874,0.9970401
2b2ad576,0.9992933
0e0eacb5,0.99490595
87627288,0.9995653
5653e6bb,0.999632
8fa5739f,0.992898
bf72c83f,0.99974686
940e9c17,0.99976987
118ccab8,0.99977094
f4f32c64,0.9997757
4fa9bf33,0.99884415
2e7737e2,0.9996228
081dfde3,0.99923277
405bf140,0.9997738
dde3427c,0.99977845
f691333f,0.99506676
9d4713e8,0.9990182
5a20d1e5,0.99969673
8b22599d,0.9997782
ae3007bf,0.99948955
5b0f3d0c,0.9936413
8b641774,0.9990871
f78ab6d5,0.9996094
162d7005,0.99978524
95de88f8,0.99972683
8ce6abb1,0.9997775
3dc3336b,0.9997811
eca2c3d3,0.99977976
7d2e2aac,0.9997451
1a43a25e,0.9964354
299cb8ca,0.9997775
04fef8e6,0.9997004
e9128985,0.9993067
52b4b5f0,0.99977785
6e7976ad,0.9996636
5bdfc454,0.99971193
80339d15,0.9997832
d6469066,0.9997838
dac1f0b6,0.99936765
0be6e5d4,0.99959594
f1614f4b,0.9995677
e92af86e,0.99974185
1b893345,0.99977356
0f1dd167,0.9996265
533cb52d,0.9989241
f61285e6,0.9993773
73cae997,0.9997681
095c80c7,0.99967706
ce557462,0.9996691
b5de218e,0.9997191
cdfd4b03,0.98402417
bd17a414,0.99977773
00d0118a,0.9992563
2c82ff05,0.99971503
fb25584c,0.9997824
b301e716,0.9993476
e69a3f3f,0.99882454
4ffd8d7b,0.9997782
416d4f91,0.00448104
b830e171,0.99977046
fb25b6a2,0.9950494
eff7ccfb,0.999757
919c1c49,0.99977535
4bde4db8,0.9997781
d812637e,0.9993198
0edc02bb,0.9701773
79fecaef,0.9997069
2dbf0d7d,0.1606758
d548ae7b,0.99976784
9f7eb108,0.9996513
4700ed17,0.99978024
f37db593,0.99972683
7707e409,0.99970883
7b54cae1,0.99972063
fd69d11b,0.9997855
1657645f,0.99971384
b288590d,0.99974746
6ddc80ad,0.9996971
a61ffe9c,0.99962497
a5477fb1,0.9997732
2e821a9e,0.9997595
3bb121f4,0.999668
15cac419,0.99962544
8a54e104,0.9971433
f18e46f1,0.99970406
7911ad92,0.99975854
2268b6ed,0.9997632
fa25b24c,0.9994135
c2ed4232,0.91936046
e54621cb,0.9996625
35b47598,0.087140135
1dcd4d59,0.9455797
fc8a6509,0.94992393
985d3a8a,0.99965155
9aa6a74b,0.9996934
9469bf94,0.99978215
e9d3c46b,0.99899524
a54c4ab1,0.995974
739ecc27,0.9997625
d5519e31,0.99958545
f44f0d2d,0.99756515
59f3c8bb,0.9993092
c1f23348,0.99951696
93b9a78d,0.9997782
0f8ade76,0.9997758
cb45fe2b,0.9997416
42793017,0.99964225
466657b7,0.99392647
5a194298,0.999694
00fe125a,0.99814534
5261e3da,0.9997789
9874e709,0.9997651
9ce8fcad,0.0013801496
802598d5,0.9997489
e43b5fa6,0.99962044
de8d5927,0.99962425
10bae29c,0.9991886
c82771e2,0.99972945
4effdf1f,0.99967206
43bd2088,0.9997209
958f0292,0.99976283
034cfccd,0.994214
37342ed5,0.8441079
44cf9ab9,0.9992322
e20fc834,0.9997607
9cb85b22,0.9995801
41d0aea5,0.9997551
2198192b,0.99976116
f0c3e643,0.9997658
682e4e0c,0.99973387
32f49940,0.99977654
1c235cdf,0.9874772
1911a00e,0.62053776
aca84b23,0.9997627
dc380a6a,0.9996741
db1afe8a,0.9995493
8a56c662,0.9997781
10b0940e,0.9997508
a6093ff5,0.99961627
4260edd9,0.9995534
38a2ef9f,0.99946684
55a6ea9b,0.9996804
bbc0365a,0.99704665
c627c647,0.9996717
f9c3cd7c,0.9996908
88a3f4e1,0.9997564
dcd4f770,0.99968183
de0be9ae,0.99976546
b71e874a,0.99978465
7e127bc5,0.99966073
fab5eff4,0.99966073
5960ba84,0.999316
5cae2800,0.9997186
cf186488,0.9996137
14262383,0.99976116
8c982e53,0.9997781
c9f62092,0.9997813
ac462020,0.99971074
fdf6781f,0.9996326
e7b0e76d,0.2782033
92116b22,0.9997402
101ab072,0.9997273
d34283cb,0.9990839
efbec6ff,0.9997838
ef171671,0.97446185
6a0787f0,0.99977034
34d4ae4e,0.99970347
8c07cb15,0.99964786
791adef5,0.9997782
c4b3e914,0.9982242
d9b3c204,0.9794471
f12c50e2,0.9997764
a81735fe,0.99977595
5667c1de,0.9991204
968f55d2,0.9997826
a7c02878,0.9946602
a1dd8232,0.9992741
b331fcc8,0.9997838
c5495427,0.999156
8eda5e2d,0.9997596
dad545e3,0.9996177
e321f9ef,0.9997732
6a9fd549,0.9997472
ab5cac2a,0.9997788
29d5f344,0.9996489
dd6893cb,0.99977165
dfc14cbf,0.99973136
0f966c47,0.99978215
6250eedc,0.99971443
29bf99b3,0.99970335
1e8b0730,0.9997397
5019df33,0.9991192
03a00f44,0.99967754
8ae21633,0.99976844
e43022c3,0.9995414
d30bee5c,0.9997795
aeedfede,0.99805236
d3bd9953,0.99961346
e85fcc85,0.9997427
c316bb49,0.99967134
00c1bd6f,0.9996749
2430a1cf,0.9997826
c99df73c,0.99971145
37bdc6eb,0.99978036
61adfb69,0.9997167
4d616cac,0.9920894
dff12b1f,0.99931204
a062f160,0.9991916
c813ff93,0.9538706
68a1014c,0.99977523
5761964e,0.999747
9edaab25,0.9996878
f9c54bf4,0.9995871
d5602a7e,0.99978167
ba4afd5a,0.9997261
734b0aa5,0.999783
d4a7c19e,0.9997514
a2236994,0.99937266
99a70f09,0.99974614
ca2c571b,0.99885607
b10ae8c7,0.9997849
d16be399,0.9997811
c1df70bb,0.9944508
09b88fd8,0.9979808
db952a84,0.9997795
f59e4a60,0.999529
e41660b1,0.9997639
354770bc,0.9997389
3c97f514,0.9997818
979746c6,0.99967325
104c6bbb,0.9997615
3d8c5683,0.9996673
b78ecf12,0.9997161
a87a038e,0.9997129
5cbced26,0.9997043
721daf3d,0.999734
12a8724a,0.9996414
383f798d,0.9997565
e2bd9340,0.9997187
43749303,0.9995049
c0c522e1,0.9997751
751ec100,0.99974686
ee4693fc,0.9990823
7dac28a6,0.9997645
c03269ac,0.99954444
f832ee60,0.9991393
5878de4d,0.9996253
f6732ed5,0.9997694
f9418622,0.012949872
bf2460ad,0.99963593
443d0f72,0.99976474
6c764d3b,0.999783
ec3ac853,0.9996861
295bd139,0.9996704
2c190f5e,0.9997054
b127648e,0.9997367
b246a3b1,0.9997545
72516513,0.9997646
ecd93627,0.99976474
4751d2b8,0.9997756
9e77cd9d,0.9997712
2443f566,0.9997416
b92c4081,0.99977523
2fd752fc,0.9935842
064e7555,0.99976224
d24af284,0.99966896
b67d08ef,0.99971837
f1169af6,0.022347188
2b1ea47f,0.9962612
ff188431,0.9997482
0a2250b0,0.999411
9af2cb79,0.9997739
35c5b90e,0.9997017
543b603f,0.105756074
2aa77a7e,0.9997801
7255aa3f,0.9997806
8b6879a5,0.9995022
b0a90ff1,0.8763814
1a8d4c5c,0.99951327
150ac8a4,0.99977356
0124dafe,0.99597955
c5d44da6,0.35567796
551ad817,0.99977463
592d36d3,0.99960417
eaff7bf6,0.9996755
63bf24b3,0.9994623
c0f7b97e,0.99958295
dcd66660,0.9997063
e3dd189b,0.9994931
67715ced,0.99921405
e0fe5ec0,0.9996197
74449950,0.99978155
a8c715d6,0.9997731
cd5d93bd,0.99739337
5952a006,0.9997776
8b123ed2,0.99946624
dd1dc587,0.99976045
129e56dd,0.9997793
d0656cd1,0.99976736
05daf028,0.95899695
49549447,0.99950993
d7ab4550,0.99975306
26f3cd66,0.99949205
d55ee7e9,0.9996871
d2745720,0.99974483
b2b6aa24,0.9995753
fe8773a6,0.9997745
d8056adf,0.9592204
5e02864e,0.9989619
cd9497e7,0.9997756
08810fc4,0.9780773
7b4d09ab,0.9995266
94934efc,0.99977416
36331487,0.9997248
f076361e,0.9964663
f98e58bc,0.99952924
d692b049,0.9996815
e1f84751,0.9997552
c462f48d,0.98786616
3abd941a,0.9996995
45df34e8,0.9994272
a23c6b0c,0.99969566
847454c5,0.99974006
7a3fbff1,0.99977535
311efd55,0.9984384
f382ffb0,0.99973804
d47a9683,0.99973375
9cdfeb38,0.94961894
b3ee0d0a,0.9991208
4733af26,0.9994646
69cae70c,0.99954623
e5cdd47a,0.9997836
ffadac0f,0.9997322
c429a37b,0.08138904
6f02f5e7,0.99977535
21399c8e,0.99966335
ad0c3f71,0.78437155
f5b1e81a,0.25152075
8865eef3,0.2877767
9c9b89f1,0.9997682
2ab2278f,0.9996836
0b6905e0,0.9995976
5a8be5c4,0.99977773
9f22c1e2,0.9997818
2f27aa50,0.99977225
c6b4fad4,0.9996617
481b0a03,0.9997292
f073e8ee,0.99973255
ffed96a8,0.9982084
c2287f56,0.99865985
8544b7e2,0.99973315
95fefabb,0.99975556
854af433,0.7277902
e01e9baa,0.99977833
6d994df0,0.99976856
7e153760,0.9995111
f39a4a5e,0.99642414
44e9271c,0.999678
d936a134,0.99978155
aaa12729,0.9992861
55a8e3cf,0.9997781
10dfae78,0.9995993
d9418745,0.9997154
66f7e1a8,0.77703667
e7d74eb8,0.99898297
81bd89e3,0.99975747
047837d7,0.9995678
a48b07df,0.999749
be93a835,0.9997472
8a5ede59,0.99978167
9a80f8e6,0.9991001
40a1317e,0.9997348
59e56b6e,0.99978477
f1aaced1,0.99906224
1e7151ff,0.99977726
b7cc6484,0.9997788
cfbe901d,0.99976534
80e3acd8,0.007264167
850b3e8d,0.99969995
64863cbb,0.99977463
58f00dcf,0.9997547
1cf07f10,0.9996346
c335fa1e,0.9997304
7a630c40,0.9996989
7912bdcc,0.9997211
324b9236,0.99975914
75453fd5,0.9994803
67be2732,0.9997757
4217d660,0.999713
73573764,0.99960715
b78035df,0.99973315
3c1cf46d,0.99967706
aab756ec,0.9997781
28c712ad,0.05108898
944c3381,0.9996389
719c8a68,0.9997354
6a994db2,0.99965715
e15a7e82,0.9997571
ecb6ea8b,0.99768865
7760c2c6,0.9997589
d6c34fc4,0.9997392
89c08665,0.99977475
4d188869,0.99959964
6491ec93,0.982508
6bcf2be9,0.999728
1a4138e5,0.99940765
645ffbb6,0.9997458
1c752d26,0.99975854
2b2013e0,0.9994838
9c0b0d77,0.9997019
17655c71,0.99976736
bb0c0a1a,0.9997614
1fa93385,0.9995939
5b7550c7,0.9997583
4cc9f495,0.99976236
c26e57ca,0.999749
34b83b5c,0.9996153
c51addeb,0.9988696
485a9e26,0.9997657
f38bf398,0.9997198
c81c4e49,0.99977416
cd8f5f38,0.9996909
4ceac96d,0.99933416
11810536,0.99967444
0e7d9156,0.99974674
b8b74e30,0.9997087
81efff0b,0.99973434
5ab6e9a3,0.9997702
98e83e88,0.9997807
a5c9db68,0.9991904
53969358,0.99836165
d792a99f,0.99932003
5a9f9b77,0.9994615
740faacc,0.9995859
07606786,0.7601049
5a7b111e,0.9997646
9d862d58,0.9997441
93fa28ad,0.9997087
5c69a8e1,0.999783
929c2054,0.9997508
20c672ed,0.994618
b2d7e963,0.99977404
a9c8ee74,0.999368
85a40a17,0.9997454
93bd5a17,0.99977857
7245f989,0.99940515
cb77d8fe,0.99962795
6a7c813f,0.9995865
42192f55,0.9277404
9b408271,0.99932635
08c5efe8,0.99897456
638c6b56,0.99976987
e0a01a3e,0.9997726
f909acc7,0.9995054
040d1b26,0.9996799
f00d4547,0.999108
9495209c,0.9997695
60cb6d91,0.9869271
522b179e,0.99975723
62334166,0.99971694
a22b12e0,0.99978274
8529a2e3,0.99976903
cdb35334,0.9987374
4610d91f,0.9997141
b4a0e67c,0.9996693
1186995c,0.99965096
f99d3450,0.9982181
c36e6475,0.999701
67a8e207,0.9997348
c51e9ebb,0.9995121
88cc7ae5,0.9841484
4dda2dd7,0.9997272
2d0d2d48,0.9997794
e5d4cc12,0.99976605
379a2c5c,0.99977547
e7d36695,0.9995066
875a1737,0.12182205
97e25680,0.99972206
07efc7f1,0.99954045
481c5839,0.9997483
f915518d,0.999775
22922a13,0.99939036
e0426e66,0.9996437
ab0bc3c5,0.9995871
cc43d39f,0.9922462
bd9ab123,0.999762
df1063f1,0.9873319
a52b94b6,0.9993057
bd168a53,0.99953926
de371b65,0.99944025
e48e60ec,0.9993562
2210cd79,0.9997018
03751fe8,0.99977916
3788e8f4,0.9997837
49106dfa,0.999276
8a8643d1,0.99975747
08761336,0.99967825
7d191ebd,0.99968517
fd5510cd,0.98210216
695700a9,0.99976605
1e5d857c,0.9997838
f7980273,0.99973434
58d7ad28,0.9997271
b524b703,0.99972576
d1f0c398,0.9997476
8f0633a6,0.99977845
bd07e7df,0.9997795
ea4f566f,0.99958104
b278b51a,0.98884505
6ea561a3,0.99966216
eb5ce930,0.9997751
e0d835f3,0.99973947
1f3a571f,0.9997619
b7cf6bd4,0.95355356
33da54c5,0.9997832
db246826,0.99973625
610d30b8,0.9972529
9e0d7da2,0.0413213
f6ec9a95,0.99957293
4eb52038,0.99978167
fa465909,0.9997682
6471868b,0.9997081
eebe3579,0.99977523
3a69a49f,0.96771765
b0d27368,0.99974245
9f4663bc,0.9997845
36958ad7,0.9997615
4ed25497,0.99961543
1cca1572,0.9997805
10f79773,0.99977964
affc7a9a,0.9996971
b9b4dae4,0.999739
9ac28125,0.9997279
36ceb745,0.99944454
4ed56434,0.99914205
5c39d626,0.99975723
477a7c4d,0.9995901
278a974a,0.9863261
606933e2,0.9877264
85689762,0.99969506
8c11565e,0.9871313
bb12389f,0.99972945
1264578a,0.20061135
2125bcfe,0.99971896
2cdac665,0.99955815
4ecd1140,0.8750643
66174b18,0.9997832
821d25cf,0.009092342
7d0bbdc0,0.99962604
18660c0f,0.9996252
230e6b3f,0.9997799
336bcef4,0.9997626
20e3bb81,0.9997695
c3fb7233,0.99977463
5eac0f33,0.999785
9551365c,0.9996928
64497069,0.99949324
fad4b287,0.99977905
4336dfd7,0.99971694
782e1589,0.99956566
5fd2c007,0.93885696
b7eb45fb,0.9997855
e4882a91,0.99977154
15349c4c,0.99966896
3ca7da8a,0.99977845
b5da4401,0.99967563
1702a056,0.99974877
5c6fdf59,0.99971205
77b1087e,0.9997851
f54f3c13,0.99976414
931f7cc4,0.9996587
c60cf712,0.9935521
1dee72c7,0.99850345
6d28848d,0.9993401
7b2fa0da,0.9992847
f6507fc7,0.99782985
494d6bef,0.99973637
e93978c1,0.9985599
6f70b602,0.81703806
fde24b9d,0.9997799
18cc5f8e,0.99977773
f6342018,0.9992539
9ea2bb4c,0.9996804
ac228836,0.999757
2a15e756,0.99721235
9304d343,0.9997534
c30fbfad,0.9997681
35f911d0,0.38874713
23799d72,0.99977547
b690a0b9,0.92318356
1fe1042d,0.9990879
f1828edb,0.99966097
4565d271,0.9997248
4e4a6d88,0.99934417
1297b9bd,0.574101
e521df8c,0.9997516
78130cf7,0.9997695
72bf18b6,0.99974006
06f0593a,0.99969065
5d10c8c0,0.9989605
ea504653,0.9997837
d9ec8f19,0.014765693
7bd08d13,0.99977285
79fcc478,0.999647
9fe9546d,0.9995079
cd398caf,0.999783
73e708e2,0.9997416
4d0e7083,0.99975175
d81b71c9,0.999705
02b1f55e,0.9997656
28d6438e,0.99960965
c3db9be4,0.9996996
e3630508,0.9181241
1ebe3420,0.9988927
4052f6a3,0.99966013
880e23ba,0.99978393
70b201b7,0.96828216
b46dd30d,0.99933964
e770a3d5,0.99967253
37f50d33,0.9997819
a0d483ee,0.99944943
fffe22b8,0.9996784
7a4e1d2e,0.99973863
65e3621d,0.9996511
ef2feb37,0.9997485
299dc293,0.9997048
14deaf63,0.99884135
a3a0bedd,0.99970967
0fa5049d,0.9997832
ef2d8c75,0.99978
cd496348,0.99978
9e4e9183,0.99977654
93143b55,0.9996486
aeae2d47,0.999777
81fe124e,0.9997813
b8fe085f,0.99967885
07074e0f,0.9996526
24e27998,0.9996563
0b2f941b,0.9997732
72c62016,0.9997845
e75c4597,0.9995413
0eb6d703,0.82236224
2f871251,0.99976295
7f9dc151,0.99975854
4780bc72,0.99978024
f44b5da5,0.99977833
e6cadf24,0.9997775
04933bcc,0.99899346
3ed6366b,0.99973387
c8cd6da5,0.99967444
c8201a41,0.004236374
a797c609,0.99978524
5a1b3fed,0.99976295
9ed766ad,0.9993837
7472ff2a,0.98431444
9c233ca7,0.9997248
287ce1b9,0.99974793
8a70af0d,0.9996797
a17bb72a,0.99972373
96c8d154,0.99975675
f1a1a9f4,0.99978477
e80ca8a1,0.99968255
ec750a77,0.99975175
a4f800f2,0.9997619
13f0904c,0.9996655
3eddeca2,0.99975616
41f31198,0.9997638
7840eb67,0.9997551
71b0005a,0.99973565
51eb0670,0.9992362
6774709c,0.9995908
e1441efb,0.99943537
91b6ef72,0.9994356
7bc00c5a,0.9997112
c77e25d8,0.99978095
a9fddaf8,0.9687977
29aaab2b,0.99964
66488201,0.99965024
0c67f4db,0.9997445
9c86b23a,0.9996722
a4e7c678,0.9960616
332e131d,0.9997789
7a18dfbd,0.99924767
6be32f13,0.99955887
df058a61,0.99972445
b20d854f,0.99037945
153fb5ce,0.9997837
4813b8c3,0.9995259
9f3803e1,0.9996896
d59c44df,0.9997335
ee160df0,0.9997743
257a778d,0.9997687
d4586d97,0.99954575
a39b7847,0.99974316
2de060f3,0.999718
776e80fc,0.9994746
359bb964,0.99976724
1e62416d,0.9997421
cccff610,0.9997538
7330c69e,0.99967813
123cf7cc,0.9997527
7fb51bfe,0.9997756
76c058e0,0.99974626
051bfe09,0.99971575
6aba6094,0.9997689
df9dda94,0.9995459
2e413d8a,0.9997682
75c507b2,0.9997595
2b75d5d0,0.99977595
165e6d81,0.9997731
854c12a8,0.40526652
8f5d11ee,0.9994124
d7e4bd78,0.9997352
a02d4e38,0.99963105
0726a7ab,0.9993412
05cbfd5f,0.9997676
cb3ef5e4,0.9996973
b6802bdb,0.99621165
7905728e,0.9995364
4e0b4e5a,0.99181646
a3ad3e62,0.99964035
d2491585,0.34824923
afe3deaa,0.99974877
a2451f90,0.9996506
ae723ea4,0.9997763
5f801ffd,0.99978095
c6befadf,0.0030095435
7f7a80ef,0.9997222
ab681210,0.9997745
087cc4fd,0.9993048
9f283053,0.99972147
a5cc4086,0.9997788
57747016,0.9997607
1eae3f50,0.9994091
d50af0df,0.99911004
0f71a2c3,0.9992489
9a1a1b04,0.99961275
5e57e3ab,0.7010845
fb362ac4,0.99961984
01657f36,0.9997061
be1c6359,0.9983398
66d47d57,0.9928347
0062a259,0.9553886
f0bd7cc5,0.9996896
4faa1de0,0.9997687
00e23b2a,0.99976057
6227264c,0.9996302
83716fb1,0.9997061
ac925350,0.9997322
fca322fa,0.99632335
0fa52b44,0.9996593
e7fddb95,0.9997422
42451090,0.99976915
f713902f,0.9990627
a140932c,0.997821
e9d0ef5e,0.99956316
e22ab1bf,0.9951638
70f3af22,0.9997677
76b3eb22,0.99970067
5167700d,0.9997757
bc83c74e,0.9994431
56f6ade3,0.99974304
f06635e3,0.9996989
a1f7abca,0.9997602
41e347d9,0.9997751
ff1e454e,0.99603784
7afaf393,0.99976844
f17ba274,0.9832628
f3289022,0.9997758
5da109f0,0.9996408
90830bc6,0.9997503
a0078d76,0.9996842
33473fa4,0.99976724
ff9527ed,0.9994628
db91491d,0.9996464
2322537f,0.0047439793
6ee83af4,0.9996126
67f5b08c,0.9991953
5f95079a,0.9997775
2aac8bbf,0.9997335
32736553,0.999127
f9ef3797,0.99969614
56caf897,0.9997063
330275b2,0.99977416
e25502c5,0.99977463
c09d7962,0.9997602
b7721346,0.99856097
364a52da,0.99955755
8ed636eb,0.99978334
f32009e4,0.9997496
853c9ff6,0.99976903
c6411f40,0.99766636
f7da83b5,0.9997664
a95a3998,0.9994405
5c97cc3d,0.9996978
2c073c7c,0.99971277
3a150310,0.9997501
7d8da56f,0.99976534
e1c43238,0.08480825
81b035b2,0.9997528
175cd8e3,0.999569
2e54138b,0.9997836
8fc414ee,0.9997155
bf642231,0.993893
1f44d893,0.99977
90a27fed,0.99978334
86cb2a27,0.9997242
a1795835,0.9996693
7dcf00b2,0.9997671
3399dded,0.9997404
18d29f98,0.9989998
c9780867,0.9997837
731c99db,0.99942076
08f8e729,0.0071628867
8605f629,0.9995975
566c7740,0.9996462
1d9287fa,0.9997569
fc9f16d1,0.9997634
238d2ae6,0.99967754
c8fdc1d9,0.99973196
b566c62e,0.9997749
b4fbde2e,0.9992174
caed0fca,0.07788476
126de9f6,0.9996731
e76c3822,0.99970895
e85943ae,0.99929833
820da464,0.9992955
e83bc18e,0.9997626
0bbf38c0,0.8561012
fe873e42,0.9921532
a01cc1a0,0.99962056
b888c7ce,0.999696
62cf8c52,0.9997259
3dfd1fd4,0.9991875
6783e5d5,0.99974424
8d47d7b0,0.9997482
50156259,0.9997036
305350af,0.0041009514
97c9c518,0.9997807
0157e4b8,0.9997248
56b9c5fa,0.9992163
6b088f53,0.9997168
7b908e6c,0.9996997
13dbd611,0.9981817
dd310900,0.9979108
33c1e6bc,0.99976796
cc404b2d,0.9994923
1845a16a,0.9937309
17567296,0.9997516
7be6b89a,0.9997502
05659601,0.9993697
b5fc4c86,0.99959546
414f2aef,0.9997813
d58bc67f,0.9996526
9263e9a5,0.99968565
79c7fbb4,0.99977845
88bd527c,0.99964917
101741d4,0.99968624
2409b085,0.71061754
5ca47d60,0.99974746
2ffcff01,0.0020336863
be61f6a8,0.90647787
18522356,0.9997086
6f8c1c02,0.9994111
1bf705e1,0.9997801
fa42def0,0.9997335
4b14fa6e,0.9995577
ee4a708e,0.99977213
f4bed7ef,0.999742
efc72026,0.9992481
df0daa43,0.9997553
86334232,0.9997801
cf78a456,0.9997075
82a1159f,0.9997484
28b3aefd,0.9996892
20c8a7c5,0.9997769
16182391,0.9997483
2ec9e4b6,0.99950075
add37ebe,0.9997223
780f8028,0.9996834
513c3a87,0.9976566
e8f50dd3,0.9997576
6d0a2a8a,0.99964714
a289ff9a,0.9993068
7316e7f7,0.9997049
6d0def2a,0.99831057
cfe9274c,0.9997372
56a0e400,0.99951434
5f0174ea,0.99978346
d8f1dc16,0.9997718
2d500e19,0.9976597
5bdc40f2,0.99969244
8f3fcb2e,0.99958724
5dcb51d4,0.99967706
d8c54c8f,0.98561305
0e243a89,0.999686
ffa5addf,0.9996489
eb450fdd,0.9992349
42d7a633,0.99977845
fe917637,0.99633116
9af5d822,0.9994765
1a1d3ce4,0.9995635
bd1048c3,0.99495786
05694ac0,0.9717308
3cccd884,0.9997521
c0e2f11f,0.9997427
114b42df,0.99968123
831b10c5,0.99974376
6d8130d1,0.99977213
8dec6386,0.99945265
a61f85da,0.9997241
a041fcae,0.9997775
3a82eb2c,0.9995524
34a4ca72,0.9997718
175ef51a,0.99973613
178f052f,0.9997038
2f6a5d22,0.9997125
6dc08f78,0.9997236
b4430654,0.9997061
ded96e1a,0.99971586
bba4ad4a,0.99971336
624af961,0.9997675
d1d4a22b,0.9997403
f88fed10,0.9997485
201c0abb,0.9997396
50c588e6,0.99951196
c86e44fb,0.9997632
baa51ec6,0.9996958
d2b23313,0.999587
748c7ede,0.9997454
e7542e00,0.99945825
0bf425da,0.99972874
911e1108,0.9996823
62956786,0.99955624
68363108,0.9996049
8bad6266,0.9997515
e0561d8b,0.99976903
8cfa4e2f,0.99969244
21573595,0.99969923
dbfc2a24,0.99977034
c55f4b1a,0.99970716
71708387,0.9997253
0d1d5ba9,0.9997354
62dcdee4,0.99974126
000dd6a7,0.99974304
8d22298e,0.9997311
8aeb2261,0.9997397
897b7ba1,0.9997434
56f78751,0.999728
9ee41c43,0.99975175
e6b0f5b9,0.9997454
dbcfc7f3,0.9997545
2e9fe904,0.9995628
6783ae54,0.9994537
7c530a9a,0.9997272
af68c3e0,0.9997726
2276ab7f,0.9997484
4b49cb4c,0.99977547
cfe39976,0.9994311
b89f9afe,0.9997799
dc29ab6c,0.9996263
4dec0f83,0.99974626
a0faec53,0.99955434
906cd623,0.9997234
4e7adee2,0.99955124
d00048d0,0.99969757
7c3e74d7,0.999683
af106ed2,0.9964624
78f2f545,0.99964416
79f1918d,0.9997476
a6fa0996,0.9997253
ffbf3d79,0.99976903
62dcab86,0.9997782
93cc159b,0.99975044
0f46b1ff,0.99974006
898ab307,0.99967146
5139bfcc,0.99967253
7a0aa75e,0.9997435
aa2c9879,0.9994955
f9544ee3,0.9997063
420752c1,0.99970716
b85860ab,0.9997658
b5777bde,0.99974626
634b3b9d,0.9997476
c5b283b1,0.999754
c7a20dab,0.9991472
405148c7,0.99974996
98c3a9bf,0.9995369
e52562b9,0.99974996
285a9f81,0.9997439
be4054cc,0.999673
406ec7ac,0.9997446
30424b28,0.9996468
81234b2a,0.999749
e5e8c943,0.9996568
61772173,0.99972194
bb26b41a,0.9996506
36619aac,0.9996879
80a91705,0.9996878
f7b6b60f,0.9994634
78ccb7e6,0.9993481
d84c6367,0.9997557
4191d209,0.99962306
07db50e7,0.99960035
7a46b945,0.9988288
0326ad07,0.9949451
b10f35b2,0.99977034
418713f8,0.99941075
d823835c,0.99976903
f50d1de2,0.9997727
257bf9b1,0.9996593
fb66e5a0,0.9992316
ee80eda5,0.9997148
39085134,0.99970406
568b9284,0.9996555
92f82b94,0.9995678
5c8602cf,0.99964285
5548c83c,0.99950254
e9db58f2,0.9996762
610888bc,0.95844567
ef42cf57,0.9997584
bcbfe4fe,0.99974686
b17291f5,0.999708
c26be943,0.99937147
d402e6e0,0.99975556
b79f0569,0.9995059
164ab7d7,0.9993149
c448e0e6,0.99929166
fd4f4c59,0.999739
1e2703b6,0.99972945
4111b16e,0.9997155
bf9e083c,0.99972266
a859b258,0.99790895
91028d86,0.9964688
6925ab71,0.9997465
8a0e669f,0.9995491
9064ceb0,0.999726
8c22db65,0.7143394
41650efe,0.9996723
3983ebff,0.9996203
fc97609f,0.99976486
37e332a8,0.9997751
b055e22b,0.999741
78298188,0.9991611
0bb164d0,0.99973613
4cae9777,0.99976784
3b0e0236,0.97277755
81559264,0.99915814
9b8b11f3,0.99936587
e140e155,0.9996854
bd7a90dc,0.9996444
a3d16768,0.9989286
c97d5a74,0.9995969
ef3a6a8a,0.99975246
38a0b432,0.99975246
bcecfecd,0.99963534
d68590d3,0.9997819
c99be03d,0.99971217
eb817e40,0.9970393
68d22551,0.9997496
fd4663aa,0.99970067
3a0e89d3,0.9994382
d34c89e7,0.99974865
e6368e52,0.9994199
a6284787,0.9996706
e23ce4e2,0.99971646
2560c8e5,0.9997478
c0d8f55a,0.0556469
7f1063a2,0.99958783
3a7d8f4d,0.9993832
9da8dc18,0.99937075
ef74ee67,0.99968493
19e3d3a6,0.99974793
da904b14,0.99972004
415d029e,0.99970907
2a9ebdec,0.9933264
934ef000,0.9995437
01f4fb13,0.9997608
04a319b8,0.9996131
370c98c1,0.99969697
334ccea3,0.9996798
5c6826c5,0.9997279
9ee45111,0.9994842
5cee3b15,0.99958974
dd000986,0.9988174
e91d3f82,0.9994672
4bc51c64,0.9968272
3ecfe9fb,0.99975437
5f649db3,0.9997646
6f46b549,0.9996841
14e8ddf5,0.9997484
8414ca1e,0.9986939
587dace8,0.9992937
ba5de6f2,0.9997478
34917982,0.99954385
b7e5fce5,0.9990971
225b4ebf,0.99972993
9297aff4,0.99920875
56f60020,0.9997503
c200afa0,0.9990784
dc1e208e,0.99945253
0a953c7f,0.99934775
c4ab2314,0.9996444
5ecff537,0.99975437
ec7701eb,0.99977905
5a892abd,0.9997627
102feafd,0.99974114
96559d53,0.99965286
5822a002,0.9983962
895c7e3f,0.9997471
51c60665,0.9997625
df7248af,0.99972683
c816c359,0.9996891
0d2508aa,0.99977666
c1fdbfa3,0.99976104
9d2fcb46,0.9993855
10369e7e,0.99921656
22c1ffeb,0.9997613
8b020506,0.99945873
dd672f8f,0.99977666
e76690d2,0.9997087
a32e11dd,0.99974877
7701985f,0.99973017
1f53e167,0.9995726
816049f9,0.99974984
a5eda47d,0.99970657
113baa54,0.9997738
1ebb6848,0.99971956
af0f78ad,0.99977976
90d8c53c,0.9995877
fcbca70d,0.99972075
1a3429b7,0.9996675
e085310f,0.99971575
71739eda,0.99977845
d30b8ea2,0.9997794
037253b1,0.9997739
ca578e68,0.9997398
d658adc9,0.99952304
ce6bf266,0.9997707
31855bdf,0.99966455
aa51b55c,0.99977106
96af9a4f,0.9997249
9f0adfad,0.9997259
1021fa82,0.99976844
5b0c3a1a,0.9997347
8f088758,0.99835074
df91a83e,0.99977237
ca385180,0.99977094
7c575476,0.99976724
41c7f2ec,0.9996922
df699ffe,0.99978
aaf2ed16,0.99977094
20dc9f89,0.9997167
13d592a7,0.99976367
adbfccf9,0.99973804
94cb1e7b,0.99958235
de16512c,0.999708
a9921173,0.99977106
96552761,0.9996922
0a13f967,0.99847
d599fcca,0.99964106
67302c70,0.99965274
bba43d08,0.9997482
064c04f3,0.9997694
c8540856,0.99977535
17983c0d,0.9997013
d9558cd4,0.8132993
ac7fc954,0.99976295
6b76bc35,0.99942905
9a49c8ab,0.9997768
4b30ab4b,0.99976975
a32ff525,0.9997737
db73c9da,0.9997619
59e977b8,0.9997758
79d41500,0.9997482
1e46ffb8,0.99977547
560b95cc,0.5168542
a203122a,0.998814
89057b78,0.9996737
22758a75,0.99977356
925ba14d,0.9997558
0ab4ab11,0.9997545
8138c9b7,0.9996088
cd82a814,0.9997696
2299c906,0.9997582
f842d13b,0.9997794
d9a05ad7,0.99977654
92d26b0d,0.99977
844fc2bf,0.99977773
fde26b5a,0.9996712
a758f757,0.99951684
37a1a56a,0.9997799
6b1f34ca,0.99976164
60f748a2,0.99977547
4ccdb8dc,0.9997738
130c1249,0.99970657
c30059ab,0.99973613
b29354bd,0.9997805
a32d23ca,0.9997731
c5ef57b5,0.99975914
d3407b63,0.99975735
a72a817b,0.9996449
5dd1ab0c,0.9997527
8cdfe40c,0.9997131
2c3015db,0.99977094
e717f165,0.99974257
32cbec12,0.9994831
2033c591,0.9997688
2b519803,0.9997634
2a77f458,0.999772
dcd487a0,0.9997389
77a305a6,0.9997751
a7e15739,0.9997416
6d835011,0.9997788
fd5d47d0,0.9997801
de110970,0.9997762
cdd04cdd,0.9997081
6e438179,0.7751353
49e5a447,0.99976534
a131fd81,0.9978009
496fe313,0.9993759
b34c2ec7,0.9997161
68a50afc,0.99976605
793df965,0.99966824
6a03ba8d,0.99841845
8068f921,0.0030210859
d9bf04af,0.99975973
0bbd016f,0.999759
d8534478,0.9997267
0e899bbe,0.9997757
861ab529,0.99977356
3d7c4448,0.9997497
e149acc9,0.99965274
840bdf36,0.99969614
ff2f5ae1,0.9995763
c542bb98,0.9997832
4b8e2bca,0.9996437
f363ec0f,0.9995846
4bbcb618,0.9997149
60793d99,0.99976236
f4bcf2db,0.99922574
a437540c,0.9997764
211452b5,0.999752
a39a93ae,0.9997781
8db5160d,0.9997038
e08fe943,0.9997744
16970141,0.9997626
a7e2a16e,0.9997764
1b34ff81,0.99976104
d3561565,0.99970645
ced9cdda,0.9997764
fd2be1c9,0.99975353
7b41b7ae,0.9997515
77245590,0.9997737
b36507d5,0.9997695
1b2b57b7,0.9997739
971062d0,0.99942243
7261f85a,0.99977094
0d416794,0.999713
ba537052,0.99978334
4577524d,0.99973255
d3faaad4,0.99974996
bdcce458,0.99975497
d2026460,0.99972016
98c829cb,0.9996673
208ee983,0.9997769
8e5e1354,0.99902034
969a51fb,0.99971217
4ec0d990,0.99970907
e4d449ad,0.9997613
05c31fdf,0.9997725
0fa00221,0.99977595
23113184,0.9996935
50eb9029,0.99975175
077be086,0.99975437
daa42277,0.99962413
fd9577cc,0.9997075
1fb7ca4a,0.9997708
3fd9b5f3,0.9997712
fff221e8,0.9996332
9b2b16ed,0.9997483
2b5c6751,0.9993469
fdf441c1,0.9994172
bc283726,0.9997631
a6ebeb37,0.9995415
f29c8f39,0.99966776
bf403e6a,0.9996742
5eba448d,0.9997279
ee8e05d3,0.9994118
addd9209,0.9997446
d688f5b2,0.99824417
8c0ea40d,0.99718565
ff083e84,0.99970263
f1e92033,0.9996878
fcd16d3b,0.99977666
917d002f,0.99977165
b76adab9,0.99973136
21838346,0.99972457
794230ab,0.99969614
b07194b4,0.99977046
433ce8b4,0.9995121
083aef7d,0.9996978
bea56ab5,0.99968576
6edc37a6,0.9997708
51f0641f,0.99977165
470fa381,0.9996382
430c7424,0.99976
eec7bcc7,0.9997526
3fd6c853,0.9995865
d2da02ee,0.92415106
6914d5b5,0.9997352
e2a29b59,0.999765
6602af28,0.99968374
edc0ec52,0.9996093
4c37a400,0.9997414
7d5aca7c,0.9997688
72248875,0.9997485
185955c9,0.99975175
2130554b,0.9997626
18325eed,0.99963236
4cf00487,0.99962807
2732eceb,0.9997304
eacdddf8,0.99966
4a6a33c3,0.99923265
f61156ca,0.9995864
b24732a4,0.9997533
bb0f826b,0.99976355
274bc4e7,0.9997732
9ea6d735,0.99969554
5f36947e,0.9997733
5900dcb2,0.99973017
1540d41d,0.9997398
8d80d722,0.0613375
f84b386e,0.9436463
d90d65e4,0.9969886
396d583f,0.6634495
f03b0439,0.06461604
97bcac38,0.99961215
43820845,0.9994512
d350f3f2,0.99972755
1adc8549,0.9963606
6bd8b014,0.9995621
37f96880,0.99686664
0c7bfc43,0.9978642
0648fc47,0.9993411
93b448ea,0.9997068
3c95c5d7,0.9997285
fd8fc472,0.99969625
a37c0b22,0.99971265
23ecfa2c,0.9997236
8762864f,0.99906296
113c1aa6,0.9997427
6d32e667,0.9995983
052cf421,0.9806089
2d7599ba,0.9995633
c4acce39,0.9997608
db061c90,0.9997296
c050fd5e,0.988123
bb774fdb,0.9932674
d9f5fe48,0.99964845
baddf7d5,0.99968326
b75123c7,0.9997497
336cbc01,0.9995964
696b79e0,0.99970394
a9452dbf,0.99971586
81428ca5,0.9995716
5a44a251,0.999775
d2774101,0.9997372
8dcbb042,0.99975234
a4662b0d,0.999765
a580b27e,0.99964726
4f3f5111,0.99974364
6a6cf0a2,0.9990146
b44fc45c,0.9997789
2384c24e,0.99971205
93cdcd3c,0.99965465
281ed97c,0.9994746
f9983145,0.9990227
dcc8e2a3,0.99904674
0c04a317,0.99935406
8709ad67,0.99961275
b85dfbee,0.99940753
2e2535c4,0.9997814
138b9289,0.99972373
22f61163,0.9997032
94e6e255,0.99883014
1af003e6,0.99947137
326700fe,0.99963784
e8189b85,0.9996631
6649c543,0.9619435
95f0b0af,0.9996618
f3a5440f,0.9995608
6b34a071,0.9988642
9a1ce844,0.99974626
9b2d19f8,0.9996617
c0b05df7,0.99968207
d3a8c843,0.9996623
670e6438,0.9996989
398846a8,0.9997665
831272ec,0.9997162
72703c17,0.98182654
8b399db3,0.9997003
f42b27ff,0.99971825
a3e936a4,0.9996153
afde8e06,0.9995449
f4fabbcb,0.99915767
11095cc7,0.9996877
41e2f869,0.9994704
6a572a4d,0.9989355
32550abb,0.9996767
97be9b2a,0.99973446
8a6fbd24,0.9992787
77b93b61,0.9995976
958f10cf,0.99977285
c20db3dd,0.99963117
90ec95a8,0.9959941
1f1f00cd,0.97847635
ef178394,0.98186696
efe15664,0.99965024
26304f81,0.9996635
3c715d10,0.9996835
636de77d,0.99972874
42895ed0,0.99968064
1d53662e,0.9997658
9add56e1,0.9997589
f54aead3,0.99977225
4b38741c,0.99976104
68092fb6,0.9997725
b2dee5cd,0.9997621
7a1082a2,0.9997576
9905615f,0.99922705
43f836b5,0.9997043
46c37926,0.99977416
de3d7bfd,0.99853516
acc36f11,0.9996859
a8d3edc9,0.9997167
c5a67dea,0.9994235
cd52d119,0.9997502
2f724a6b,0.9997203
a88b8b94,0.99974674
e92b0e33,0.99977225
6a204d1a,0.99975425
dedaa47f,0.9997614
c016e26d,0.99975437
d1fb111b,0.99977034
48f9d27e,0.99973553
8d36723a,0.9997646
dd207853,0.99975175
0ce787fc,0.9997675
e78f1776,0.9996959
4adbffa5,0.999778
48cbc124,0.9997228
ba6674b1,0.9997348
5846c70f,0.9997521
c22b6301,0.9997178
89b68e3f,0.9996741
9bdab5da,0.9997346
e9e74ad9,0.99956614
ac0092a0,0.99977964
a27d6108,0.99976844
82f9b0bf,0.99975485
0177da7f,0.9997031
76a817e8,0.99972147
df6aa282,0.99977404
d8aa7012,0.99977845
f298df75,0.99977726
832540bf,0.9997583
f90580a5,0.99973303
2a2d5c9c,0.9997712
f56ce611,0.99973625
977db682,0.9997602
e31c3047,0.9996656
1d18b2d8,0.8732239
bd4b7cc8,0.999582
2ab40995,0.99961865
6e88beef,0.9995881
1560f876,0.99947506
e7393baf,0.99897987
32a60e1a,0.99906236
a14b2e21,0.9973502
e4b9c3fd,0.9973246
9714406d,0.9997191
7c0bea52,0.9995234
2957d3f2,0.9993654
ea65458d,0.9996743
4c3d65a0,0.99780065
efc76189,0.9933436
64bcdd8e,0.9989557
bb7c1cca,0.9979893
ea3fa434,0.9952683
8851cedf,0.9990783
bd2fabf9,0.9991642
85681d71,0.9987803
4b73e9d7,0.99973303
8250ca60,0.98258555
6f1d7a0e,0.01854599
bcb9aafe,0.040109906
c5713c4c,0.9918807
155241f1,0.9988896
f1c24a80,0.99951816
2947e0fb,0.99925226
edb8df4e,0.9996704
25904809,0.9997087
ceb40c25,0.99307513
982c802c,0.99962234
04da589f,0.99783045
4265c100,0.999782
606af87e,0.9946144
847358ce,0.9988331
cef81e92,0.9997061
796841ec,0.9997799
8de0614d,0.9997825
16134bbf,0.99978215
5d2bbc18,0.9997583
39dc4899,0.9996884
d50581c6,0.9993143
e0c4abf1,0.9995278
909df0cb,0.99885476
1d3ecd7d,0.9952779
6446beb5,0.99918884
dddb1986,0.005287776
f6f3a43a,0.99934965
db53c22b,0.6961068
27bef0e4,0.99973553
b7dc9144,0.05201533
0cfa5811,0.8659125
8e15a302,0.51718885
280589b2,0.9983209
7b45eea0,0.8627313
ecbed048,0.9495218
92c01446,0.9834849
fb988b64,0.8533111
2d78a612,0.5193424
bc03ff04,0.9946131
e39850a3,0.9856668
2b082907,0.936974
3ade938f,0.9390703
b8aa5924,0.97837913
f682aa47,0.9674559
91af4871,0.7792364
5ea0b4fa,0.26294565
9fff0acb,0.8072231
b4499e04,0.99516666
b4d6a0c7,0.37133774
a3b8c031,0.9798364
bdc806c6,0.98446953
0a747a34,0.92560947
5e06c02a,0.005177922
5ef2e362,0.8013094
189821e0,0.9746943
51daab68,0.99973077
5a053dc2,0.999729
d14bf150,0.99973935
434b4bac,0.9996203
71f7a616,0.99590695
39101112,0.98463535
8b98e062,0.9997385
a813c135,0.99967873
1c4e60d3,0.999613
2e2e8984,0.99908805
ecd3a462,0.99945384
d5277d03,0.9991479
7d54a45f,0.9996357
710924c8,0.22584727
81cff0c4,0.9992411
feea7465,0.999546
bbae9876,0.6475053
d2fdd2cf,0.88230544
fb780c64,0.9688296
712597f5,0.99909747
9642af4b,0.9997392
d0022957,0.9969597
a1f92edb,0.99800724
1c21ed53,0.9147433
a0efe47a,0.99921834
7fe35128,0.97185105
585689c7,0.99931633
0f2099d2,0.9996275
a0f4bd60,0.9997389
1e379b3b,0.6735979
ec8a8142,0.950324
cb47ca3a,0.9716542
b31e351e,0.9996693
11c4ac73,0.9997466
b987555b,0.99960333
e75b59f2,0.9990464
f2742f14,0.9915696
641ccc0e,0.96092474
3d472531,0.9993537
014ebc3c,0.9992539
289f6f17,0.9932248
32e3d2d6,0.9996464
610e4404,0.99870455
e543d97f,0.9995902
bcf47283,0.99970275
199e7fba,0.9996362
6a342737,0.9994808
a0cfbebb,0.9989686
e8069171,0.99976784
b1aabe1e,0.9997043
094e4dc6,0.98847556
36c1efe8,0.9983607
348a6044,0.99536103
5e5b6dff,0.9997503
d3562536,0.9986889
a45abd26,0.99973875
6654d81e,0.99922943
de3a255f,0.77381045
31236cf0,0.9974408
01c431c4,0.2139666
d0832bb8,0.9995956
d790d659,0.9997441
9867bb4b,0.9992329
cae6121f,0.9996375
a786059d,0.99974793
a58489a4,0.9997502
83ebe289,0.99946326
66d8ba37,0.9994567
379d9074,0.9996904
4cba52ff,0.9997758
4f6eb4bb,0.99960047
e3715c42,0.99970466
b81cf12a,0.9991486
9fb0887f,0.9996934
b9ef8a22,0.99960035
f7fb6216,0.9997732
7c5e4eae,0.9997774
3fb2cf96,0.37345502
140fc3e2,0.99586403
a5527f63,0.62169564
26490efa,0.975933
7c6d5b01,0.9996152
09340da6,0.9995004
a5c179c2,0.9647415
f6fba5d3,0.99883765
01f80424,0.99966717
04c1cd50,0.9996598
c47f69d3,0.99966013
fe936b46,0.99928325
f97f213d,0.8453515
afea5436,0.999273
4a46f884,0.99744034
0fd3033f,0.011772039
ce3364c8,0.88920504
73831cb1,0.9996369
137cc781,0.99917644
8741a82e,0.9990853
33dde784,0.5675398
d57b5862,0.48425052
513cf4c2,0.9991221
18e18a4c,0.9996313
c012d4a3,0.99868935
24015caf,0.999706
1b70651c,0.047817156
6df30fbb,0.10600426
ffbdf0b2,0.9815104
ab480ba4,0.99915373
bb24dd0b,0.11503767
a48fba78,0.97376686
82d0388a,0.9831346
8d35ea65,0.99976355
5c70ad59,0.9944813
9eafacc0,0.9996604
0ba27e6e,0.99955565
2a77fc68,0.99971336
ac2f03d7,0.9884651
173214e2,0.99968004
193548b9,0.99812967
b5b7b47b,0.9996946
486271d1,0.99962795
b06daa78,0.99970216
a66b16dd,0.9975561
ae7083d5,0.9973181
917667c4,0.99953425
972599c7,0.9973054
1883492b,0.999764
04aa0bc2,0.9981542
d506d551,0.9994779
1a31d0d1,0.9995419
dac52fec,0.99939966
da811a90,0.9996953
32b13551,0.99974865
842ccd4e,0.9995926
bcee1d5d,0.99802184
27d6e266,0.99207014
762ff435,0.9996878
93a96f64,0.9997254
a3be8265,0.9996389
718715c6,0.99914205
7db8e423,0.9997404
3804c58c,0.99968636
44e5bc01,0.9997316
e031619f,0.999708
b56e3334,0.9962224
afc07a72,0.9611757
72acc196,0.9995215
898b139b,0.999337
bf2f4566,0.99969816
803a1b71,0.99971026
1fd94164,0.9995499
3d404d9f,0.99707735
26fb2d45,0.9996859
5e13ec6e,0.9978928
ac39f092,0.99962306
d8c421f7,0.99781954
c4212d4a,0.99972457
16e1534a,0.99965656
f1b62fdb,0.99950695
44a7f08b,0.99942136
85d44bf5,0.9995938
be0ba617,0.9997008
259f2a20,0.99769515
cd9e53bc,0.64737785
c214e213,0.9981828
94d0be18,0.9023855
1c306fce,0.9525378
49c78bda,0.9996991
cfbe2a1f,0.9979831
a26b21ea,0.994191
fac5db71,0.99967086
84786ecb,0.9995208
afde09ae,0.9993044
63e9b6fd,0.99585176
b51b0ad4,0.9997745
979302ee,0.9995852
c0b3b86f,0.9997725
9e3dbd47,0.99972254
2fcec661,0.9993042
4fb59ab4,0.999212
d5c833c7,0.99260384
005b90a0,0.999183
8ffd5e67,0.9993259
0dce26fb,0.99962616
d37f4707,0.99510217
0e937af6,0.99664825
8dd715f4,0.9995198
845a8221,0.9995396
b4ffd1dd,0.99962854
d79cf672,0.9995561
e9186eac,0.9987581
b326c951,0.9994098
0a967618,0.98776025
49ac4400,0.75315565
28cde075,0.96767217
2b78a4ef,0.99967694
2a06dae2,0.9997044
3dc7e8e3,0.9997024
110875dc,0.9996815
03c75d3d,0.99619126
75aad6c1,0.9992459
bf6218db,0.99617344
8f2b146a,0.3106695
50413e08,0.9975758
cae669ab,0.9992311
6685cb2d,0.9835451
e8253838,0.0007916292
ba8cc2f8,0.0070596323
2c59abfb,0.00057715335
2c9e3f33,0.0008148312
99ddcb19,0.0022075002
3c52483f,0.00091553526
c871daae,0.0007969224
08e1423c,0.0012056637
1bdf0437,0.0009701992
11cbe903,0.0013974281
e88247c1,0.0008737972
068187b9,0.00087288226
23cdc73c,0.015784746
cdc1a31b,0.0015648521
d072d49e,0.0044224556
ff1e97d8,0.0015340872
066e1987,0.020145357
72a8f44a,0.00096591463
421384b2,0.0006183526
c55e0464,0.00068030565
a9741607,0.036736127
a577aec8,0.0028980565
4e47e696,0.00088314386
9b337e2d,0.00074788823
72e5e387,0.0008279265
2c2e300e,0.0011547975
44414c69,0.0010653107
ad0eed56,0.00062799855
b6e66c39,0.00088451116
7b1cb8f1,0.0015037068
589abe06,0.00086898817
b3961564,0.0040071975
08d4e788,0.004042368
27afbca1,0.0021733628
42ff7ae0,0.00083816354
d2351668,0.002016576
d9adc271,0.0013273503
4934c0fa,0.0019653179
d991db1f,0.05550578
ef9ad7cb,0.0008410933
59748a92,0.0011064078
3b64078a,0.0018664888
38588a27,0.0009545325
99e4e59d,0.0015115717
12abdf4f,0.001290986
6d5d8b57,0.00089620723
b95dde19,0.00094271346
31b87322,0.0012852858
309dfa69,0.0013822707
0d0af8c7,0.0026580112
75c3ddb3,0.0013456618
a4153a62,0.00078090123
e9880db8,0.0008483317
179fe803,0.00083889696
8e770dae,0.0010551336
2fb81a52,0.0007146826
e485e936,0.001145969
b3b3c8e4,0.0012919528
d27ffac3,0.00081286294
ca64e61f,0.001375238
520f6c2d,0.0006706029
ae53855b,0.0020054777
c8d1056d,0.0012270695
62f5dbe3,0.0021567077
3c2d0724,0.0018814604
0e0fe3cf,0.00095856894
01041643,0.0014903545
5ee941ec,0.0006841293
e7b404d2,0.0007797345
71b9d765,0.0141830295
87d629a5,0.00095366663
3829194c,0.00082796946
750fa7a8,0.00085830095
dad1734e,0.00084957626
a50420b5,0.0007304954
04c3c755,0.0008087264
e2237299,0.00073276303
e8205e98,0.0018905553
f7f9a958,0.00055716804
975b482c,0.0019387142
15b724ba,0.013809514
33fdfc57,0.00085663336
621c3c6a,0.0026673423
67f9b921,0.000572285
824b3526,0.0009935682
ca180c38,0.002978579
87a20abd,0.00075946
4f2c7424,0.0020204468
baa73afc,0.0015697732
7cd541f7,0.0015735668
b4f0d940,0.0010624379
4653db28,0.0006125762
854960b1,0.0040073995
e566e15b,0.0018640618
4472429e,0.0068273037
d067a6a7,0.0013289757
84a799da,0.00085673045
e31ed05a,0.0006735666
c958fc94,0.0010779394
6fd15836,0.0010235636
f9562a60,0.0008251667
62427ac3,0.0008387356
868af2a9,0.0012034527
a466cdbd,0.45645562
61cd6eab,0.0006771268
8ee76efb,0.0007954206
8be9e4f8,0.0015058052
f6adb01f,0.00072524307
08959876,0.0019474057
cf3b0815,0.0007446262
d8cd96a2,0.0006889304
d7c1207f,0.0015409808
160a7345,0.0008565533
479a7b73,0.0010609587
e0ce77d4,0.0008520855
134bf0a8,0.0020178037
36736d77,0.0014593273
94e7e561,0.00087783876
b8254156,0.0013055234
b0d7030c,0.00074295595
a09362f2,0.0017115183
bf9402a5,0.0010756518
49b95659,0.0009921285
c4058ed5,0.0007258139
47fb8064,0.0018448681
8212ec6d,0.00132555
2af7a884,0.001680209
f41292f0,0.0011340788
cab1be56,0.0008197086
193980e5,0.0016001916
5b1d0f11,0.00066147454
c34f0897,0.001676177
3689d28b,0.0008811745
a5aeb40b,0.0009167726
3ef0eed0,0.0016603818
a8103765,0.00059627026
16ed71e4,0.0014406301
6d3a64a0,0.00144138
13b0a218,0.0023948494
6f95592a,0.0036606446
bb97b348,0.00051300455
83048335,0.008249659
32a82e9a,0.002229062
a7c375cd,0.0028285056
d0dde8d9,0.0008980279
d0613779,0.00069584657
6ce327cb,0.0009364376
a09eee82,0.0010472434
2c31f069,0.0006169948
d8bc787b,0.002200514
4bbbedee,0.0033559182
92b04c25,0.00084434025
27603104,0.0009024789
038c5dae,0.000651002
dd1eb822,0.00089340564
63b65a9b,0.022715053
66123363,0.0010133156
56b376de,0.0016058956
5b03c963,0.0011089636
6d79a3f1,0.0022445568
3a5c26e4,0.00133297
466119ac,0.00064956944
9e3642ff,0.0019615951
5b949509,0.0007805861
7450470c,0.00055288663
2a46fcbd,0.0007991197
e60ec6eb,0.00069864874
95eba3a8,0.0009293641
325ae07e,0.00091429043
bf64d92b,0.0014192254
bc56183b,0.0008030625
f2b8f015,0.0008079862
ac6cbb32,0.00085797015
80dd2c65,0.00074587757
f91a04d3,0.0010913258
024b4451,0.0010925105
42e8a1ed,0.0014215601
930b072d,0.0010690561
4b41ed63,0.001845432
78829b70,0.00075837295
5cc03a04,0.0012033152
194eb99c,0.000991811
0027b0a2,0.0016947776
6221e52d,0.0010586567
63a0edd5,0.00090787315
46f531f4,0.003368416
092e4287,0.0011369431
21959a01,0.0011442585
cd6b5bc9,0.0010014094
d589d88f,0.0009023237
01bda99d,0.0014557545
7a98a5f3,0.0010355435
1bb8fc79,0.0007338074
c9bac75a,0.0012906719
cc760e52,0.0008108021
f6899472,0.00066620973
8a90d0df,0.0009870393
bb9111b0,0.0012354414
accd5d19,0.0008212285
650540bf,0.0036537608
d4d1afec,0.000835134
71511c72,0.0012320669
caf9bdf6,0.0010693383
333cf656,0.0007112646
d72c5b2d,0.039774813
d5b5d097,0.0017927035
f9d72f2e,0.001392642
2d344d21,0.00087168574
9da398ec,0.0006470531
7953785f,0.0009907967
d26780e6,0.0007007796
d23f1cce,0.0007805478
5f8cabe5,0.0007468307
0bd47d85,0.008259985
6e57a95d,0.0008339909
675100a5,0.0008428106
abde3c74,0.00076289667
76a38f5c,0.00063808577
eaa2390a,0.00074183743
134424b2,0.00070919446
b07c2ec4,0.001486822
569d0001,0.0012451373
63c31949,0.0060175406
fbf7dac5,0.0006231085
36d2f153,0.0011358248
e127ccde,0.0013642464
69e3a605,0.0012529548
7f1011e0,0.00072261185
4fc84ad7,0.0013683985
fdfb4e0d,0.0006552525
5844962c,0.0026139726
c70eb27c,0.0019227547
bc2b4d86,0.0007881363
4b3c482c,0.0009899706
800c8017,0.0010463025
27cbee76,0.0008824432
95cb06a9,0.0008915272
967d8d3e,0.0007526962
6de49b4e,0.00078423537
4221236d,0.0009842099
fd3d41cd,0.00067266077
f29b1054,0.004054565
fff4b108,0.0010772393
28d261d1,0.0016967828
9f36fc26,0.0020484398
680383ce,0.0022206805
db0249d5,0.00057930767
8edcf1fa,0.002523405
90bdddff,0.0007800965
2003a51c,0.0009422446
56a3babb,0.0015679304
30b5ea9d,0.00077645277
df514227,0.0007783901
99dc850d,0.0014058213
2a4e780b,0.0024498482
49533815,0.0010078115
e469973d,0.0007602239
5f8920bd,0.00067149126
d6c03410,0.00069742405
3cb0a831,0.003545528
70be0608,0.0006066522
b3e41d34,0.0007919269
6426308c,0.0007737752
3414b6f8,0.0007952402
8eb20722,0.0025368987
bd04ed8c,0.0015058216
f367280b,0.0016555042
4ddc344f,0.0018009705
4a70c82d,0.0009308472
7cc5b210,0.00080475124
17aabac4,0.00061274145
7ac5e81e,0.00064117525
9b722e50,0.0008924638
47c764a5,0.0006501581
2fdd3038,0.0008387288
5a4a303a,0.00076317304
762190aa,0.0008118976
af0dc65b,0.001630534
44644dab,0.0008279229
785099e7,0.0013751894
2f37bb79,0.0010865161
e1f288e0,0.0039863023
86ce4e70,0.00062099734
d033aec1,0.00064767076
9aef27e6,0.00071854587
1809ce1b,0.0011481871
4666c446,0.0009612898
564ae339,0.0040696603
ff636568,0.0009798678
c205ac13,0.0014435002
85ab3b6a,0.0010137917
1832cb5e,0.0052044927
58bb3990,0.001252183
f59d9a99,0.0007739821
fd6d70b1,0.0010153479
e32528ac,0.0014725233
a4b73d1b,0.0006514172
27ad71e0,0.012967085
4d4b6a88,0.0010500612
ce87762d,0.0029315618
dda72cb4,0.00087078766
981e962e,0.00075755967
a3c29791,0.0011632484
842fb072,0.0015826727
a977ce9f,0.0007626572
73fd3217,0.0021170005
9c4ac477,0.0028522103
8ec2b486,0.001756453
534b567c,0.0023698662
13c5587b,0.0010735865
4b9e401d,0.00055694924
77b18275,0.0012943101
3a976c65,0.0010059682
6eef0504,0.0011966377
d377fedb,0.00062861625
b76dabfe,0.0011686272
2ef2fdf5,0.0008105171
36dda177,0.0018654312
10a6d770,0.0008293458
da208254,0.00095245714
b29eaef7,0.0010628757
a437cc0d,0.00076432654
85dac451,0.0052845217
465aa955,0.0009734111
e5b105e0,0.0006729208
c961fd46,0.0008825126
070e5d3a,0.0013118577
7d1334ec,0.0008904473
1c965f83,0.0046406784
1e85d735,0.0011767879
31a0340c,0.0010631958
30920e32,0.00095989596
c18c8a07,0.0014576024
bef081fa,0.0009299009
33f412ee,0.0009727454
3c84ab28,0.0008493145
9f914d60,0.00061408966
f57400be,0.0010145265
d2e9206b,0.001844022
ea7aa828,0.0006675686
c3ad16b8,0.000915828
dc557a9e,0.0020040027
ce2a9db8,0.0008831199
6d143b06,0.0010390829
1f1db625,0.0011429247
44b7e093,0.0011303513
d38c317f,0.0008381599
73b177a8,0.00073636574
b415d1d5,0.0010966858
cb039d77,0.0010265831
64262bd1,0.0010698497
ab1f1fc4,0.0008840195
1a6fd42d,0.00086218666
ec387b9e,0.00068051676
0dc3ce46,0.0008679967
af94ff43,0.0007851487
ed3f8c01,0.0012698409
bdd25fc3,0.00077465613
f6c438d8,0.0018033235
cfc6799f,0.0011298443
a2b7a389,0.0008697361
c048d23a,0.00097663
41c372a5,0.00076495763
8f422763,0.00094279385
0302d9d6,0.0012726627
857ba1cf,0.00077118265
15e1fd1d,0.0013038601
d9dac5e7,0.002415559
7ce04c0d,0.0012687686
e550cc71,0.0006436574
4393b9f5,0.0011279624
003ad13c,0.0012579503
18e88de1,0.002782385
88a770ea,0.00058620726
c906e81e,0.0011462774
451e4b44,0.0008921522
e82d3b98,0.0021880816
eaf32b33,0.00061990897
0797641d,0.00072730536
b9f1eebc,0.00065440405
f9ee78d2,0.0011790099
30464760,0.027707083
529068a5,0.001360534
3f98db21,0.38594112
cbfdb60b,0.0020018294
e0418aac,0.0008473534
fa31d5b4,0.0006711771
d80dd917,0.0022267555
91cf3057,0.0010285323
d0447473,0.008918562
47130799,0.0024732207
fdbd5403,0.0009554246
f8106c98,0.0066723307
9fb3581c,0.00068123185
2c9a5ceb,0.0009643224
625b4d2b,0.00097421923
99b3e9ad,0.00079718523
2865ec1a,0.00060594024
25e7d69c,0.0006939281
9dd35f38,0.0014447737
1c957c4f,0.00076029554
217a5661,0.0006880892
452449f9,0.00082481967
2a7f5991,0.002943571
4ff1b907,0.0006251247
d1fb9240,0.0033415887
7570595a,0.0008107453
42b5ff8c,0.0007710019
5bd838bd,0.0010050357
b8e0a6cf,0.0005764172
a60928cd,0.00071953336
c3daaffb,0.0010201077
0f9e6827,0.00081128516
560c23e3,0.0010581979
ba0630f7,0.0028127413
e1317f40,0.0012197318
3a583bb5,0.0006581113
8f311f77,0.001253603
e1ffc450,0.0017986352
df85a5f2,0.0010885254
1b180ed8,0.0007112273
1ced27ff,0.0012358044
0ed115f4,0.0019104687
c8f0c56a,0.0011297539
cafc240f,0.0010485466
ac2d7fd3,0.00063974294
5fb9f40d,0.005129527
50b63f86,0.0008796188
331f38ef,0.0006700829
c51f22d8,0.0020953105
cba900d1,0.0022308042
89e9c6f4,0.0010402189
aa3e3018,0.0012342515
beb430d1,0.0022148895
67777c54,0.00065927935
723f8977,0.0010763895
f77a037a,0.0011352915
54f45521,0.0010244932
4fd2a328,0.00081703113
c0b2255f,0.003723806
ea25a5e0,0.00093443267
3df1eb52,0.0009096053
5806affc,0.0009869721
797a74b9,0.0005859187
4367ade1,0.00069264864
1cc03f5d,0.0005129757
fad899c3,0.0008045212
cb48a9e6,0.0009109661
15f49c71,0.0013683197
e7ed4582,0.00069883885
41d8bb96,0.0026827098
4e51ccd6,0.00093127304
c2d6d03f,0.0013323621
ef31823d,0.000662693
d5d6d48d,0.0043881703
80f7595e,0.0007449087
fe0be6b7,0.0013593897
06578456,0.0030358573
56556d96,0.0013793802
0c0fcc86,0.00066416746
ccc3d7df,0.0010734602
f9fe3233,0.0014873163
b85b6510,0.0012560472
3ec37348,0.0007632704
343f6c64,0.00057231577
aac9d8ae,0.000886727
781befc1,0.0009294912
8e295c38,0.0008222622
a5aa504b,0.00077090046
ddcae6d5,0.0015264598
ef931e02,0.0011175228
2caf7dfe,0.0008113261
ccc1c4fd,0.00077513873
62ae080d,0.00091693026
f64af8c4,0.0020662025
a994c805,0.0008712382
b5b08ab8,0.0007184237
3cc3882f,0.0021906819
5e71e7a8,0.0007827869
395eb351,0.00069294375
e02decbc,0.00095864566
c4e54ec9,0.0013790749
acd55c11,0.0028051347
d5ba0bb6,0.0016184102
a52ef7cf,0.0013460193
5dbd3b0f,0.0012696824
b830eaed,0.0033961749
3d2d7544,0.0016880367
37e4ee70,0.0016254414
498ee526,0.003021985
fdb31e21,0.0007387942
ccb16464,0.0006110872
4ba524e0,0.0006859158
1cacbefa,0.0025584823
be54dbb4,0.001295583
be1cefeb,0.00078777707
9874850d,0.0045902194
d9080317,0.001766812
ae465aa6,0.0007556594
c35c9ba2,0.0028754482
a0494495,0.0014809121
874fe0c1,0.0009706865
03fca9fe,0.00082561694
651da863,0.0012366334
53287286,0.0007522337
63ee96fb,0.0011594351
0f81f260,0.0012197666
7db05b11,0.002920481
043ce9f0,0.001447413
4795a72a,0.0008775009
36402348,0.00095913163
06c69e9e,0.00096332055
aeb07eba,0.0020964006
57aaf325,0.00079926325
455d821a,0.0016278357
53e104f1,0.0006713223
ee59281a,0.0024595906
47c3437b,0.026374172
9c1886de,0.0007586859
c85c5390,0.00059097057
620bf918,0.0010845291
0a591171,0.0009819069
adb74d31,0.0013860759
cf8cf796,0.0010910424
3337f439,0.0007044063
d6a43d4c,0.00064725295
110ffa3f,0.0022190474
05fabb65,0.0013225361
f5bc75cc,0.00079824607
0dea9845,0.0015447764
d42564e6,0.0007200626
813c9389,0.0006428681
a241a1cb,0.0013545327
a44ce453,0.0010385049
c05e2bcd,0.00064484763
6a6cfa69,0.002275863
be01787e,0.0008031558
95d32344,0.0013682526
31780478,0.00079380855
07e96ed0,0.006397756
d63905a8,0.0008827758
d731006e,0.0008360226
e7c34591,0.0008173103
f6d23f1c,0.00068823405
7adca78a,0.0019391793
1ba693c9,0.0007444435
41254f9f,0.0012930372
d704f131,0.00081439846
561b3555,0.0010370768
0b2e0f4c,0.0010880932
941f8240,0.0018400713
2c779bed,0.00067790906
ee5c8b3c,0.0008062484
90e645f8,0.029792907
99406682,0.000903501
3b4f5e1c,0.0032384496
f69b01aa,0.0009751432
81ed42be,0.0008243592
07c193ae,0.0006147901
fca92be7,0.0022880677
5ea73508,0.0013505124
041231d1,0.0020426996
811aa6d4,0.001460623
d3fbd98d,0.004591943
7e0a68a1,0.0007031005
1a0fea7b,0.0011133548
8167cdce,0.0016664856
9cb79dd3,0.0008452994
c2bbe7a5,0.0016243444
10421c5f,0.00075880595
c8364f20,0.0028600052
c7791da5,0.0007543187
56ac8c1b,0.0007560955
0bc22ca1,0.0012315965
aa1d8377,0.0026530444
f47aa369,0.06835973
e1205310,0.0019151188
d105ca90,0.00088651583
8a9ff14c,0.0012015096
9492d680,0.0010594537
9a5bc227,0.0014396748
6a6573a9,0.00072764984
c24b6e38,0.0038106327
eca41dfa,0.0011788252
b405aabd,0.00081645907
447faa37,0.0009691266
3834e5a1,0.0023504861
4e6988c5,0.0017522626
e2d3df3f,0.0031941026
306391f5,0.0015539445
f944776d,0.010587549
1bd3b279,0.0013937153
b20f9e74,0.0006472264
29769726,0.001302204
c540c673,0.0075529977
3b7c2f1a,0.0017322461
e5839895,0.00087886734
ac2f7a35,0.0007168353
b7b88b9e,0.0006189272
432edd32,0.0010862113
e0bdc7cd,0.00055745034
37a09793,0.0010781803
448fb3e8,0.000989165
d97bbd28,0.0006662132
22b6c627,0.00055515365
bc5f7be3,0.0006423062
8a7b302d,0.0011388643
00e4217d,0.0007386851
731233d9,0.0028804275
560524e5,0.0008763624
b23f877d,0.0013224907
aef24e7c,0.0007955601
74b3ec0d,0.00068318
0b4e1639,0.0011097736
f13569de,0.00080427364
72d61f96,0.0007612965
60ca8d79,0.0018126027
6dcccbd8,0.00097824
2de04b3b,0.0011749101
f79b6e89,0.0020581
817dc619,0.0020522752
2ecd293c,0.00950098
3eb7a31b,0.00092566444
364ed77b,0.0015068293
245b0aa5,0.0036078328
44ffef3f,0.0005210271
3d847387,0.001529259
699e874d,0.00073698524
7a297c80,0.0013467387
24d01d2a,0.00088839175
a0d983de,0.0010393165
a40ba23a,0.00083492795
29974ad5,0.0023876454
658c5b59,0.00060486817
f44cc09c,0.0011048655
74a83b52,0.00093507936
827fac83,0.00071497756
57e622b1,0.00115835
c77b38a5,0.0009536635
c8102305,0.0019515733
06a2b3f8,0.00078693335
d5a601b2,0.000839896
3a6752cc,0.0012965668
684d02ec,0.0017345664
9e724dc3,0.0013533578
ec3f14d8,0.0006061777
975f0b24,0.0035117152
1fd6db40,0.001197271
c3888628,0.0009798912
2a4f668e,0.0008674568
eaa4575f,0.0014455444
40c62e49,0.001036338
c35318c2,0.00067029684
73b6fae6,0.00079873676
df8a378d,0.0016555262
eff47ed4,0.0008474034
7a314dda,0.0014234458
8c9c51f8,0.0010450707
912fe5ac,0.0012939342
f4f97afc,0.0012703756
d99b2a1b,0.0016619429
606ba6b7,0.0013894148
2b0308ca,0.0010321563
19f77cd2,0.002855388
351efff9,0.0022097025
31fda440,0.0007075587
c687c0b2,0.00088215945
75c5ed9d,0.00093605666
d2a5c866,0.0010674283
e4ea818d,0.0011025219
2bc3d0e0,0.00077072054
8e0b5035,0.0020931081
afe59f44,0.0006317189
a04a8cf1,0.0031477637
4e023e11,0.0015716449
aff243c3,0.001252567
82a11db1,0.0012461849
9191f11a,0.0008650038
3894336f,0.0014203057
5cd26498,0.0008754881
320b82e4,0.0015939538
133d3042,0.0010694436
6df57937,0.0008378972
a0c99998,0.0010329369
3ad2e75b,0.0010249302
f24090b0,0.0015534866
bd691193,0.0017005209
79852e56,0.0011534957
26b37905,0.0015700684
12985dde,0.0020497679
3d8f7708,0.00082925457
b2730291,0.0011991321
9db54029,0.99965537
3dd1e99d,0.99973387
68d0cf15,0.99974245
ddb87df6,0.99968493
6a6c7671,0.9996952
6fe94c70,0.99958676
56ddb25d,0.9997451
fd527c3a,0.99976
31dc79e9,0.9990287
59f72844,0.99977905
2044a786,0.9991756
de8696b0,0.9997596
537d6b90,0.99976903
de782f65,0.99971193
4e2a3532,0.99963295
9cc9bc58,0.9995684
0c8413fc,0.99916136
92d3d461,0.999744
64ce268e,0.99977726
03b4474f,0.9996823
096dee6e,0.99965143
0f4a8ee0,0.18201421
e9f84a19,0.9996395
9a37c208,0.99977285
02fe915a,0.9991769
ef04bc28,0.9997732
943e2303,0.999371
ff301c80,0.99975854
97cd536f,0.99974114
80e5c896,0.9997706
b8073dbe,0.9997179
d78a81d3,0.9997309
0b64aef8,0.9996532
1e296f93,0.99974734
77b1bd41,0.9994863
dc52bccc,0.9992162
9ab85aad,0.9997429
e2b28415,0.9967265
d1dec370,0.3664129
61c603c9,0.9995821
51452f06,0.99880266
27cde887,0.99974054
91d59d03,0.49362582
3e86e62b,0.99968445
bff06c62,0.9997706
22f67515,0.99972254
f4b887ec,0.99974245
e7c9e112,0.9997162
756db524,0.9997342
53c2df03,0.8560243
0cf00b79,0.9996265
8d192db9,0.99976605
1dbfe3a8,0.9997185
5e63653f,0.92512155
980dd011,0.9994618
b21fda65,0.9996939
d29e4698,0.99955887
af0e6bef,0.999759
1a8d6562,0.9997725
2890fc1a,0.9996501
bff19354,0.99975055
4398e4ae,0.999739
b4ed5897,0.99965584
f233a044,0.9997447
5cf16b18,0.9997794
adcdc82f,0.9997805
d0490147,0.9997551
c6f3d358,0.9996026
bea965db,0.9939931
2d897dc2,0.9995023
f5ab30ef,0.99958736
db3d0b50,0.9975623
c5a49afa,0.999619
9e134796,0.99961096
f987fcdd,0.99967194
d31c4739,0.9997086
5812396f,0.9993773
6d79ca38,0.99976224
e7c159b9,0.9997806
29ea02e9,0.9997578
c8fd663c,0.9995851
1d13d5f8,0.9995542
954fca34,0.99975485
ef857210,0.9995969
7cd5d77a,0.9997508
7ee6ad7a,0.9637077
3658aec4,0.9995902
b5372eb3,0.9996892
8b4620da,0.99975437
b8a2a14c,0.9997458
4b534b23,0.9996908
202b100a,0.99973184
c7776b73,0.999678
115c2402,0.99975973
922e2165,0.9997453
7607abe8,0.9997017
bcb32e24,0.9997327
f8b6640d,0.9997676
435f4d1f,0.9997569
ce4709ec,0.99974114
0eac3d2e,0.99961406
9ecaf24f,0.9996984
41024138,0.9997472
85e29df6,0.74443597
194bbc51,0.9996624
7fb15c07,0.9997551
6c56b1fa,0.9955077
10ecec80,0.9997452
3f341353,0.99967563
c9b0b6c3,0.99959713
a78fee87,0.9995347
30396951,0.9996846
f208fe06,0.99972886
e939dae9,0.9990747
fb9a1aac,0.99967146
1b2983b4,0.99977726
e00d2e97,0.99955255
6a0c03f9,0.99966395
5355fc61,0.99970824
23e52ce0,0.99973947
95c00c48,0.99954873
584cd782,0.99970657
c2f46856,0.9991233
1881be8a,0.9996233
12308f3d,0.9997589
9ab54e82,0.8390056
6e91c599,0.9996296
96490c46,0.99974996
6786293f,0.9990293
606a8d14,0.9987374
ae6f949e,0.99968684
899abb00,0.9997166
c00a5b83,0.9997688
e575e088,0.9997584
762bdda4,0.99973434
dc222db5,0.9996026
1f7b0baf,0.9996045
b48daf90,0.89378774
1d6e58db,0.9997003
2242b7cb,0.9997813
4b9fadde,0.99973804
7ab5762e,0.99973434
d3cd2bfe,0.9997179
a351bd93,0.99971706
40066bdd,0.99959
d2b36a63,0.9994147
1de86735,0.9997254
d2de1eee,0.99950147
9baec54e,0.999658
6078cf16,0.9997495
461bb014,0.999747
e18c8a4e,0.99974257
bc9b507f,0.9997483
6fefaafd,0.99963987
5e224f44,0.99970275
d9eeb366,0.9997807
3d63757b,0.99972636
c4b61172,0.99973637
3d9ea0b1,0.9997421
5d2bc963,0.99974483
dc2a385d,0.9997341
41eb3bb3,0.99976176
23624a22,0.9997507
6b9492f2,0.9996953
475ca509,0.99970907
3dedb07c,0.9996896
ec3ec70b,0.9997272
ab394045,0.99917525
a92796d4,0.997976
00497430,0.99974173
74cd2b3d,0.9874176
c05ca13e,0.99975973
52b04436,0.9995018
12b1305d,0.99977237
1c7d886d,0.99974567
df968c33,0.9996505
ce386e99,0.99977416
2ef851b1,0.98061717
ceb70ee0,0.99957734
e74ba76d,0.999754
fec5f6c3,0.9997105
c0fce4f4,0.9997528
dba4d769,0.9997174
1c52e7e7,0.99961567
2df67edd,0.99975246
35dc760d,0.9996296
1288cdd0,0.9997304
e545faba,0.99975127
6d5abce5,0.99958974
a164eadd,0.99949527
5b1f9aff,0.9997725
30d3b111,0.9997274
964e578c,0.9996443
75d8e77c,0.9997758
0df53806,0.99883395
0f90dc27,0.9997284
e7388d8c,0.9996276
283debc1,0.9997739
2a7aac5c,0.99959475
572adb4c,0.9996705
ce1ab601,0.99977535
20b04adf,0.9996056
23ed6d4f,0.99970907
5b2e869e,0.9997341
5e5e518d,0.9996766
45bc82de,0.9990239
b83b25a4,0.99962807
a7636ebf,0.9997634
bbce4b2d,0.9892485
483d241f,0.99974126
97ec91cf,0.9997098
0d4b1c2b,0.9706924
3ffcf9dc,0.9997049
f4712bc6,0.99921894
ec9fcaf2,0.9987859
b359c0e3,0.9997242
72e29437,0.99977726
4f53a8ff,0.9997322
b298f1ab,0.9996432
bd0ac301,0.9997745
d87b95db,0.99892443
5999ffa5,0.99960536
6e9c7dca,0.9995808
8e2fc3c1,0.999493
d8b0891e,0.99970275
3a2e0f50,0.99951303
650fff84,0.999579
447b20ae,0.9996518
47a13107,0.99337137
cc7f1e7a,0.99968064
96b0bbbd,0.99734217
12fec4d3,0.9992242
86893c53,0.9997501
528e48f1,0.99977523
f29f36a9,0.99976426
981ffd35,0.9997738
bf9a4d43,0.99973816
21b0da99,0.97639036
eca4950b,0.999749
f4601ecc,0.99975103
6fdb4835,0.99975497
d1b83f94,0.9996792
cdff3a7c,0.9997441
4da1cdc5,0.9997619
790de95a,0.99971145
0574d7fe,0.9997019
fa89f224,0.99972516
18249738,0.99972326
204a0e54,0.9997286
43bf78b8,0.9997482
94e10e60,0.999734
9a8e1b11,0.9997794
2b675ad9,0.99966633
a8fa9083,0.9994875
dee75018,0.9997087
028d2470,0.9997055
c26d4a76,0.99970585
71d9639d,0.9997384
c10d20b1,0.9997758
d564778c,0.99975115
23c7d5a6,0.9996306
c3ea3344,0.9994918
20afbf30,0.99961483
72f79836,0.9997434
1ebace0c,0.999647
62d1fd53,0.9996978
11874e6b,0.9993617
ad57f3ef,0.99971193
2fe9837a,0.99973947
8100d004,0.9996018
82e92f31,0.99971634
16299a10,0.99977475
0f4b0cda,0.99970347
71aaaba4,0.999741
16c6d18b,0.9399464
ee6d00d2,0.9997261
794deea5,0.99965537
30c09716,0.9995233
066dc5ad,0.99918765
d94044ae,0.99943084
5133031e,0.9997832
94c27f49,0.9997608
2ac8f4e7,0.99933547
0c65d80b,0.9994435
884bad8d,0.99964976
8d04ec35,0.9996624
4df065d5,0.9997043
d03e1d22,0.9997261
0614eef1,0.99951065
f0e30954,0.99972934
55c619b5,0.99977833
a216a4a3,0.99977237
0b828b14,0.99898
34d61d4f,0.9993824
05f968f2,0.9997484
2eff998e,0.9997311
fbc2f67c,0.99973506
a735661e,0.9997379
42274cf0,0.9997578
7100a522,0.9997683
5259a02e,0.99967766
c166ff01,0.9994729
b2ce9b58,0.9996031
ab07fb72,0.99972576
94ed78fe,0.99978465
c2d6c819,0.99952316
0d8b81bf,0.999749
4ae3e929,0.9997634
f58f0f61,0.9996741
f70d92e4,0.9970656
60a2d625,0.999723
62d84e7c,0.9997371
5136138a,0.9997613
dd5b0b77,0.990921
9dbc7f5d,0.99977857
94efe7a2,0.9995679
195b7da3,0.99975175
3617edd5,0.99974495
a2a48836,0.99963236
bfd9a6ff,0.9994092
24de583f,0.99970645
2ece3b6e,0.99962616
f7b19610,0.99961346
d79fd86c,0.9997465
958353ab,0.9996995
8b879402,0.99976736
09c23c1e,0.99950814
d01b32da,0.9997354
716919ab,0.999759
3ac9979c,0.99973446
831bafce,0.9997521
8bfc3b44,0.9997764
e3287402,0.9946538
90b6b62c,0.99881315
5511c76b,0.99977154
91784f71,0.999338
4bee0354,0.9997454
3b04df36,0.99975497
b4a56d87,0.9997187
1b41183a,0.99975246
a5dd5320,0.9991227
869dd62b,0.99946755
70bbfc55,0.9996805
a424a58a,0.98867387
3f8c5df1,0.9997693
511a491f,0.9994885
e825c495,0.9995301
aeb221b3,0.9997167
f09af0cd,0.99964786
eb18e048,0.9995216
ecf8d84f,0.9997254
98ff1464,0.99976295
4c90809d,0.8983575
d6cc024e,0.99971837
e9595a15,0.999764
2c860428,0.99977785
b9acfc2b,0.9997373
ff219885,0.99973387
e754db07,0.9997342
d74c1b7a,0.99960214
78331363,0.9996762
2661955b,0.9994666
fae4e687,0.999673
c99cb058,0.9992893
233068d2,0.99906677
55322687,0.9996074
75469bde,0.9990576
20718c1e,0.99973387
3e8357b7,0.999605
b84401e4,0.9997507
662f176d,0.9997062
e75248c7,0.9997243
373d0235,0.9994698
71ce3e9b,0.9994955
637041f8,0.9925397
ccea81b7,0.9994605
10d5da3c,0.99944717
8e9bff8e,0.9937941
45b0fde3,0.99965465
c83c4768,0.99962854
df3b1a1c,0.99757963
0e7d8a5d,0.99921966
2a913434,0.9996768
6921fa5a,0.9994844
d4d8e61d,0.99960035
ffb2e60c,0.9993191
dfb83501,0.9991653
270518ba,0.9995346
ef427bf1,0.9994548
8ec54b06,0.9997155
1258adcc,0.99967885
f22728ce,0.9974819
050dd915,0.9997261
fb64e497,0.9997553
e862ca95,0.99966085
34a9f099,0.9994821
4bcf9fef,0.99972767
2a886965,0.9995018
9d0a7191,0.999647
d327dc32,0.99918765
13753da9,0.9996537
deae032b,0.9982534
23c53c33,0.9997068
414fa2e0,0.99968135
fffd5bb9,0.9994597
820ba33a,0.999298
2fbabdd9,0.9982169
07687ee1,0.99942636
bfcc3c02,0.9995566
30bd1a3b,0.999736
4c87afc0,0.999592
4e13a72c,0.99972266
f5cc8faa,0.9995245
6a56c272,0.9993709
5921016e,0.99972564
22bf1415,0.9962723
ef923bcd,0.99965143
3d8fa2c1,0.99967396
79a52896,0.9989827
90a52c92,0.9993973
d988e55f,0.99961567
763bfa3e,0.99881494
c31aef55,0.9997526
d9c269de,0.99818087
048fd566,0.9997285
98acd6c6,0.99945134
17b3514f,0.9994299
fea21b40,0.9993807
e1f994f6,0.9996617
4a655ad1,0.9993826
4ad5c5c8,0.99964035
226e1546,0.9997284
6e707f22,0.9995913
afc8fc8d,0.99954814
851f71bd,0.9994715
81a5c540,0.9997545
b95caf92,0.99973315
806b4a50,0.9996462
ca5dea28,0.99929225
8d62cdf3,0.99950373
ff333b6f,0.99946827
aa58afb3,0.999316
49fdcea2,0.9996118
06c4dbc8,0.9996742
33363abd,0.9996855
357468b2,0.9997495
3361c986,0.9993254
506249a4,0.9987507
bc45f2b9,0.9997002
8f40c590,0.9994918
4db01379,0.9992512
bee7b261,0.9996209
15984458,0.999744
cfb2db98,0.999534
43cb2b02,0.9995877
b3bb3eb4,0.9995447
abec0e42,0.9996798
cc2fdfd9,0.9997174
d8545db5,0.99972934
11e31ecb,0.99973994
6835cf9b,0.99945396
80d49d7b,0.99959904
b73ea90d,0.9994979
cd55b7c4,0.9995832
1a8654dc,0.99961025
a1f1808d,0.9997336
0dfceec4,0.9967661
a57df6b1,0.99968064
730c18fd,0.99972767
bf15703c,0.9991314
41fc1bb3,0.9993394
7d1a1c2b,0.9995857
6cc16f30,0.9994153
95292cb9,0.99918574
f6724d8d,0.99965644
e80c9050,0.99931705
6631b4aa,0.9997261
6f44b138,0.99924374
68444966,0.9994875
253e23c3,0.99971575
4a0b2773,0.99969363
4c7f2ff3,0.998944
0c039efe,0.9997423
29ead7fb,0.99884254
9201de1c,0.99951005
0bc8bf3a,0.99957484
ea8c9294,0.9996793
4d05b165,0.9995833
2e059656,0.99961287
9c3a45a0,0.9997439
da7e82dc,0.99973494
31ad73f6,0.9994947
c218236b,0.99897975
f7cb886b,0.9989115
02d77f2b,0.999754
2f223722,0.9996697
f1dced12,0.99922705
2e194616,0.9934
d042b9d7,0.9994634
ba96649c,0.99955946
5adc7cb9,0.99932945
9d050e91,0.99525636
4d99318d,0.9994823
a42967f9,0.9993855
9f60d92d,0.99950075
4aa01fcf,0.99839705
9ef62940,0.99927896
b738f094,0.99970263
88434965,0.9996338
606edb60,0.99972147
5bc4db59,0.9997278
df9237e5,0.99966276
3287e7a6,0.9993006
78d2f962,0.9992712
b46dbb8b,0.99972135
64382e28,0.99974805
212fe27c,0.9997062
fc308765,0.99938226
9a76c370,0.999666
1057eef1,0.9997094
462895fc,0.99942136
54c51da7,0.9991227
8366b913,0.99962854
5e4f21de,0.99941075
713849c2,0.99951303
7c6f717f,0.99972874
c15f6ce8,0.9989417
45270ccb,0.9996898
0151ec8b,0.9996283
55d70112,0.9987985
afb00235,0.99969995
263d1e26,0.9996176
8c3923e4,0.9993352
a0dd1f92,0.9995567
9e4e389b,0.9997186
d05d9a6e,0.99965847
e4f3619e,0.9997509
1f8449a4,0.9997291
7afc5aeb,0.99960107
cc147f3f,0.999624
de536713,0.99972576
d28a44fc,0.99965405
8847dd68,0.9992919
f2b6240b,0.999616
a6dadb0d,0.99974316
72e202ae,0.9992982
ea37e9a7,0.99326515
e323db39,0.9996182
34a78bf5,0.99943453
f73e02d3,0.9994986
dc083dba,0.9996201
62120790,0.9985139
ce09930c,0.99966776
a175996f,0.99959
d1ef09ee,0.9997441
c6a61b01,0.9996481
c2453d48,0.99951327
acfa3e47,0.9996668
cc7e4f7b,0.9997068
1ac9ded1,0.9995291
29ccf5a8,0.9957088
cc8a3ce5,0.9992818
a2bf2d0e,0.993156
80891a86,0.99957615
440bef71,0.99966574
c8d66a6b,0.99968326
51822f84,0.9986166
580c5c2e,0.99968636
f4aa0da4,0.9995716
43e5a59b,0.99884665
31ffe6cf,0.99935216
b8de3547,0.9996401
1f84916e,0.999754
5045a50f,0.99962497
30c66541,0.9995433
a388fc41,0.99967945
56db7f46,0.9995733
1cc9644d,0.99947494
a194c102,0.99965286
185bbfba,0.9996916
dbf58a84,0.99974924
e561a920,0.9982407
b06d7466,0.9996902
aad56157,0.99963486
511ff78b,0.99968946
e38a9f9f,0.9997631
90fcc510,0.9994703
f1236b16,0.9996426
cd8a2506,0.99918026
d70ee75d,0.9324039
ad1f1ed3,0.9994874
ad6f1e7e,0.99970657
0bb07a61,0.9990858
9e22e53f,0.99847645
4d844701,0.9995414
3128a432,0.99941826
4c71ff6f,0.99972194
2682c527,0.9825851
911414bc,0.9997156
008c5590,0.9479897
a01a63fc,0.99972826
d2e008cf,0.9997316
04a61e58,0.99715924
ca8a80e8,0.9992206
b643582f,0.99954116
df5586b2,0.9995541
dd419d83,0.9997267
186e5078,0.9993303
28473590,0.9997447
0c3a160e,0.99941516
70dc1dee,0.99915516
22e657f9,0.9997305
20c02dcb,0.9983491
acf85198,0.9991904
fe1c64b4,0.9996978
fd1c45f2,0.9996979
f5ff800b,0.99963427
1a0f049a,0.999332
b9ed2536,0.99742234
6e523061,0.9996276
0c0f069a,0.9996592
7046a883,0.9996222
258d0b9b,0.9996706
71ee3e72,0.99969006
82346622,0.999721
62570b7c,0.9848779
e4c6e4a0,0.99973065
b2807931,0.9979709
57102a69,0.99972945
37e05bf3,0.9995104
e151860a,0.9994492
4f5b1ef4,0.9991893
1bd48f32,0.99965656
a3e91e19,0.99955493
de285eba,0.994531
6507a8a0,0.99923086
da68ea58,0.99971575
87860b13,0.999706
200c1a69,0.9997197
c41efb84,0.99811244
4e3302a5,0.99865025
e19e729e,0.99952555
0212f50b,0.996795
445eee97,0.9997296
ce415342,0.9997008
1a2c4ec2,0.9996013
b16236b7,0.99956757
a474b56d,0.99970406
8c6e3ad1,0.99935955
7ce45e47,0.9996582
7cfb7cd3,0.99938786
67802e49,0.9996648
389ffe00,0.99974793
2b32948b,0.999653
0da595ce,0.9995832
304efe90,0.9995801
1b660b4a,0.9984931
33278635,0.9996673
342fc88d,0.99968576
dd8ddc6b,0.9997521
ae1776e2,0.9997161
2565c142,0.99960095
4fdd41f6,0.9997261
dd75a707,0.99954057
a6c0bd1a,0.999648
4118fd52,0.9997483
a7d2da90,0.99957365
7061c151,0.9995534
ed234fac,0.99942976
4f2481bb,0.99966776
4e152e8a,0.99887115
a465fdcc,0.9996929
3693f83a,0.99971896
cd7e3123,0.9996972
acdb55c6,0.99974924
bf84bfb7,0.9939659
c33d2228,0.9994929
3cb1a66c,0.9946015
06ad70a1,0.99952936
924fecb9,0.99975663
a5f9ad7f,0.99952996
8a19608d,0.9996935
4513c552,0.9987307
caadfcad,0.9995407
43f4dd7a,0.99770725
bf51764d,0.99976045
321b327a,0.9993187
151bcf24,0.9996619
e9aa9d9b,0.9996302
c5c1b9a7,0.9995369
16da8d99,0.99965394
91c1527e,0.994948
06b101f2,0.99941766
c2203076,0.9997081
6b2a67b9,0.9983171
0b4720c4,0.9996779
0e0dfa27,0.99933964
30b5074b,0.9995541
3e200958,0.9978642
3c3a4a0b,0.99925584
9cb905b7,0.99927324
05d9f852,0.9995443
dbc4088a,0.9996388
309cf622,0.9996332
2d17798d,0.99968576
